customer_id,last_purchase,frequency,monetary,recency_days,r_score,f_score,m_score,rfm_code,rfm_segment
C00003,2025-05-15,1,108881.24,231,1,1,2,112,Обычные
C00004,2025-11-09,2,110543.86,53,3,2,2,322,Обычные
C00005,2025-03-22,2,18747.15,285,1,2,1,121,Обычные
C00006,2025-07-14,1,37071.78,171,2,1,1,211,Обычные
C00007,2025-11-15,2,114842.41,47,4,2,2,422,Новые/перспективные
C00009,2025-06-10,3,554222.8300000001,205,1,3,5,135,Крупные покупатели
C00010,2025-12-15,2,87394.97,17,4,2,2,422,Новые/перспективные
C00011,2025-12-23,2,135656.25999999998,9,5,2,2,522,Новые/перспективные
C00012,2025-12-04,6,133018.59,28,4,5,2,452,Лояльные
C00013,2025-12-26,2,359687.45,6,5,2,4,524,Крупные покупатели
C00014,2025-02-21,1,10864.27,314,1,1,1,111,Обычные
C00015,2025-11-08,1,1762.1,54,3,1,1,311,Обычные
C00019,2025-12-12,6,703948.61,20,4,5,5,455,Чемпионы
C00020,2025-07-04,1,11187.72,181,2,1,1,211,Обычные
C00021,2025-04-14,1,677.36,262,1,1,1,111,Обычные
C00022,2025-12-21,8,924081.28,11,5,5,5,555,Чемпионы
C00024,2025-12-26,9,547338.41,6,5,5,5,555,Чемпионы
C00026,2025-10-05,6,147031.28999999998,88,3,5,3,353,Лояльные
C00027,2025-10-20,3,248225.11,73,3,3,3,333,Обычные
C00028,2025-03-04,1,146887.53,303,1,1,3,113,Обычные
C00029,2025-12-22,4,650760.6,10,5,4,5,545,Чемпионы
C00030,2025-09-15,3,160928.72,108,2,3,3,233,Под риском ухода
C00031,2025-12-05,1,28036.56,27,4,1,1,411,Новые/перспективные
C00033,2025-09-02,1,73556.43000000001,121,2,1,2,212,Обычные
C00034,2025-08-20,3,192045.84,134,2,3,3,233,Под риском ухода
C00035,2025-11-16,1,13412.45,46,4,1,1,411,Новые/перспективные
C00036,2025-05-01,3,212852.91999999998,245,1,3,3,133,Под риском ухода
C00037,2025-12-19,5,630741.3200000001,13,5,4,5,545,Чемпионы
C00038,2025-03-17,1,37840.42999999999,290,1,1,1,111,Обычные
C00040,2025-12-28,6,776117.62,4,5,5,5,555,Чемпионы
C00041,2025-07-05,2,98548.71,180,2,2,2,222,Обычные
C00042,2025-05-07,1,157558.04,239,1,1,3,113,Обычные
C00043,2025-12-18,8,1450205.03,14,5,5,5,555,Чемпионы
C00044,2025-12-18,1,24072.5,14,5,1,1,511,Новые/перспективные
C00046,2025-05-30,1,15724.310000000001,216,1,1,1,111,Обычные
C00048,2025-12-11,4,475243.59,21,4,4,5,445,Чемпионы
C00049,2025-07-20,3,190484.02,165,2,3,3,233,Под риском ухода
C00050,2025-04-20,2,66346.76,256,1,2,2,122,Обычные
C00051,2025-07-15,2,279085.58999999997,170,2,2,4,224,Крупные покупатели
C00052,2025-12-05,4,443265.55,27,4,4,4,444,Чемпионы
C00053,2025-09-19,4,418560.68,104,2,4,4,244,Крупные покупатели
C00054,2025-03-28,1,172301.58000000002,279,1,1,3,113,Обычные
C00055,2025-01-24,1,8105.76,342,1,1,1,111,Обычные
C00056,2025-12-04,3,278500.88,28,4,3,4,434,Крупные покупатели
C00057,2025-11-30,7,857181.66,32,4,5,5,455,Чемпионы
C00058,2025-08-11,1,240695.05,143,2,1,3,213,Обычные
C00059,2025-10-11,3,18956.739999999998,82,3,3,1,331,Обычные
C00061,2025-02-11,1,94388.82,324,1,1,2,112,Обычные
C00062,2025-09-07,1,79370.87999999999,116,2,1,2,212,Обычные
C00063,2025-09-05,1,58740.22,118,2,1,1,211,Обычные
C00064,2025-12-14,5,113986.61,18,4,4,2,442,Лояльные
C00065,2025-12-16,4,368184.43,16,5,4,4,544,Чемпионы
C00067,2025-11-16,4,579541.53,46,4,4,5,445,Чемпионы
C00068,2025-08-13,4,557764.1699999999,141,2,4,5,245,Крупные покупатели
C00069,2025-11-14,4,192947.85,48,3,4,3,343,Лояльные
C00070,2025-06-07,1,72397.04000000001,208,1,1,2,112,Обычные
C00071,2025-09-11,11,652427.73,112,2,5,5,255,Крупные покупатели
C00072,2025-07-02,1,39508.06,183,2,1,1,211,Обычные
C00073,2025-07-09,7,581184.49,176,2,5,5,255,Крупные покупатели
C00074,2025-11-15,7,269851.98,47,4,5,4,454,Чемпионы
C00077,2025-12-28,6,445726.79,4,5,5,4,554,Чемпионы
C00078,2025-10-19,5,541724.04,74,3,4,5,345,Лояльные
C00080,2025-09-14,1,33493.32,109,2,1,1,211,Обычные
C00081,2025-10-17,5,719614.26,76,3,4,5,345,Лояльные
C00082,2025-11-05,1,51633.81,57,3,1,1,311,Обычные
C00083,2025-07-15,1,134179.12,170,2,1,2,212,Обычные
C00084,2025-04-19,2,320584.72,257,1,2,4,124,Крупные покупатели
C00085,2025-09-13,5,877845.11,110,2,4,5,245,Крупные покупатели
C00087,2025-09-10,3,295199.32,113,2,3,4,234,Крупные покупатели
C00088,2025-03-15,1,386260.33,292,1,1,4,114,Обычные
C00089,2025-12-19,1,56269.39,13,5,1,1,511,Новые/перспективные
C00090,2025-12-02,1,7365.63,30,4,1,1,411,Новые/перспективные
C00091,2025-03-09,1,483.37,298,1,1,1,111,Обычные
C00092,2025-08-25,5,849233.76,129,2,4,5,245,Крупные покупатели
C00093,2025-12-23,4,208732.95,9,5,4,3,543,Лояльные
C00094,2025-10-20,1,20872.15,73,3,1,1,311,Обычные
C00095,2025-08-07,2,0.0,147,2,2,1,221,Обычные
C00096,2025-07-22,5,620797.32,163,2,4,5,245,Крупные покупатели
C00097,2025-11-30,9,1043408.86,32,4,5,5,455,Чемпионы
C00098,2025-12-29,5,834367.38,3,5,4,5,545,Чемпионы
C00099,2025-01-19,1,9522.23,347,1,1,1,111,Обычные
C00100,2025-12-07,2,192183.96000000002,25,4,2,3,423,Новые/перспективные
C00101,2025-03-26,1,41807.23,281,1,1,1,111,Обычные
C00102,2025-12-27,5,489192.44,5,5,4,5,545,Чемпионы
C00105,2025-12-07,13,926882.8,25,4,5,5,455,Чемпионы
C00106,2025-12-18,4,428037.56,14,5,4,4,544,Чемпионы
C00107,2025-11-24,3,115566.99,38,4,3,2,432,Обычные
C00110,2025-07-02,1,113263.45,183,2,1,2,212,Обычные
C00111,2025-12-25,2,55583.91,7,5,2,1,521,Новые/перспективные
C00114,2025-12-08,2,204466.02000000002,24,4,2,3,423,Новые/перспективные
C00115,2025-07-18,2,201921.28999999998,167,2,2,3,223,Обычные
C00116,2025-08-18,3,133673.0,136,2,3,2,232,Под риском ухода
C00117,2025-12-27,7,479154.85,5,5,5,5,555,Чемпионы
C00118,2025-10-05,8,443625.8,88,3,5,4,354,Лояльные
C00119,2025-09-11,3,386532.69,112,2,3,4,234,Крупные покупатели
C00120,2025-12-04,4,445665.27,28,4,4,4,444,Чемпионы
C00121,2025-07-24,2,259067.2,161,2,2,4,224,Крупные покупатели
C00124,2025-07-05,2,144864.17,180,2,2,3,223,Обычные
C00125,2025-12-27,1,36143.85,5,5,1,1,511,Новые/перспективные
C00127,2025-12-21,3,215660.44,11,5,3,3,533,Обычные
C00129,2025-02-15,1,77311.91,320,1,1,2,112,Обычные
C00130,2025-12-23,3,423919.56,9,5,3,4,534,Крупные покупатели
C00131,2025-05-22,2,3765.22,224,1,2,1,121,Обычные
C00132,2025-08-02,2,187735.61,152,2,2,3,223,Обычные
C00133,2025-08-12,1,45866.38,142,2,1,1,211,Обычные
C00134,2025-12-23,12,1561830.29,9,5,5,5,555,Чемпионы
C00137,2025-11-01,9,808704.6900000001,61,3,5,5,355,Лояльные
C00138,2025-08-26,2,213787.59999999998,128,2,2,3,223,Обычные
C00139,2025-12-13,2,126560.15000000001,19,4,2,2,422,Новые/перспективные
C00141,2025-10-24,4,508499.7,69,3,4,5,345,Лояльные
C00142,2025-07-26,1,41100.53,159,2,1,1,211,Обычные
C00143,2025-11-05,3,143904.56,57,3,3,3,333,Обычные
C00144,2025-11-30,8,308833.32,32,4,5,4,454,Чемпионы
C00145,2025-06-04,2,699262.37,211,1,2,5,125,Крупные покупатели
C00146,2025-12-16,5,223781.96,16,5,4,3,543,Лояльные
C00147,2025-11-26,4,152344.7,36,4,4,3,443,Лояльные
C00149,2025-12-22,4,258904.03,10,5,4,4,544,Чемпионы
C00150,2025-05-08,1,97392.36,238,1,1,2,112,Обычные
C00151,2025-10-24,2,225511.83000000002,69,3,2,3,323,Обычные
C00152,2025-11-01,4,334648.53,61,3,4,4,344,Лояльные
C00153,2025-12-31,5,284671.64999999997,1,5,4,4,544,Чемпионы
C00154,2025-09-18,3,200635.51,105,2,3,3,233,Под риском ухода
C00156,2025-10-24,5,684200.56,69,3,4,5,345,Лояльные
C00157,2025-07-09,4,124403.67000000001,176,2,4,2,242,Под риском ухода
C00158,2025-11-19,1,85177.01000000001,43,4,1,2,412,Новые/перспективные
C00159,2025-10-19,2,130688.87,74,3,2,2,322,Обычные
C00160,2025-09-25,3,172350.94999999998,98,2,3,3,233,Под риском ухода
C00161,2025-11-15,1,200694.37,47,3,1,3,313,Обычные
C00162,2025-09-08,1,85209.13,115,2,1,2,212,Обычные
C00163,2025-12-17,4,558812.88,15,5,4,5,545,Чемпионы
C00164,2025-08-11,1,594.33,143,2,1,1,211,Обычные
C00165,2025-10-23,1,115733.39,70,3,1,2,312,Обычные
C00166,2025-11-11,4,125586.44,51,3,4,2,342,Лояльные
C00168,2025-08-05,2,48945.520000000004,149,2,2,1,221,Обычные
C00169,2025-12-28,1,5685.06,4,5,1,1,511,Новые/перспективные
C00170,2025-10-03,2,136513.09,90,3,2,2,322,Обычные
C00171,2025-02-14,1,47728.55,321,1,1,1,111,Обычные
C00172,2025-11-30,6,725152.6699999999,32,4,5,5,455,Чемпионы
C00173,2025-12-15,2,237279.07,17,4,2,3,423,Новые/перспективные
C00175,2025-11-28,1,0.0,34,4,1,1,411,Новые/перспективные
C00177,2025-08-01,3,64133.880000000005,153,2,3,2,232,Под риском ухода
C00179,2025-12-22,14,1129022.3599999999,10,5,5,5,555,Чемпионы
C00181,2025-08-15,1,43019.520000000004,139,2,1,1,211,Обычные
C00182,2025-03-15,1,6710.85,292,1,1,1,111,Обычные
C00183,2025-11-28,5,425075.82999999996,34,4,4,4,444,Чемпионы
C00185,2025-09-19,4,137780.67,104,2,4,2,242,Под риском ухода
C00186,2025-12-31,25,1279183.04,1,5,5,5,555,Чемпионы
C00188,2025-09-21,1,22644.9,102,2,1,1,211,Обычные
C00189,2025-10-22,4,490502.64,71,3,4,5,345,Лояльные
C00190,2025-12-24,4,359243.09,8,5,4,4,544,Чемпионы
C00191,2025-10-18,7,694260.99,75,3,5,5,355,Лояльные
C00192,2025-06-25,2,334503.01,190,1,2,4,124,Крупные покупатели
C00193,2025-12-30,2,58084.23,2,5,2,1,521,Новые/перспективные
C00194,2025-12-24,6,643137.7,8,5,5,5,555,Чемпионы
C00195,2025-08-06,3,283869.82,148,2,3,4,234,Крупные покупатели
C00196,2025-12-29,5,169818.45,3,5,4,3,543,Лояльные
C00198,2025-12-24,3,868451.35,8,5,3,5,535,Крупные покупатели
C00199,2025-12-09,6,341882.23,23,4,5,4,454,Чемпионы
C00200,2025-11-09,1,133477.88,53,3,1,2,312,Обычные
C00202,2025-03-08,1,71020.71,299,1,1,2,112,Обычные
C00204,2025-12-09,2,364135.77,23,4,2,4,424,Крупные покупатели
C00206,2025-11-05,2,44865.15,57,3,2,1,321,Обычные
C00207,2025-12-11,4,311359.78,21,4,4,4,444,Чемпионы
C00208,2025-12-28,4,266983.26,4,5,4,4,544,Чемпионы
C00209,2025-06-25,1,234113.58000000002,190,1,1,3,113,Обычные
C00210,2025-12-19,9,581086.56,13,5,5,5,555,Чемпионы
C00212,2025-06-30,1,73854.14,185,1,1,2,112,Обычные
C00214,2025-03-07,1,167916.66,300,1,1,3,113,Обычные
C00217,2025-01-19,1,79988.91,347,1,1,2,112,Обычные
C00218,2025-04-14,1,950.26,262,1,1,1,111,Обычные
C00219,2025-11-24,5,291183.55,38,4,4,4,444,Чемпионы
C00220,2025-10-19,1,257068.35,74,3,1,4,314,Обычные
C00221,2025-12-28,12,926549.91,4,5,5,5,555,Чемпионы
C00222,2025-03-13,1,0.0,294,1,1,1,111,Обычные
C00223,2025-06-06,1,128306.43,209,1,1,2,112,Обычные
C00224,2025-02-28,1,61259.28,307,1,1,2,112,Обычные
C00225,2025-03-06,1,41627.05,301,1,1,1,111,Обычные
C00227,2025-09-25,5,363250.04,98,2,4,4,244,Крупные покупатели
C00228,2025-09-22,3,383987.4,101,2,3,4,234,Крупные покупатели
C00229,2025-12-01,4,996408.97,31,4,4,5,445,Чемпионы
C00230,2025-09-09,1,76580.91,114,2,1,2,212,Обычные
C00232,2025-10-25,5,213452.64,68,3,4,3,343,Лояльные
C00233,2025-12-31,9,664743.87,1,5,5,5,555,Чемпионы
C00234,2025-11-07,4,671944.53,55,3,4,5,345,Лояльные
C00235,2025-03-17,3,86064.22,290,1,3,2,132,Под риском ухода
C00236,2025-12-03,5,113637.08,29,4,4,2,442,Лояльные
C00238,2025-11-05,4,662626.6699999999,57,3,4,5,345,Лояльные
C00240,2025-12-16,7,582404.33,16,5,5,5,555,Чемпионы
C00243,2025-12-13,3,23118.81,19,4,3,1,431,Обычные
C00244,2025-10-31,5,680469.5299999999,62,3,4,5,345,Лояльные
C00245,2025-02-16,1,99082.18,319,1,1,2,112,Обычные
C00247,2025-05-22,2,73532.73999999999,224,1,2,2,122,Обычные
C00248,2025-11-09,7,989216.63,53,3,5,5,355,Лояльные
C00249,2025-10-26,3,106028.19,67,3,3,2,332,Обычные
C00250,2025-12-31,10,500773.51,1,5,5,5,555,Чемпионы
C00251,2025-05-21,2,93302.70999999999,225,1,2,2,122,Обычные
C00253,2025-11-12,2,19340.85,50,3,2,1,321,Обычные
C00254,2025-09-04,3,137758.18,119,2,3,2,232,Под риском ухода
C00255,2025-08-05,2,56012.51,149,2,2,1,221,Обычные
C00256,2025-12-29,22,1847098.4100000001,3,5,5,5,555,Чемпионы
C00257,2025-12-25,3,324989.32,7,5,3,4,534,Крупные покупатели
C00258,2025-12-18,2,62043.83,14,5,2,2,522,Новые/перспективные
C00259,2025-08-11,1,203124.6,143,2,1,3,213,Обычные
C00260,2025-12-11,7,228141.65,21,4,5,3,453,Лояльные
C00262,2025-12-30,5,628372.04,2,5,4,5,545,Чемпионы
C00263,2025-08-10,2,178759.35,144,2,2,3,223,Обычные
C00264,2025-12-25,19,1448033.46,7,5,5,5,555,Чемпионы
C00265,2025-03-05,1,20961.31,302,1,1,1,111,Обычные
C00266,2025-12-12,2,180209.84,20,4,2,3,423,Новые/перспективные
C00268,2025-02-23,1,130917.4,312,1,1,2,112,Обычные
C00270,2025-12-20,2,47902.75,12,5,2,1,521,Новые/перспективные
C00271,2025-12-11,3,471611.15,21,4,3,5,435,Крупные покупатели
C00273,2025-12-04,8,666431.64,28,4,5,5,455,Чемпионы
C00274,2025-02-01,1,89421.46,334,1,1,2,112,Обычные
C00275,2025-02-11,1,151295.4,324,1,1,3,113,Обычные
C00276,2025-11-19,3,377565.36,43,4,3,4,434,Крупные покупатели
C00277,2025-01-02,1,490827.33,364,1,1,5,115,Обычные
C00278,2025-09-21,2,195124.28,102,2,2,3,223,Обычные
C00279,2025-11-19,2,519370.23,43,4,2,5,425,Крупные покупатели
C00283,2025-11-05,1,152009.01,57,3,1,3,313,Обычные
C00284,2025-08-04,1,152405.78,150,2,1,3,213,Обычные
C00285,2025-11-02,2,39750.48,60,3,2,1,321,Обычные
C00287,2025-10-08,3,268332.56,85,3,3,4,334,Крупные покупатели
C00289,2025-12-02,1,456.19,30,4,1,1,411,Новые/перспективные
C00290,2025-12-28,3,19770.660000000003,4,5,3,1,531,Обычные
C00291,2025-11-01,4,248477.04,61,3,4,3,343,Лояльные
C00292,2025-11-19,7,796427.03,43,4,5,5,455,Чемпионы
C00293,2025-12-29,12,1296301.12,3,5,5,5,555,Чемпионы
C00295,2025-09-23,1,110812.53,100,2,1,2,212,Обычные
C00297,2025-12-06,3,89899.17,26,4,3,2,432,Обычные
C00298,2025-01-23,1,5507.64,343,1,1,1,111,Обычные
C00300,2025-11-19,4,759595.77,43,4,4,5,445,Чемпионы
C00304,2025-04-22,1,123806.12,254,1,1,2,112,Обычные
C00308,2025-09-05,1,28685.52,118,2,1,1,211,Обычные
C00309,2025-12-27,3,37237.81,5,5,3,1,531,Обычные
C00311,2025-11-19,4,403582.8,43,4,4,4,444,Чемпионы
C00312,2025-11-23,5,399575.94,39,4,4,4,444,Чемпионы
C00314,2025-07-04,5,357879.98,181,2,4,4,244,Крупные покупатели
C00315,2025-11-20,5,568055.16,42,4,4,5,445,Чемпионы
C00316,2025-12-23,1,847.91,9,5,1,1,511,Новые/перспективные
C00317,2025-12-06,8,1022479.0,26,4,5,5,455,Чемпионы
C00318,2025-05-10,3,222821.66,236,1,3,3,133,Под риском ухода
C00319,2025-12-07,3,161924.69,25,4,3,3,433,Обычные
C00320,2025-12-17,6,276926.03,15,5,5,4,554,Чемпионы
C00321,2025-12-22,4,302355.06,10,5,4,4,544,Чемпионы
C00322,2025-12-24,4,378883.11,8,5,4,4,544,Чемпионы
C00323,2025-12-20,3,202969.75,12,5,3,3,533,Обычные
C00324,2025-12-15,4,786069.06,17,4,4,5,445,Чемпионы
C00326,2025-01-09,1,160672.36,357,1,1,3,113,Обычные
C00327,2025-11-10,2,95613.90999999999,52,3,2,2,322,Обычные
C00333,2025-11-03,1,12973.77,59,3,1,1,311,Обычные
C00334,2025-03-31,1,63027.7,276,1,1,2,112,Обычные
C00335,2025-12-09,2,69354.45,23,4,2,2,422,Новые/перспективные
C00337,2025-12-01,2,129844.56000000001,31,4,2,2,422,Новые/перспективные
C00340,2025-08-24,9,891178.76,130,2,5,5,255,Крупные покупатели
C00341,2025-12-18,7,473272.32,14,5,5,5,555,Чемпионы
C00342,2025-06-14,2,82165.03,201,1,2,2,122,Обычные
C00343,2025-12-03,6,205650.83000000002,29,4,5,3,453,Лояльные
C00344,2025-10-10,6,766840.89,83,3,5,5,355,Лояльные
C00345,2025-12-10,8,731437.96,22,4,5,5,455,Чемпионы
C00346,2025-12-01,4,149256.41,31,4,4,3,443,Лояльные
C00347,2025-06-20,4,294040.77999999997,195,1,4,4,144,Крупные покупатели
C00349,2025-10-09,4,774583.79,84,3,4,5,345,Лояльные
C00351,2025-10-18,3,135132.59,75,3,3,2,332,Обычные
C00354,2025-12-24,3,128040.61,8,5,3,2,532,Обычные
C00355,2025-08-14,2,133125.77000000002,140,2,2,2,222,Обычные
C00356,2025-12-08,3,218668.76,24,4,3,3,433,Обычные
C00358,2025-12-15,7,306562.17,17,4,5,4,454,Чемпионы
C00359,2025-07-08,2,251596.61,177,2,2,3,223,Обычные
C00361,2025-12-24,15,1115528.3,8,5,5,5,555,Чемпионы
C00362,2025-10-28,4,508340.96,65,3,4,5,345,Лояльные
C00363,2025-11-14,2,259696.56999999998,48,3,2,4,324,Крупные покупатели
C00364,2025-10-05,5,558191.07,88,3,4,5,345,Лояльные
C00365,2025-12-04,1,114217.67,28,4,1,2,412,Новые/перспективные
C00366,2025-05-15,4,124742.84,231,1,4,2,142,Под риском ухода
C00367,2025-12-12,6,223297.93,20,4,5,3,453,Лояльные
C00368,2025-10-08,11,536536.14,85,3,5,5,355,Лояльные
C00370,2025-09-22,2,125265.81,101,2,2,2,222,Обычные
C00371,2025-07-19,1,85165.72,166,2,1,2,212,Обычные
C00373,2025-03-22,1,84452.51,285,1,1,2,112,Обычные
C00374,2025-05-13,1,146988.28,233,1,1,3,113,Обычные
C00376,2025-07-03,1,185075.91999999998,182,2,1,3,213,Обычные
C00377,2025-11-29,2,35186.92,33,4,2,1,421,Новые/перспективные
C00380,2025-12-10,4,392316.45,22,4,4,4,444,Чемпионы
C00382,2025-09-12,4,564188.78,111,2,4,5,245,Крупные покупатели
C00383,2025-05-19,1,151893.27,227,1,1,3,113,Обычные
C00384,2025-06-14,2,129358.99,201,1,2,2,122,Обычные
C00385,2025-06-22,1,273045.51,193,1,1,4,114,Обычные
C00387,2025-07-19,1,2951.26,166,2,1,1,211,Обычные
C00389,2025-06-20,3,48009.9,195,1,3,1,131,Под риском ухода
C00392,2025-11-23,5,432904.88,39,4,4,4,444,Чемпионы
C00393,2025-02-12,1,96422.56,323,1,1,2,112,Обычные
C00394,2025-07-05,2,96659.33,180,2,2,2,222,Обычные
C00398,2025-12-29,14,815796.1799999999,3,5,5,5,555,Чемпионы
C00399,2025-12-31,13,1085512.8699999999,1,5,5,5,555,Чемпионы
C00400,2025-11-20,1,36542.21,42,4,1,1,411,Новые/перспективные
C00401,2025-07-30,3,73261.23000000001,155,2,3,2,232,Под риском ухода
C00402,2025-09-14,4,453022.34,109,2,4,5,245,Крупные покупатели
C00404,2025-06-12,2,345943.73,203,1,2,4,124,Крупные покупатели
C00406,2025-10-12,2,417618.53,81,3,2,4,324,Крупные покупатели
C00407,2025-11-18,2,188836.14,44,4,2,3,423,Новые/перспективные
C00408,2025-12-31,3,292098.22000000003,1,5,3,4,534,Крупные покупатели
C00409,2025-10-01,2,179322.09,92,3,2,3,323,Обычные
C00410,2025-11-06,4,664223.88,56,3,4,5,345,Лояльные
C00412,2025-06-28,3,241002.02000000002,187,1,3,3,133,Под риском ухода
C00414,2025-11-04,9,545822.95,58,3,5,5,355,Лояльные
C00415,2025-11-02,2,207445.53,60,3,2,3,323,Обычные
C00416,2025-11-03,5,723014.16,59,3,4,5,345,Лояльные
C00417,2025-09-05,1,6485.04,118,2,1,1,211,Обычные
C00418,2025-05-14,2,137205.71000000002,232,1,2,2,122,Обычные
C00419,2025-10-08,4,470847.99,85,3,4,5,345,Лояльные
C00420,2025-07-10,2,115717.98,175,2,2,2,222,Обычные
C00423,2025-12-23,3,193932.01,9,5,3,3,533,Обычные
C00425,2025-05-05,2,368018.72000000003,241,1,2,4,124,Крупные покупатели
C00426,2025-12-12,4,516097.96,20,4,4,5,445,Чемпионы
C00427,2025-09-05,4,497846.09,118,2,4,5,245,Крупные покупатели
C00430,2025-12-06,2,34312.95,26,4,2,1,421,Новые/перспективные
C00432,2025-12-21,1,39197.98,11,5,1,1,511,Новые/перспективные
C00433,2025-09-25,2,103015.40000000001,98,2,2,2,222,Обычные
C00436,2025-12-11,4,243422.16,21,4,4,3,443,Лояльные
C00437,2025-08-18,2,207910.16999999998,136,2,2,3,223,Обычные
C00438,2025-10-11,6,381636.76,82,3,5,4,354,Лояльные
C00440,2025-12-21,4,237458.07,11,5,4,3,543,Лояльные
C00441,2025-10-28,2,380503.27,65,3,2,4,324,Крупные покупатели
C00443,2025-09-08,1,44922.48,115,2,1,1,211,Обычные
C00444,2025-10-04,1,15759.93,89,3,1,1,311,Обычные
C00445,2025-12-24,5,348852.37,8,5,4,4,544,Чемпионы
C00446,2025-11-19,2,301609.85,43,4,2,4,424,Крупные покупатели
C00447,2025-03-18,1,119108.8,289,1,1,2,112,Обычные
C00448,2025-08-02,3,73028.58,152,2,3,2,232,Под риском ухода
C00449,2025-07-15,1,104352.13,170,2,1,2,212,Обычные
C00450,2025-11-25,9,429195.97000000003,37,4,5,4,454,Чемпионы
C00451,2025-02-26,1,57636.7,309,1,1,1,111,Обычные
C00452,2025-10-30,2,254219.31,63,3,2,3,323,Обычные
C00453,2025-12-13,4,1042162.4099999999,19,4,4,5,445,Чемпионы
C00454,2025-12-16,5,305945.17,16,5,4,4,544,Чемпионы
C00455,2025-08-23,2,41403.29,131,2,2,1,221,Обычные
C00456,2025-09-22,2,173205.94,101,2,2,3,223,Обычные
C00457,2025-07-27,1,25213.45,158,2,1,1,211,Обычные
C00459,2025-12-30,3,111612.55,2,5,3,2,532,Обычные
C00460,2025-12-18,16,1492390.11,14,5,5,5,555,Чемпионы
C00461,2025-07-31,3,72209.13,154,2,3,2,232,Под риском ухода
C00462,2025-10-09,3,377200.73,84,3,3,4,334,Крупные покупатели
C00463,2025-11-11,2,97195.76,51,3,2,2,322,Обычные
C00464,2025-05-19,1,65117.69,227,1,1,2,112,Обычные
C00465,2025-06-04,1,92912.48,211,1,1,2,112,Обычные
C00466,2025-06-18,3,411859.24,197,1,3,4,134,Крупные покупатели
C00467,2025-07-17,1,117569.52,168,2,1,2,212,Обычные
C00468,2025-10-17,4,339637.8,76,3,4,4,344,Лояльные
C00469,2025-01-07,1,91775.54,359,1,1,2,112,Обычные
C00470,2025-07-30,2,155733.36,155,2,2,3,223,Обычные
C00471,2025-09-19,4,429247.37,104,2,4,4,244,Крупные покупатели
C00472,2025-12-15,4,71918.20000000001,17,4,4,2,442,Лояльные
C00474,2025-12-03,2,229812.38999999998,29,4,2,3,423,Новые/перспективные
C00475,2025-04-14,2,468043.42,262,1,2,5,125,Крупные покупатели
C00476,2025-03-28,3,399581.15,279,1,3,4,134,Крупные покупатели
C00479,2025-12-25,5,406885.54,7,5,4,4,544,Чемпионы
C00480,2025-10-09,4,336678.36,84,3,4,4,344,Лояльные
C00481,2025-11-25,2,221145.57,37,4,2,3,423,Новые/перспективные
C00482,2025-12-25,1,166183.62,7,5,1,3,513,Новые/перспективные
C00483,2025-12-01,5,454921.25,31,4,4,5,445,Чемпионы
C00485,2025-11-25,15,1509311.55,37,4,5,5,455,Чемпионы
C00486,2025-07-05,2,12979.12,180,2,2,1,221,Обычные
C00488,2025-12-31,11,1039267.37,1,5,5,5,555,Чемпионы
C00489,2025-10-16,3,130952.69000000002,77,3,3,2,332,Обычные
C00492,2025-08-11,1,6758.62,143,2,1,1,211,Обычные
C00493,2025-11-19,2,169793.83,43,4,2,3,423,Новые/перспективные
C00494,2025-12-27,8,525899.52,5,5,5,5,555,Чемпионы
C00495,2025-09-20,4,376740.42,103,2,4,4,244,Крупные покупатели
C00496,2025-04-21,1,114937.06,255,1,1,2,112,Обычные
C00498,2025-12-23,3,474306.04000000004,9,5,3,5,535,Крупные покупатели
C00499,2025-10-26,4,400418.67,67,3,4,4,344,Лояльные
C00502,2025-10-05,7,730746.16,88,3,5,5,355,Лояльные
C00503,2025-12-10,2,8625.68,22,4,2,1,421,Новые/перспективные
C00505,2025-10-25,2,287235.38,68,3,2,4,324,Крупные покупатели
C00507,2025-11-04,8,248426.34,58,3,5,3,353,Лояльные
C00508,2025-12-06,5,544266.83,26,4,4,5,445,Чемпионы
C00509,2025-11-15,3,59775.2,47,3,3,2,332,Обычные
C00510,2025-05-29,2,282669.96,217,1,2,4,124,Крупные покупатели
C00511,2025-03-20,1,21541.25,287,1,1,1,111,Обычные
C00512,2025-06-14,2,19438.53,201,1,2,1,121,Обычные
C00513,2025-12-30,9,990222.29,2,5,5,5,555,Чемпионы
C00514,2025-10-21,5,325368.73,72,3,4,4,344,Лояльные
C00515,2025-07-06,4,304938.12,179,2,4,4,244,Крупные покупатели
C00517,2025-10-06,3,627743.59,87,3,3,5,335,Крупные покупатели
C00518,2025-12-05,4,273048.55,27,4,4,4,444,Чемпионы
C00519,2025-07-21,3,99956.63,164,2,3,2,232,Под риском ухода
C00520,2025-03-17,1,632.12,290,1,1,1,111,Обычные
C00521,2025-10-24,14,1176472.43,69,3,5,5,355,Лояльные
C00522,2025-08-24,2,55776.0,130,2,2,1,221,Обычные
C00524,2025-05-12,2,110381.64000000001,234,1,2,2,122,Обычные
C00525,2025-05-14,1,168263.55,232,1,1,3,113,Обычные
C00526,2025-11-13,8,790054.89,49,3,5,5,355,Лояльные
C00527,2025-02-03,1,1720.68,332,1,1,1,111,Обычные
C00529,2025-12-02,3,261234.0,30,4,3,4,434,Крупные покупатели
C00530,2025-08-03,1,152787.66,151,2,1,3,213,Обычные
C00531,2025-10-17,2,254318.33000000002,76,3,2,3,323,Обычные
C00532,2025-12-24,5,231852.1,8,5,4,3,543,Лояльные
C00533,2025-11-20,2,54722.02,42,4,2,1,421,Новые/перспективные
C00534,2025-12-09,4,558453.27,23,4,4,5,445,Чемпионы
C00536,2025-10-16,1,0.0,77,3,1,1,311,Обычные
C00537,2025-11-11,1,33073.73,51,3,1,1,311,Обычные
C00538,2025-11-14,2,61021.47,48,3,2,2,322,Обычные
C00539,2025-07-08,2,72946.59,177,2,2,2,222,Обычные
C00540,2025-10-03,2,7459.27,90,3,2,1,321,Обычные
C00541,2025-11-06,2,230198.7,56,3,2,3,323,Обычные
C00542,2025-12-20,7,1054230.81,12,5,5,5,555,Чемпионы
C00543,2025-12-21,2,217210.48,11,5,2,3,523,Новые/перспективные
C00544,2025-12-31,3,173066.03999999998,1,5,3,3,533,Обычные
C00545,2025-09-20,3,76642.14,103,2,3,2,232,Под риском ухода
C00546,2025-10-07,1,4544.86,86,3,1,1,311,Обычные
C00547,2025-12-20,16,1022945.42,12,5,5,5,555,Чемпионы
C00548,2025-09-21,2,235260.52000000002,102,2,2,3,223,Обычные
C00549,2025-12-30,10,671716.45,2,5,5,5,555,Чемпионы
C00551,2025-09-25,1,103083.79999999999,98,2,1,2,212,Обычные
C00552,2025-08-01,3,121670.08,153,2,3,2,232,Под риском ухода
C00553,2025-12-25,14,1353675.92,7,5,5,5,555,Чемпионы
C00554,2025-09-04,3,325896.48000000004,119,2,3,4,234,Крупные покупатели
C00555,2025-01-07,1,515244.92,359,1,1,5,115,Обычные
C00556,2025-05-05,1,38562.25,241,1,1,1,111,Обычные
C00557,2025-09-21,3,533660.53,102,2,3,5,235,Крупные покупатели
C00558,2025-11-06,6,434650.37,56,3,5,4,354,Лояльные
C00559,2025-09-02,2,223821.44,121,2,2,3,223,Обычные
C00561,2025-04-07,1,181516.28000000003,269,1,1,3,113,Обычные
C00562,2025-07-02,1,142169.47,183,2,1,3,213,Обычные
C00563,2025-10-27,1,36367.31,66,3,1,1,311,Обычные
C00564,2025-12-31,1,37398.56,1,5,1,1,511,Новые/перспективные
C00567,2025-11-21,4,217856.14,41,4,4,3,443,Лояльные
C00569,2025-11-26,2,33498.26,36,4,2,1,421,Новые/перспективные
C00570,2025-12-14,2,92714.9,18,4,2,2,422,Новые/перспективные
C00572,2025-08-03,1,2987.02,151,2,1,1,211,Обычные
C00573,2025-12-29,6,640899.03,3,5,5,5,555,Чемпионы
C00575,2025-11-27,4,166861.44,35,4,4,3,443,Лояльные
C00576,2025-07-27,1,166028.38,158,2,1,3,213,Обычные
C00577,2025-12-11,2,124344.77,21,4,2,2,422,Новые/перспективные
C00578,2025-12-05,6,774736.67,27,4,5,5,455,Чемпионы
C00579,2025-08-20,1,0.0,134,2,1,1,211,Обычные
C00580,2025-10-27,2,87047.15,66,3,2,2,322,Обычные
C00581,2025-12-16,5,765616.99,16,5,4,5,545,Чемпионы
C00582,2025-10-17,1,34907.98,76,3,1,1,311,Обычные
C00583,2025-07-07,1,162601.65,178,2,1,3,213,Обычные
C00584,2025-09-23,3,174868.91,100,2,3,3,233,Под риском ухода
C00585,2025-09-02,2,171727.27,121,2,2,3,223,Обычные
C00586,2025-10-25,4,227295.59,68,3,4,3,343,Лояльные
C00587,2025-10-19,3,78068.39,74,3,3,2,332,Обычные
C00589,2025-12-24,5,421378.83,8,5,4,4,544,Чемпионы
C00590,2025-12-31,5,277724.88,1,5,4,4,544,Чемпионы
C00591,2025-12-02,2,26440.67,30,4,2,1,421,Новые/перспективные
C00595,2025-12-11,2,7434.59,21,4,2,1,421,Новые/перспективные
C00597,2025-10-28,2,51485.04,65,3,2,1,321,Обычные
C00600,2025-05-21,1,339084.19,225,1,1,4,114,Обычные
C00602,2025-09-12,2,127770.20999999999,111,2,2,2,222,Обычные
C00603,2025-06-23,1,69485.08,192,1,1,2,112,Обычные
C00605,2025-11-10,1,93149.25,52,3,1,2,312,Обычные
C00606,2025-10-27,3,205216.07,66,3,3,3,333,Обычные
C00607,2025-05-07,1,229694.49,239,1,1,3,113,Обычные
C00608,2025-11-05,8,479327.01,57,3,5,5,355,Лояльные
C00609,2025-06-30,2,49537.15,185,1,2,1,121,Обычные
C00610,2025-06-11,2,182943.2,204,1,2,3,123,Обычные
C00612,2025-11-08,2,172311.35,54,3,2,3,323,Обычные
C00613,2025-12-19,4,368928.37,13,5,4,4,544,Чемпионы
C00614,2025-10-24,1,62058.71,69,3,1,2,312,Обычные
C00615,2025-12-26,6,573227.37,6,5,5,5,555,Чемпионы
C00617,2025-12-29,1,36909.94,3,5,1,1,511,Новые/перспективные
C00618,2025-10-26,1,5614.7,67,3,1,1,311,Обычные
C00619,2025-12-20,4,548663.78,12,5,4,5,545,Чемпионы
C00620,2025-08-03,1,149402.07,151,2,1,3,213,Обычные
C00621,2025-11-02,2,196707.62,60,3,2,3,323,Обычные
C00623,2025-08-17,1,89479.14,137,2,1,2,212,Обычные
C00624,2025-04-15,1,25488.329999999998,261,1,1,1,111,Обычные
C00628,2025-11-03,1,72788.22,59,3,1,2,312,Обычные
C00631,2025-10-07,4,434959.11,86,3,4,4,344,Лояльные
C00632,2025-12-03,3,338160.9,29,4,3,4,434,Крупные покупатели
C00633,2025-12-31,2,160226.43,1,5,2,3,523,Новые/перспективные
C00634,2025-08-01,2,367871.91000000003,153,2,2,4,224,Крупные покупатели
C00635,2025-11-14,3,253224.28999999998,48,3,3,3,333,Обычные
C00636,2025-12-26,3,362603.33999999997,6,5,3,4,534,Крупные покупатели
C00638,2025-12-29,8,527222.99,3,5,5,5,555,Чемпионы
C00641,2025-11-13,1,111378.89000000001,49,3,1,2,312,Обычные
C00644,2025-10-15,1,134720.11,78,3,1,2,312,Обычные
C00646,2025-12-31,6,373746.22,1,5,5,4,554,Чемпионы
C00648,2025-06-25,1,229366.74,190,1,1,3,113,Обычные
C00651,2025-12-10,5,498225.9,22,4,4,5,445,Чемпионы
C00652,2025-11-27,1,37865.33,35,4,1,1,411,Новые/перспективные
C00653,2025-12-15,3,293114.3,17,4,3,4,434,Крупные покупатели
C00654,2025-11-26,5,185960.26,36,4,4,3,443,Лояльные
C00655,2025-12-17,1,135918.78,15,5,1,2,512,Новые/перспективные
C00656,2025-09-09,2,32994.19,114,2,2,1,221,Обычные
C00657,2025-08-09,2,126340.09,145,2,2,2,222,Обычные
C00659,2025-12-30,2,444455.36,2,5,2,4,524,Крупные покупатели
C00660,2025-10-10,2,125388.19,83,3,2,2,322,Обычные
C00662,2025-12-29,2,86883.26000000001,3,5,2,2,522,Новые/перспективные
C00663,2025-08-22,1,31542.75,132,2,1,1,211,Обычные
C00665,2025-12-13,2,116545.62000000001,19,4,2,2,422,Новые/перспективные
C00667,2025-09-09,2,248255.22999999998,114,2,2,3,223,Обычные
C00669,2025-12-14,3,43394.81999999999,18,4,3,1,431,Обычные
C00670,2025-12-08,1,0.0,24,4,1,1,411,Новые/перспективные
C00671,2025-12-20,4,111410.67,12,5,4,2,542,Лояльные
C00673,2025-08-29,4,237309.43,125,2,4,3,243,Под риском ухода
C00674,2025-12-11,2,177666.12,21,4,2,3,423,Новые/перспективные
C00675,2025-12-12,3,338798.97,20,4,3,4,434,Крупные покупатели
C00676,2025-12-09,7,133723.11,23,4,5,2,452,Лояльные
C00677,2025-09-07,4,305388.97000000003,116,2,4,4,244,Крупные покупатели
C00679,2025-10-08,2,127020.81000000001,85,3,2,2,322,Обычные
C00680,2025-09-25,4,386154.89,98,2,4,4,244,Крупные покупатели
C00681,2025-11-19,8,398515.05,43,4,5,4,454,Чемпионы
C00682,2025-12-21,1,4134.77,11,5,1,1,511,Новые/перспективные
C00683,2025-12-03,7,306805.0,29,4,5,4,454,Чемпионы
C00684,2025-10-25,1,7382.66,68,3,1,1,311,Обычные
C00686,2025-11-01,4,120577.04999999999,61,3,4,2,342,Лояльные
C00687,2025-12-10,4,619506.1900000001,22,4,4,5,445,Чемпионы
C00688,2025-06-22,2,578050.6,193,1,2,5,125,Крупные покупатели
C00689,2025-05-23,1,1516.25,223,1,1,1,111,Обычные
C00690,2025-12-05,6,263940.25,27,4,5,4,454,Чемпионы
C00691,2025-11-13,3,58385.520000000004,49,3,3,1,331,Обычные
C00692,2025-07-24,1,60871.98,161,2,1,2,212,Обычные
C00694,2025-11-03,2,160968.47999999998,59,3,2,3,323,Обычные
C00695,2025-09-09,1,31950.2,114,2,1,1,211,Обычные
C00696,2025-05-30,2,190278.94,216,1,2,3,123,Обычные
C00697,2025-03-14,1,23947.81,293,1,1,1,111,Обычные
C00698,2025-02-12,1,98553.73,323,1,1,2,112,Обычные
C00699,2025-10-30,7,927957.9,63,3,5,5,355,Лояльные
C00700,2025-03-28,2,212719.85,279,1,2,3,123,Обычные
C00701,2025-11-15,5,551567.29,47,3,4,5,345,Лояльные
C00702,2025-10-23,2,96759.73000000001,70,3,2,2,322,Обычные
C00704,2025-10-26,3,165145.44,67,3,3,3,333,Обычные
C00705,2025-12-13,5,420486.94,19,4,4,4,444,Чемпионы
C00706,2025-11-21,5,311770.08,41,4,4,4,444,Чемпионы
C00707,2025-07-07,1,1356.63,178,2,1,1,211,Обычные
C00708,2025-11-24,4,189811.79,38,4,4,3,443,Лояльные
C00709,2025-07-25,2,35192.18,160,2,2,1,221,Обычные
C00710,2025-09-06,5,570493.68,117,2,4,5,245,Крупные покупатели
C00712,2025-12-19,5,497472.48,13,5,4,5,545,Чемпионы
C00713,2025-11-01,1,8639.56,61,3,1,1,311,Обычные
C00714,2025-05-18,1,121775.35,228,1,1,2,112,Обычные
C00715,2025-10-22,2,612065.6,71,3,2,5,325,Крупные покупатели
C00716,2025-09-06,2,179699.78,117,2,2,3,223,Обычные
C00717,2025-12-28,8,722123.0,4,5,5,5,555,Чемпионы
C00718,2025-06-08,1,348986.25,207,1,1,4,114,Обычные
C00722,2025-12-20,4,599078.29,12,5,4,5,545,Чемпионы
C00723,2025-03-28,2,248034.07,279,1,2,3,123,Обычные
C00724,2025-12-26,3,98650.38,6,5,3,2,532,Обычные
C00725,2025-12-23,16,879684.01,9,5,5,5,555,Чемпионы
C00728,2025-07-06,2,262455.46,179,2,2,4,224,Крупные покупатели
C00730,2025-12-07,1,63870.1,25,4,1,2,412,Новые/перспективные
C00731,2025-08-23,2,370132.46,131,2,2,4,224,Крупные покупатели
C00732,2025-09-02,1,67735.19,121,2,1,2,212,Обычные
C00734,2025-12-09,10,574661.67,23,4,5,5,455,Чемпионы
C00736,2025-12-14,2,2185.93,18,4,2,1,421,Новые/перспективные
C00737,2025-12-16,1,216211.62,16,5,1,3,513,Новые/перспективные
C00738,2025-12-25,5,471479.97,7,5,4,5,545,Чемпионы
C00740,2025-11-29,2,275279.73,33,4,2,4,424,Крупные покупатели
C00741,2025-05-11,1,14810.31,235,1,1,1,111,Обычные
C00742,2025-10-04,4,403287.87,89,3,4,4,344,Лояльные
C00743,2025-06-17,1,40144.18,198,1,1,1,111,Обычные
C00744,2025-04-30,1,79107.97,246,1,1,2,112,Обычные
C00746,2025-12-01,1,82682.20999999999,31,4,1,2,412,Новые/перспективные
C00747,2025-08-30,4,524721.8200000001,124,2,4,5,245,Крупные покупатели
C00748,2025-12-28,3,191520.5,4,5,3,3,533,Обычные
C00749,2025-08-04,3,365278.02,150,2,3,4,234,Крупные покупатели
C00750,2025-12-10,4,471577.6,22,4,4,5,445,Чемпионы
C00751,2025-11-20,2,61508.369999999995,42,4,2,2,422,Новые/перспективные
C00752,2025-12-22,2,408991.1,10,5,2,4,524,Крупные покупатели
C00754,2025-11-26,5,252604.78999999998,36,4,4,3,443,Лояльные
C00755,2025-10-15,3,65990.7,78,3,3,2,332,Обычные
C00756,2025-08-17,4,424317.1,137,2,4,4,244,Крупные покупатели
C00757,2025-07-23,1,57556.13,162,2,1,1,211,Обычные
C00758,2025-11-15,2,24192.35,47,3,2,1,321,Обычные
C00759,2025-12-21,4,362284.33,11,5,4,4,544,Чемпионы
C00761,2025-12-29,2,92144.94,3,5,2,2,522,Новые/перспективные
C00762,2025-03-29,1,254855.05000000002,278,1,1,3,113,Обычные
C00768,2025-09-12,1,146422.92,111,2,1,3,213,Обычные
C00770,2025-11-28,3,199852.02000000002,34,4,3,3,433,Обычные
C00771,2025-04-16,1,15654.05,260,1,1,1,111,Обычные
C00772,2025-03-08,1,434915.57000000007,299,1,1,4,114,Обычные
C00773,2025-07-09,1,112792.23,176,2,1,2,212,Обычные
C00775,2025-12-31,2,329592.07,1,5,2,4,524,Крупные покупатели
C00776,2025-12-14,6,254402.24,18,4,5,3,453,Лояльные
C00777,2025-10-29,3,380078.91,64,3,3,4,334,Крупные покупатели
C00779,2025-09-17,10,871502.22,106,2,5,5,255,Крупные покупатели
C00780,2025-08-28,5,646484.33,126,2,4,5,245,Крупные покупатели
C00781,2025-11-04,4,276468.70999999996,58,3,4,4,344,Лояльные
C00782,2025-12-24,7,947244.89,8,5,5,5,555,Чемпионы
C00784,2025-09-22,3,429468.43,101,2,3,4,234,Крупные покупатели
C00785,2025-11-08,2,258153.58000000002,54,3,2,4,324,Крупные покупатели
C00789,2025-11-25,3,322649.25,37,4,3,4,434,Крупные покупатели
C00790,2025-12-23,7,749712.88,9,5,5,5,555,Чемпионы
C00791,2025-06-13,1,244407.08,202,1,1,3,113,Обычные
C00792,2025-12-26,5,434622.77,6,5,5,4,554,Чемпионы
C00794,2025-02-10,1,182624.89,325,1,1,3,113,Обычные
C00796,2025-12-28,7,419332.33999999997,4,5,5,4,554,Чемпионы
C00797,2025-12-09,4,101326.03,23,4,4,2,442,Лояльные
C00799,2025-09-02,2,261737.88,121,2,2,4,224,Крупные покупатели
C00801,2025-05-06,2,84434.06,240,1,2,2,122,Обычные
C00802,2025-12-22,4,509029.91,10,5,4,5,545,Чемпионы
C00803,2025-11-03,1,2944.86,59,3,1,1,311,Обычные
C00805,2025-03-31,1,87051.83,276,1,1,2,112,Обычные
C00806,2025-12-11,7,285377.69,21,4,5,4,454,Чемпионы
C00807,2025-12-18,17,1315011.88,14,5,5,5,555,Чемпионы
C00808,2025-12-23,8,543714.97,9,5,5,5,555,Чемпионы
C00809,2025-05-04,1,128875.43,242,1,1,2,112,Обычные
C00811,2025-12-21,6,677328.11,11,5,5,5,555,Чемпионы
C00812,2025-02-24,1,14273.1,311,1,1,1,111,Обычные
C00813,2025-06-15,2,121069.54,200,1,2,2,122,Обычные
C00814,2025-11-04,2,33903.6,58,3,2,1,321,Обычные
C00815,2025-08-27,1,60060.29,127,2,1,2,212,Обычные
C00816,2025-11-28,4,297323.16,34,4,4,4,444,Чемпионы
C00817,2025-04-15,1,59635.44,261,1,1,1,111,Обычные
C00819,2025-10-29,2,367352.13,64,3,2,4,324,Крупные покупатели
C00820,2025-12-29,2,232483.46000000002,3,5,2,3,523,Новые/перспективные
C00821,2025-12-06,6,411404.46,26,4,5,4,454,Чемпионы
C00823,2025-10-26,4,222356.8,67,3,4,3,343,Лояльные
C00824,2025-09-11,2,138213.36,112,2,2,2,222,Обычные
C00825,2025-03-01,1,144645.47,306,1,1,3,113,Обычные
C00826,2025-12-28,16,1387250.52,4,5,5,5,555,Чемпионы
C00827,2025-10-02,2,288697.01,91,3,2,4,324,Крупные покупатели
C00828,2025-06-15,2,193469.76,200,1,2,3,123,Обычные
C00829,2025-12-03,2,213397.5,29,4,2,3,423,Новые/перспективные
C00830,2025-09-22,2,77731.12,101,2,2,2,222,Обычные
C00831,2025-04-29,2,72440.75,247,1,2,2,122,Обычные
C00832,2025-10-13,2,93124.94,80,3,2,2,322,Обычные
C00833,2025-08-16,1,40364.75,138,2,1,1,211,Обычные
C00836,2025-07-26,1,11514.27,159,2,1,1,211,Обычные
C00837,2025-12-07,2,167995.66,25,4,2,3,423,Новые/перспективные
C00838,2025-12-30,4,300579.63999999996,2,5,4,4,544,Чемпионы
C00839,2025-09-14,2,109706.20999999999,109,2,2,2,222,Обычные
C00841,2025-11-19,3,125404.38,43,4,3,2,432,Обычные
C00842,2025-11-13,2,77643.93000000001,49,3,2,2,322,Обычные
C00843,2025-11-13,3,41982.130000000005,49,3,3,1,331,Обычные
C00844,2025-12-25,6,277060.04000000004,7,5,5,4,554,Чемпионы
C00845,2025-11-13,7,861616.28,49,3,5,5,355,Лояльные
C00847,2025-10-20,3,73262.58,73,3,3,2,332,Обычные
C00849,2025-12-02,3,671326.8300000001,30,4,3,5,435,Крупные покупатели
C00850,2025-08-25,2,186543.56,129,2,2,3,223,Обычные
C00851,2025-09-13,4,528983.61,110,2,4,5,245,Крупные покупатели
C00852,2025-09-04,2,172122.31,119,2,2,3,223,Обычные
C00854,2025-11-14,2,362000.45,48,3,2,4,324,Крупные покупатели
C00855,2025-11-29,1,122747.48000000001,33,4,1,2,412,Новые/перспективные
C00857,2025-01-08,1,64807.21000000001,358,1,1,2,112,Обычные
C00858,2025-11-30,5,374841.5,32,4,5,4,454,Чемпионы
C00859,2025-11-04,1,34811.56,58,3,1,1,311,Обычные
C00861,2025-12-10,9,982813.37,22,4,5,5,455,Чемпионы
C00864,2025-10-21,1,89258.02,72,3,1,2,312,Обычные
C00865,2025-01-30,2,151502.03,336,1,2,3,123,Обычные
C00866,2025-12-30,2,269489.08,2,5,2,4,524,Крупные покупатели
C00867,2025-10-06,3,311563.12,87,3,3,4,334,Крупные покупатели
C00869,2025-09-10,2,356221.24,113,2,2,4,224,Крупные покупатели
C00872,2025-12-21,18,1273984.16,11,5,5,5,555,Чемпионы
C00873,2025-03-07,1,116767.85,300,1,1,2,112,Обычные
C00874,2025-10-05,4,940971.01,88,3,4,5,345,Лояльные
C00875,2025-09-13,3,578997.69,110,2,3,5,235,Крупные покупатели
C00876,2025-09-26,2,86025.86,97,2,2,2,222,Обычные
C00882,2025-12-31,1,4040.8,1,5,1,1,511,Новые/перспективные
C00883,2025-09-29,3,191485.06,94,3,3,3,333,Обычные
C00884,2025-01-25,1,6584.65,341,1,1,1,111,Обычные
C00886,2025-11-18,9,679511.17,44,4,5,5,455,Чемпионы
C00889,2025-12-20,11,1489278.43,12,5,5,5,555,Чемпионы
C00890,2025-12-21,3,335517.56,11,5,3,4,534,Крупные покупатели
C00891,2025-11-06,3,156043.68,56,3,3,3,333,Обычные
C00892,2025-12-12,3,383211.43,20,4,3,4,434,Крупные покупатели
C00894,2025-04-07,1,0.0,269,1,1,1,111,Обычные
C00895,2025-11-06,1,2702.97,56,3,1,1,311,Обычные
C00898,2025-12-27,6,524867.75,5,5,5,5,555,Чемпионы
C00899,2025-11-27,3,87216.32,35,4,3,2,432,Обычные
C00900,2025-02-28,1,45576.64,307,1,1,1,111,Обычные
C00901,2025-11-11,1,0.0,51,3,1,1,311,Обычные
C00902,2025-09-19,3,382987.99,104,2,3,4,234,Крупные покупатели
C00903,2025-10-26,1,62916.1,67,3,1,2,312,Обычные
C00904,2025-05-29,2,139700.69,217,1,2,3,123,Обычные
C00905,2025-11-07,2,312691.77,55,3,2,4,324,Крупные покупатели
C00906,2025-12-12,2,6456.98,20,4,2,1,421,Новые/перспективные
C00907,2025-10-04,3,367177.27,89,3,3,4,334,Крупные покупатели
C00908,2025-11-21,3,187043.21,41,4,3,3,433,Обычные
C00909,2025-10-02,1,59333.479999999996,91,3,1,1,311,Обычные
C00910,2025-10-07,2,251547.03,86,3,2,3,323,Обычные
C00911,2025-12-16,11,730847.67,16,5,5,5,555,Чемпионы
C00912,2025-12-12,5,227755.99,20,4,5,3,453,Лояльные
C00913,2025-12-12,10,1193130.3900000001,20,4,5,5,455,Чемпионы
C00917,2025-12-02,2,143433.37,30,4,2,3,423,Новые/перспективные
C00918,2025-12-09,4,632693.64,23,4,4,5,445,Чемпионы
C00919,2025-05-20,2,151249.96000000002,226,1,2,3,123,Обычные
C00920,2025-05-08,3,174033.61,238,1,3,3,133,Под риском ухода
C00921,2025-11-12,1,177726.71,50,3,1,3,313,Обычные
C00922,2025-11-01,4,403943.24,61,3,4,4,344,Лояльные
C00923,2025-08-12,3,297357.48,142,2,3,4,234,Крупные покупатели
C00924,2025-09-03,6,417110.85,120,2,5,4,254,Крупные покупатели
C00925,2025-06-02,1,212222.92,213,1,1,3,113,Обычные
C00926,2025-12-22,4,400082.07,10,5,4,4,544,Чемпионы
C00927,2025-02-13,1,42487.39,322,1,1,1,111,Обычные
C00928,2025-12-19,1,97488.88,13,5,1,2,512,Новые/перспективные
C00929,2025-09-21,2,101327.51000000001,102,2,2,2,222,Обычные
C00931,2025-12-19,1,89902.7,13,5,1,2,512,Новые/перспективные
C00932,2025-04-04,1,0.0,272,1,1,1,111,Обычные
C00933,2025-12-17,8,473415.41000000003,15,5,5,5,555,Чемпионы
C00935,2025-10-02,1,6744.39,91,3,1,1,311,Обычные
C00937,2025-12-02,3,181821.34,30,4,3,3,433,Обычные
C00939,2025-11-16,7,1323779.74,46,4,5,5,455,Чемпионы
C00940,2025-09-21,2,387653.74,102,2,2,4,224,Крупные покупатели
C00941,2025-06-27,2,264443.37,188,1,2,4,124,Крупные покупатели
C00942,2025-11-27,2,122750.16,35,4,2,2,422,Новые/перспективные
C00944,2025-11-25,5,313538.03,37,4,5,4,454,Чемпионы
C00945,2025-08-07,2,103457.5,147,2,2,2,222,Обычные
C00946,2025-08-15,1,171031.56,139,2,1,3,213,Обычные
C00948,2025-12-16,3,394552.43,16,5,3,4,534,Крупные покупатели
C00949,2025-12-08,2,152660.21,24,4,2,3,423,Новые/перспективные
C00950,2025-12-20,3,69713.13,12,5,3,2,532,Обычные
C00951,2025-11-29,2,29613.39,33,4,2,1,421,Новые/перспективные
C00953,2025-12-30,3,142481.74,2,5,3,3,533,Обычные
C00954,2025-12-21,5,495606.2,11,5,5,5,555,Чемпионы
C00956,2025-11-13,1,91397.09,49,3,1,2,312,Обычные
C00957,2025-11-16,3,249833.9,46,4,3,3,433,Обычные
C00958,2025-12-26,1,37185.5,6,5,1,1,511,Новые/перспективные
C00959,2025-06-10,1,20200.38,205,1,1,1,111,Обычные
C00960,2025-07-01,2,279026.64,184,1,2,4,124,Крупные покупатели
C00961,2025-12-10,2,252797.21000000002,22,4,3,3,433,Обычные
C00962,2025-12-08,1,8133.36,24,4,1,1,411,Новые/перспективные
C00963,2025-12-16,2,71355.7,16,5,3,2,532,Обычные
C00965,2025-11-06,3,344207.6,56,3,3,4,334,Крупные покупатели
C00966,2025-10-22,2,141724.03,71,3,3,3,333,Обычные
C00967,2025-08-31,3,271011.08,123,2,3,4,234,Крупные покупатели
C00968,2025-10-17,1,3171.45,76,3,1,1,311,Обычные
C00971,2025-12-22,8,624213.04,10,5,5,5,555,Чемпионы
C00972,2025-09-07,4,239154.82,116,2,4,3,243,Под риском ухода
C00973,2025-11-24,2,460676.66000000003,38,4,3,5,435,Крупные покупатели
C00975,2025-05-21,2,91555.47,225,1,3,2,132,Под риском ухода
C00978,2025-12-24,3,37163.21,8,5,3,1,531,Обычные
C00979,2025-10-02,2,80453.43,91,3,3,2,332,Обычные
C00980,2025-11-02,3,138682.96,60,3,3,2,332,Обычные
C00981,2025-11-16,4,415743.6,46,4,4,4,444,Чемпионы
C00982,2025-09-22,1,78500.0,101,2,1,2,212,Обычные
C00983,2025-02-15,2,19187.920000000002,320,1,3,1,131,Под риском ухода
C00984,2025-09-27,1,33148.33,96,2,1,1,211,Обычные
C00985,2025-10-10,1,37118.090000000004,83,3,1,1,311,Обычные
C00986,2025-09-20,1,1530.74,103,2,1,1,211,Обычные
C00987,2025-12-17,7,484468.42,15,5,5,5,555,Чемпионы
C00988,2025-11-15,7,487643.97000000003,47,3,5,5,355,Лояльные
C00989,2025-12-11,3,354110.04,21,4,3,4,434,Крупные покупатели
C00992,2025-12-04,2,235983.72,28,4,3,3,433,Обычные
C00993,2025-10-12,1,30631.340000000004,81,3,1,1,311,Обычные
C00994,2025-11-22,6,290824.78,40,4,5,4,454,Чемпионы
C00995,2025-12-29,3,70784.76000000001,3,5,3,2,532,Обычные
C00997,2025-12-28,6,822296.97,4,5,5,5,555,Чемпионы
C00998,2025-08-26,1,50257.17,128,2,1,1,211,Обычные
C01000,2025-11-20,2,187973.19,42,4,3,3,433,Обычные
C01002,2025-08-24,1,160639.74,130,2,1,3,213,Обычные
C01003,2025-11-20,4,272399.17,42,4,4,4,444,Чемпионы
C01005,2025-11-19,7,747418.72,43,4,5,5,455,Чемпионы
C01006,2025-02-22,1,97765.01999999999,313,1,1,2,112,Обычные
C01007,2025-03-23,1,65987.08,284,1,1,2,112,Обычные
C01010,2025-09-12,2,115586.43,111,2,3,2,232,Под риском ухода
C01011,2025-11-06,1,63291.21,56,3,1,2,312,Обычные
C01012,2025-12-19,10,845324.72,13,5,5,5,555,Чемпионы
C01013,2025-05-04,2,472927.31,242,1,3,5,135,Крупные покупатели
C01014,2025-06-11,1,41276.72,204,1,1,1,111,Обычные
C01015,2025-10-15,2,205499.63,78,3,3,3,333,Обычные
C01016,2025-11-26,2,106419.56999999999,36,4,3,2,432,Обычные
C01018,2025-10-25,1,0.0,68,3,1,1,311,Обычные
C01019,2025-12-15,9,362485.79000000004,17,4,5,4,454,Чемпионы
C01021,2025-12-18,9,535801.46,14,5,5,5,555,Чемпионы
C01022,2025-08-29,5,246076.57,125,2,5,3,253,Под риском ухода
C01023,2025-12-17,1,26903.76,15,5,1,1,511,Новые/перспективные
C01024,2025-11-18,4,328903.68,44,4,4,4,444,Чемпионы
C01026,2025-12-23,5,550168.02,9,5,5,5,555,Чемпионы
C01027,2025-11-20,1,255180.0,42,4,1,3,413,Новые/перспективные
C01028,2025-10-05,2,68438.76,88,3,3,2,332,Обычные
C01031,2025-10-26,6,566385.5,67,3,5,5,355,Лояльные
C01032,2025-04-29,1,74109.3,247,1,1,2,112,Обычные
C01033,2025-12-30,8,289584.99,2,5,5,4,554,Чемпионы
C01034,2025-05-22,1,29767.01,224,1,1,1,111,Обычные
C01037,2025-09-16,2,244771.28000000003,107,2,3,3,233,Под риском ухода
C01038,2025-07-14,1,290587.96,171,2,1,4,214,Обычные
C01039,2025-04-06,1,0.0,270,1,1,1,111,Обычные
C01040,2025-12-09,2,155965.04,23,4,3,3,433,Обычные
C01042,2025-12-15,11,1088263.59,17,4,5,5,455,Чемпионы
C01043,2025-07-04,1,57553.990000000005,181,2,1,1,211,Обычные
C01044,2025-05-02,1,180522.65,244,1,1,3,113,Обычные
C01045,2025-12-07,2,178368.29,25,4,3,3,433,Обычные
C01051,2025-10-30,4,273844.56,63,3,4,4,344,Лояльные
C01052,2025-11-24,9,554391.6,38,4,5,5,455,Чемпионы
C01055,2025-06-12,1,93309.86,203,1,1,2,112,Обычные
C01056,2025-12-01,4,402384.72,31,4,4,4,444,Чемпионы
C01057,2025-05-02,1,270368.06,244,1,1,4,114,Обычные
C01058,2025-11-22,5,246816.99,40,4,5,3,453,Лояльные
C01061,2025-09-21,4,159232.06,102,2,4,3,243,Под риском ухода
C01062,2025-01-13,1,32143.35,353,1,1,1,111,Обычные
C01063,2025-07-28,3,144210.1,157,2,3,3,233,Под риском ухода
C01065,2025-12-29,2,2170.33,3,5,3,1,531,Обычные
C01066,2025-12-18,3,438592.26,14,5,3,4,534,Крупные покупатели
C01067,2025-10-22,5,363230.82,71,3,5,4,354,Лояльные
C01068,2025-11-12,1,404535.34,50,3,1,4,314,Обычные
C01069,2025-12-09,1,78094.13,23,4,1,2,412,Новые/перспективные
C01072,2025-10-24,2,69483.97,69,3,3,2,332,Обычные
C01073,2025-12-23,6,448609.12,9,5,5,5,555,Чемпионы
C01074,2025-10-21,1,0.0,72,3,1,1,311,Обычные
C01075,2025-07-16,1,9078.77,169,2,1,1,211,Обычные
C01076,2025-10-23,3,326512.09,70,3,3,4,334,Крупные покупатели
C01077,2025-12-31,6,282394.13,1,5,5,4,554,Чемпионы
C01078,2025-11-26,3,174347.36,36,4,3,3,433,Обычные
C01079,2025-12-09,4,146130.94,23,4,4,3,443,Лояльные
C01080,2025-12-31,2,45831.7,1,5,3,1,531,Обычные
C01082,2025-06-10,1,264917.4,205,1,1,4,114,Обычные
C01084,2025-12-09,3,323171.02,23,4,3,4,434,Крупные покупатели
C01085,2025-11-18,2,136507.14,44,4,3,2,432,Обычные
C01086,2025-11-21,3,326289.9,41,4,3,4,434,Крупные покупатели
C01089,2025-12-29,4,258185.3,3,5,4,4,544,Чемпионы
C01090,2025-10-12,2,4874.96,81,3,3,1,331,Обычные
C01091,2025-12-31,10,1004742.3200000001,1,5,5,5,555,Чемпионы
C01092,2025-08-07,2,144769.62,147,2,3,3,233,Под риском ухода
C01094,2025-12-20,5,298950.19,12,5,5,4,554,Чемпионы
C01096,2025-12-29,1,121430.5,3,5,1,2,512,Новые/перспективные
C01097,2025-12-04,1,44268.04,28,4,1,1,411,Новые/перспективные
C01099,2025-11-12,9,663873.65,50,3,5,5,355,Лояльные
C01100,2025-10-10,2,161167.11000000002,83,3,3,3,333,Обычные
C01101,2025-12-29,1,169175.54,3,5,1,3,513,Новые/перспективные
C01104,2025-05-21,1,111263.91,225,1,1,2,112,Обычные
C01105,2025-12-31,5,699268.2,1,5,5,5,555,Чемпионы
C01106,2025-12-29,1,416.0,3,5,1,1,511,Новые/перспективные
C01108,2025-06-27,1,59987.92,188,1,1,2,112,Обычные
C01109,2025-12-11,4,173324.74,21,4,4,3,443,Лояльные
C01111,2025-12-30,2,185914.53999999998,2,5,3,3,533,Обычные
C01112,2025-12-26,1,349613.77,6,5,1,4,514,Новые/перспективные
C01113,2025-12-03,2,85388.04,29,4,3,2,432,Обычные
C01114,2025-12-24,10,538805.9500000001,8,5,5,5,555,Чемпионы
C01115,2025-12-18,5,73035.38,14,5,5,2,552,Лояльные
C01117,2025-12-08,7,343952.54000000004,24,4,5,4,454,Чемпионы
C01119,2025-08-10,1,24893.63,144,2,1,1,211,Обычные
C01120,2025-10-28,8,327660.38,65,3,5,4,354,Лояльные
C01121,2025-09-09,5,178414.76,114,2,5,3,253,Под риском ухода
C01122,2025-12-08,1,105248.35,24,4,1,2,412,Новые/перспективные
C01123,2025-09-08,2,147809.65,115,2,3,3,233,Под риском ухода
C01124,2025-12-29,3,243678.72999999998,3,5,3,3,533,Обычные
C01125,2025-12-12,2,247827.09000000003,20,4,3,3,433,Обычные
C01127,2025-09-27,3,15416.48,96,2,3,1,231,Под риском ухода
C01128,2025-04-18,2,3378.5,258,1,3,1,131,Под риском ухода
C01129,2025-09-29,2,335904.31,94,3,3,4,334,Крупные покупатели
C01130,2025-11-20,1,226519.57,42,4,1,3,413,Новые/перспективные
C01131,2025-12-05,6,364062.92,27,4,5,4,454,Чемпионы
C01132,2025-10-12,1,137963.56,81,3,1,2,312,Обычные
C01134,2025-06-05,1,92921.21,210,1,1,2,112,Обычные
C01135,2025-12-20,4,89811.26999999999,12,5,4,2,542,Лояльные
C01136,2025-12-11,3,279190.73,21,4,3,4,434,Крупные покупатели
C01137,2025-12-15,2,89732.19,17,4,3,2,432,Обычные
C01138,2025-11-09,5,470923.2,53,3,5,5,355,Лояльные
C01139,2025-12-30,3,196987.79,2,5,4,3,543,Лояльные
C01140,2025-12-17,6,1059911.18,15,5,5,5,555,Чемпионы
C01141,2025-08-04,2,8041.78,150,2,3,1,231,Под риском ухода
C01142,2025-12-19,6,366021.76,13,5,5,4,554,Чемпионы
C01143,2025-10-13,2,60308.39,80,3,3,2,332,Обычные
C01144,2025-11-30,2,181731.53,32,4,3,3,433,Обычные
C01145,2025-10-29,9,897654.67,64,3,5,5,355,Лояльные
C01146,2025-06-27,5,397330.04,188,1,5,4,154,Крупные покупатели
C01147,2025-06-23,1,15745.0,192,1,1,1,111,Обычные
C01148,2025-12-08,2,230234.24,24,4,3,3,433,Обычные
C01149,2025-12-30,10,677620.64,2,5,5,5,555,Чемпионы
C01150,2025-12-28,23,1599049.83,4,5,5,5,555,Чемпионы
C01151,2025-01-08,1,311353.02,358,1,1,4,114,Обычные
C01152,2025-12-30,17,1546007.24,2,5,5,5,555,Чемпионы
C01155,2025-12-15,7,703624.97,17,4,5,5,455,Чемпионы
C01156,2025-12-01,5,556124.67,31,4,5,5,455,Чемпионы
C01157,2025-11-28,3,279205.17,34,4,4,4,444,Чемпионы
C01158,2025-03-15,1,83420.40999999999,292,1,1,2,112,Обычные
C01161,2025-12-10,3,120896.59,22,4,4,2,442,Лояльные
C01162,2025-02-07,1,5206.9,328,1,1,1,111,Обычные
C01164,2025-12-26,6,509646.93,6,5,5,5,555,Чемпионы
C01165,2025-10-22,5,145537.94999999998,71,3,5,3,353,Лояльные
C01166,2025-08-06,2,22508.59,148,2,3,1,231,Под риском ухода
C01167,2025-11-12,1,4549.08,50,3,1,1,311,Обычные
C01168,2025-05-30,2,450017.57,216,1,3,5,135,Крупные покупатели
C01169,2025-08-28,3,361567.55,126,2,4,4,244,Крупные покупатели
C01170,2025-12-27,3,145326.58000000002,5,5,4,3,543,Лояльные
C01171,2025-11-23,5,225686.38999999998,39,4,5,3,453,Лояльные
C01173,2025-06-12,1,0.0,203,1,1,1,111,Обычные
C01174,2025-04-02,1,94786.01,274,1,1,2,112,Обычные
C01178,2025-11-15,7,328576.57,47,3,5,4,354,Лояльные
C01179,2025-08-01,5,204055.3,153,2,5,3,253,Под риском ухода
C01180,2025-12-24,3,323670.71,8,5,4,4,544,Чемпионы
C01181,2025-04-30,1,78765.53,246,1,1,2,112,Обычные
C01182,2025-12-09,3,874645.77,23,4,4,5,445,Чемпионы
C01183,2025-12-28,10,671695.46,4,5,5,5,555,Чемпионы
C01185,2025-12-06,2,125414.04999999999,26,4,3,2,432,Обычные
C01188,2025-10-07,1,68773.0,86,3,1,2,312,Обычные
C01190,2025-10-30,1,68246.12,63,3,1,2,312,Обычные
C01192,2025-09-02,1,98360.24,121,2,1,2,212,Обычные
C01193,2025-12-21,3,118974.11,11,5,4,2,542,Лояльные
C01194,2025-11-11,3,277422.99,51,3,4,4,344,Лояльные
C01195,2025-12-25,1,6808.88,7,5,1,1,511,Новые/перспективные
C01200,2025-10-19,1,26034.79,74,3,1,1,311,Обычные
C01201,2025-08-12,3,273457.59,142,2,4,4,244,Крупные покупатели
C01202,2025-11-14,2,55784.200000000004,48,3,3,1,331,Обычные
C01203,2025-10-29,1,131370.11000000002,64,3,1,2,312,Обычные
C01204,2025-12-29,8,378390.67000000004,3,5,5,4,554,Чемпионы
C01205,2025-02-22,1,4736.29,313,1,1,1,111,Обычные
C01206,2025-12-12,4,1334891.97,20,4,4,5,445,Чемпионы
C01207,2025-12-16,2,605967.9,16,5,3,5,535,Крупные покупатели
C01208,2025-10-21,2,146034.22,72,3,3,3,333,Обычные
C01210,2025-12-16,3,277548.15,16,5,4,4,544,Чемпионы
C01214,2025-07-21,1,196580.17,164,2,1,3,213,Обычные
C01215,2025-12-06,4,123078.27999999998,26,4,4,2,442,Лояльные
C01217,2025-07-25,1,26307.08,160,2,1,1,211,Обычные
C01219,2025-03-08,1,172366.25999999998,299,1,1,3,113,Обычные
C01221,2025-10-06,1,2805.28,87,3,1,1,311,Обычные
C01222,2025-04-20,2,23792.6,256,1,3,1,131,Под риском ухода
C01223,2025-11-03,3,284735.44,59,3,4,4,344,Лояльные
C01224,2025-07-08,2,106572.46,177,2,3,2,232,Под риском ухода
C01225,2025-10-07,1,23609.47,86,3,1,1,311,Обычные
C01226,2025-11-21,14,1068109.28,41,4,5,5,455,Чемпионы
C01227,2025-10-06,4,319760.38,87,3,4,4,344,Лояльные
C01229,2025-03-29,1,404640.44,278,1,1,4,114,Обычные
C01230,2025-12-13,2,210936.22999999998,19,4,3,3,433,Обычные
C01231,2025-11-25,1,63720.58,37,4,1,2,412,Новые/перспективные
C01232,2025-12-16,1,115223.57,16,5,1,2,512,Новые/перспективные
C01233,2025-11-08,5,514329.37,54,3,5,5,355,Лояльные
C01234,2025-11-23,3,490488.31,39,4,4,5,445,Чемпионы
C01235,2025-11-07,2,220087.15,55,3,3,3,333,Обычные
C01236,2025-11-16,7,634674.93,46,4,5,5,455,Чемпионы
C01238,2025-10-03,2,329301.15,90,3,3,4,334,Крупные покупатели
C01242,2025-01-06,2,138955.41999999998,360,1,3,2,132,Под риском ухода
C01245,2025-11-28,1,51646.24,34,4,1,1,411,Новые/перспективные
C01247,2025-05-10,2,16550.62,236,1,3,1,131,Под риском ухода
C01248,2025-09-02,2,213803.78,121,2,3,3,233,Под риском ухода
C01249,2025-12-20,8,406091.11,12,5,5,4,554,Чемпионы
C01250,2025-07-19,4,476525.01999999996,166,2,4,5,245,Крупные покупатели
C01251,2025-12-18,5,384569.68,14,5,5,4,554,Чемпионы
C01252,2025-12-25,9,984686.04,7,5,5,5,555,Чемпионы
C01253,2025-12-07,6,552072.83,25,4,5,5,455,Чемпионы
C01254,2025-11-29,6,705835.99,33,4,5,5,455,Чемпионы
C01256,2025-08-05,1,173789.38999999998,149,2,1,3,213,Обычные
C01257,2025-07-19,2,182292.23,166,2,3,3,233,Под риском ухода
C01258,2025-12-19,7,212171.0,13,5,5,3,553,Лояльные
C01259,2025-08-13,1,1708.05,141,2,1,1,211,Обычные
C01262,2025-09-12,2,94341.77,111,2,3,2,232,Под риском ухода
C01263,2025-10-01,3,59972.19,92,3,4,2,342,Лояльные
C01264,2025-08-09,4,217935.63,145,2,4,3,243,Под риском ухода
C01265,2025-08-03,1,83754.81,151,2,1,2,212,Обычные
C01267,2025-11-10,3,228318.62999999998,52,3,4,3,343,Лояльные
C01268,2025-09-20,3,132645.45,103,2,4,2,242,Под риском ухода
C01271,2025-09-01,1,2552.42,122,2,1,1,211,Обычные
C01272,2025-11-17,5,758686.56,45,4,5,5,455,Чемпионы
C01273,2025-06-28,1,114632.17,187,1,1,2,112,Обычные
C01274,2025-09-07,2,146427.32,116,2,3,3,233,Под риском ухода
C01275,2025-06-25,2,278453.64,190,1,3,4,134,Крупные покупатели
C01276,2025-11-25,5,168301.19,37,4,5,3,453,Лояльные
C01277,2025-12-09,1,9614.5,23,4,1,1,411,Новые/перспективные
C01278,2025-12-30,8,432004.25,2,5,5,4,554,Чемпионы
C01279,2025-11-06,1,66651.82,56,3,1,2,312,Обычные
C01280,2025-04-23,1,101781.23999999999,253,1,1,2,112,Обычные
C01281,2025-11-08,2,561152.4299999999,54,3,3,5,335,Крупные покупатели
C01282,2025-06-11,1,85418.19,204,1,1,2,112,Обычные
C01283,2025-08-18,8,641319.35,136,2,5,5,255,Крупные покупатели
C01284,2025-12-20,4,785859.4,12,5,4,5,545,Чемпионы
C01285,2025-11-25,1,246824.7,37,4,1,3,413,Новые/перспективные
C01286,2025-12-30,10,1149716.21,2,5,5,5,555,Чемпионы
C01287,2025-11-22,8,862665.23,40,4,5,5,455,Чемпионы
C01288,2025-01-19,1,1665.97,347,1,1,1,111,Обычные
C01289,2025-03-15,1,49662.31,292,1,1,1,111,Обычные
C01290,2025-10-13,3,530429.49,80,3,4,5,345,Лояльные
C01291,2025-12-23,3,287128.33999999997,9,5,4,4,544,Чемпионы
C01293,2025-02-02,1,25561.04,333,1,1,1,111,Обычные
C01294,2025-11-07,4,324704.09,55,3,4,4,344,Лояльные
C01295,2025-10-02,2,144475.28,91,3,3,3,333,Обычные
C01297,2025-05-21,2,89059.46,225,1,3,2,132,Под риском ухода
C01298,2025-12-26,1,37370.67,6,5,1,1,511,Новые/перспективные
C01299,2025-08-18,2,477185.83999999997,136,2,3,5,235,Крупные покупатели
C01300,2025-12-18,3,45382.770000000004,14,5,4,1,541,Лояльные
C01302,2025-06-26,1,37037.9,189,1,1,1,111,Обычные
C01304,2025-11-06,5,600359.97,56,3,5,5,355,Лояльные
C01307,2025-11-19,2,218299.6,43,4,3,3,433,Обычные
C01309,2025-01-21,1,134918.97999999998,345,1,1,2,112,Обычные
C01310,2025-12-17,9,584463.5,15,5,5,5,555,Чемпионы
C01312,2025-12-19,15,1160276.6400000001,13,5,5,5,555,Чемпионы
C01313,2025-04-21,1,0.0,255,1,1,1,111,Обычные
C01316,2025-07-30,2,6991.04,155,2,3,1,231,Под риском ухода
C01317,2025-08-24,1,0.0,130,2,1,1,211,Обычные
C01318,2025-03-04,2,316065.16,303,1,3,4,134,Крупные покупатели
C01319,2025-05-22,3,271070.8,224,1,4,4,144,Крупные покупатели
C01320,2025-08-04,2,2175.88,150,2,3,1,231,Под риском ухода
C01321,2025-12-26,4,354185.42,6,5,4,4,544,Чемпионы
C01322,2025-09-11,1,19841.11,112,2,1,1,211,Обычные
C01323,2025-07-25,2,377631.35,160,2,3,4,234,Крупные покупатели
C01324,2025-11-12,1,247354.06,50,3,1,3,313,Обычные
C01325,2025-11-10,1,89389.75,52,3,1,2,312,Обычные
C01326,2025-12-08,6,453949.23,24,4,5,5,455,Чемпионы
C01327,2025-10-14,2,142649.65,79,3,3,3,333,Обычные
C01328,2025-12-15,1,7237.95,17,4,1,1,411,Новые/перспективные
C01330,2025-10-29,4,76179.8,64,3,4,2,342,Лояльные
C01331,2025-09-01,1,244805.2,122,2,1,3,213,Обычные
C01332,2025-03-02,2,97118.83,305,1,3,2,132,Под риском ухода
C01333,2025-11-14,2,114329.44,48,3,3,2,332,Обычные
C01334,2025-04-18,1,34272.26,258,1,1,1,111,Обычные
C01335,2025-08-07,1,145321.58,147,2,1,3,213,Обычные
C01336,2025-11-29,7,719201.85,33,4,5,5,455,Чемпионы
C01337,2025-08-29,1,2717.78,125,2,1,1,211,Обычные
C01339,2025-12-23,9,906452.1799999999,9,5,5,5,555,Чемпионы
C01343,2025-12-01,7,571904.83,31,4,5,5,455,Чемпионы
C01344,2025-05-24,1,204012.58,222,1,1,3,113,Обычные
C01345,2025-11-07,4,167427.77000000002,55,3,4,3,343,Лояльные
C01346,2025-03-22,1,23389.54,285,1,1,1,111,Обычные
C01347,2025-11-03,9,951366.42,59,3,5,5,355,Лояльные
C01348,2025-08-14,1,23038.34,140,2,1,1,211,Обычные
C01349,2025-09-28,2,407989.1,95,3,3,4,334,Крупные покупатели
C01350,2025-12-15,4,244023.97999999998,17,4,4,3,443,Лояльные
C01351,2025-03-24,2,137581.75,283,1,3,2,132,Под риском ухода
C01352,2025-12-16,2,250443.11,16,5,3,3,533,Обычные
C01354,2025-12-07,2,140206.41999999998,25,4,3,3,433,Обычные
C01355,2025-12-08,4,325423.95,24,4,4,4,444,Чемпионы
C01356,2025-03-04,1,274968.58999999997,303,1,1,4,114,Обычные
C01357,2025-06-09,1,106956.27,206,1,1,2,112,Обычные
C01359,2025-08-02,1,64823.92,152,2,1,2,212,Обычные
C01360,2025-12-03,2,124444.64,29,4,3,2,432,Обычные
C01361,2025-12-10,2,355819.7,22,4,3,4,434,Крупные покупатели
C01362,2025-12-28,1,454.97,4,5,1,1,511,Новые/перспективные
C01363,2025-12-14,5,416898.94,18,4,5,4,454,Чемпионы
C01364,2025-05-02,1,9574.24,244,1,1,1,111,Обычные
C01365,2025-11-24,3,162917.52000000002,38,4,4,3,443,Лояльные
C01366,2025-03-22,1,113394.2,285,1,1,2,112,Обычные
C01368,2025-10-16,2,130721.85999999999,77,3,3,2,332,Обычные
C01369,2025-12-20,2,75527.54999999999,12,5,3,2,532,Обычные
C01370,2025-05-15,1,18269.96,231,1,1,1,111,Обычные
C01372,2025-04-12,1,37593.259999999995,264,1,1,1,111,Обычные
C01373,2025-06-21,1,22498.2,194,1,1,1,111,Обычные
C01374,2025-12-22,14,627323.6799999999,10,5,5,5,555,Чемпионы
C01375,2025-12-11,5,499986.44,21,4,5,5,455,Чемпионы
C01377,2025-12-27,14,1320472.36,5,5,5,5,555,Чемпионы
C01378,2025-11-18,11,1480164.48,44,4,5,5,455,Чемпионы
C01379,2025-02-08,1,48066.45,327,1,1,1,111,Обычные
C01381,2025-06-22,2,108369.78,193,1,3,2,132,Под риском ухода
C01382,2025-09-20,4,640513.0,103,2,4,5,245,Крупные покупатели
C01384,2025-12-04,11,1055979.94,28,4,5,5,455,Чемпионы
C01385,2025-10-17,3,216007.62999999998,76,3,4,3,343,Лояльные
C01387,2025-09-28,3,199413.13,95,3,4,3,343,Лояльные
C01388,2025-07-14,3,226288.45,171,2,4,3,243,Под риском ухода
C01389,2025-12-06,11,1377619.37,26,4,5,5,455,Чемпионы
C01390,2025-09-18,2,94264.21,105,2,3,2,232,Под риском ухода
C01392,2025-11-04,1,91883.22,58,3,1,2,312,Обычные
C01393,2025-11-28,1,13894.44,34,4,1,1,411,Новые/перспективные
C01394,2025-08-31,3,568219.5700000001,123,2,4,5,245,Крупные покупатели
C01396,2025-10-21,2,260763.18,72,3,3,4,334,Крупные покупатели
C01398,2025-09-24,2,80761.56,99,2,3,2,232,Под риском ухода
C01399,2025-10-07,2,106230.82,86,3,3,2,332,Обычные
C01400,2025-05-04,1,22256.64,242,1,1,1,111,Обычные
C01401,2025-11-26,2,133659.30000000002,36,4,3,2,432,Обычные
C01402,2025-07-03,1,118029.7,182,2,1,2,212,Обычные
C01403,2025-12-29,2,42822.5,3,5,3,1,531,Обычные
C01404,2025-12-22,3,67590.06,10,5,4,2,542,Лояльные
C01405,2025-11-22,3,247724.72,40,4,4,3,443,Лояльные
C01406,2025-12-09,9,486840.48,23,4,5,5,455,Чемпионы
C01408,2025-09-13,4,310208.65,110,2,4,4,244,Крупные покупатели
C01409,2025-10-03,3,181615.55,90,3,4,3,343,Лояльные
C01410,2025-08-09,3,331341.00999999995,145,2,4,4,244,Крупные покупатели
C01411,2025-07-03,3,454030.07,182,2,4,5,245,Крупные покупатели
C01413,2025-12-02,6,297781.62,30,4,5,4,454,Чемпионы
C01414,2025-04-22,2,134670.82,254,1,3,2,132,Под риском ухода
C01415,2025-08-02,2,97781.03,152,2,3,2,232,Под риском ухода
C01417,2025-05-12,2,157440.26,234,1,3,3,133,Под риском ухода
C01418,2025-12-04,7,145152.29,28,4,5,3,453,Лояльные
C01421,2025-12-16,4,404021.18,16,5,4,4,544,Чемпионы
C01422,2025-09-25,3,426177.49,98,2,4,4,244,Крупные покупатели
C01423,2025-11-11,3,332081.92,51,3,4,4,344,Лояльные
C01424,2025-12-07,10,980643.19,25,4,5,5,455,Чемпионы
C01426,2025-08-09,1,10416.09,145,2,1,1,211,Обычные
C01427,2025-12-23,6,918735.3200000001,9,5,5,5,555,Чемпионы
C01428,2025-08-28,1,40453.6,126,2,1,1,211,Обычные
C01429,2025-05-11,2,286598.31,235,1,3,4,134,Крупные покупатели
C01430,2025-11-23,2,53486.33,39,4,3,1,431,Обычные
C01431,2025-09-01,1,195729.37,122,2,1,3,213,Обычные
C01432,2025-12-26,7,640854.17,6,5,5,5,555,Чемпионы
C01433,2025-12-03,5,185683.31,29,4,5,3,453,Лояльные
C01434,2025-10-16,3,494808.07999999996,77,3,4,5,345,Лояльные
C01435,2025-10-13,3,152921.96,80,3,4,3,343,Лояльные
C01436,2025-12-26,19,932514.96,6,5,5,5,555,Чемпионы
C01437,2025-10-13,3,200360.09,80,3,4,3,343,Лояльные
C01438,2025-11-12,7,401583.41000000003,50,3,5,4,354,Лояльные
C01439,2025-09-28,3,187578.1,95,3,4,3,343,Лояльные
C01440,2025-02-11,1,167773.62999999998,324,1,1,3,113,Обычные
C01441,2025-11-06,2,253397.48,56,3,3,3,333,Обычные
C01442,2025-11-17,3,211276.96999999997,45,4,4,3,443,Лояльные
C01443,2025-12-25,6,387871.61,7,5,5,4,554,Чемпионы
C01444,2025-09-22,1,134663.13,101,2,1,2,212,Обычные
C01445,2025-11-22,3,376837.29000000004,40,4,4,4,444,Чемпионы
C01446,2025-03-31,2,88633.15,276,1,3,2,132,Под риском ухода
C01447,2025-08-02,2,17490.52,152,2,3,1,231,Под риском ухода
C01449,2025-10-09,5,530596.51,84,3,5,5,355,Лояльные
C01450,2025-12-31,3,126460.17,1,5,4,2,542,Лояльные
C01452,2025-05-03,3,212619.45,243,1,4,3,143,Под риском ухода
C01455,2025-10-13,3,354983.16000000003,80,3,4,4,344,Лояльные
C01458,2025-09-17,5,534862.55,106,2,5,5,255,Крупные покупатели
C01459,2025-09-26,1,199631.43,97,2,1,3,213,Обычные
C01461,2025-12-22,8,488646.73,10,5,5,5,555,Чемпионы
C01462,2025-11-04,4,734673.3099999999,58,3,4,5,345,Лояльные
C01463,2025-11-04,3,259456.42,58,3,4,4,344,Лояльные
C01466,2025-01-06,1,379255.31,360,1,1,4,114,Обычные
C01467,2025-05-20,2,68027.18000000001,226,1,3,2,132,Под риском ухода
C01468,2025-12-29,3,340215.77,3,5,4,4,544,Чемпионы
C01471,2025-11-05,3,462275.73,57,3,4,5,345,Лояльные
C01472,2025-11-21,2,86659.48,41,4,3,2,432,Обычные
C01473,2025-03-14,1,6875.1,293,1,1,1,111,Обычные
C01474,2025-05-07,2,306570.26999999996,239,1,3,4,134,Крупные покупатели
C01475,2025-12-24,4,394126.02,8,5,4,4,544,Чемпионы
C01476,2025-01-08,1,59145.3,358,1,1,1,111,Обычные
C01478,2025-06-12,1,9270.44,203,1,1,1,111,Обычные
C01479,2025-05-10,2,172422.86,236,1,3,3,133,Под риском ухода
C01481,2025-11-09,4,213404.84,53,3,4,3,343,Лояльные
C01482,2025-12-09,23,1565544.91,23,4,5,5,455,Чемпионы
C01483,2025-09-26,2,61361.35,97,2,3,2,232,Под риском ухода
C01484,2025-12-23,8,805374.78,9,5,5,5,555,Чемпионы
C01485,2025-12-21,4,399455.77999999997,11,5,4,4,544,Чемпионы
C01487,2025-03-11,3,342163.60000000003,296,1,4,4,144,Крупные покупатели
C01488,2025-03-17,2,54705.82,290,1,3,1,131,Под риском ухода
C01489,2025-10-16,3,97943.37,77,3,4,2,342,Лояльные
C01490,2025-12-30,4,47442.45,2,5,4,1,541,Лояльные
C01492,2025-12-25,6,214460.46000000002,7,5,5,3,553,Лояльные
C01493,2025-11-26,7,769853.42,36,4,5,5,455,Чемпионы
C01495,2025-12-31,7,718238.4500000001,1,5,5,5,555,Чемпионы
C01496,2025-12-12,5,660871.94,20,4,5,5,455,Чемпионы
C01497,2025-03-23,1,216626.68,284,1,1,3,113,Обычные
C01498,2025-11-23,9,1371118.62,39,4,5,5,455,Чемпионы
C01500,2025-12-26,1,5970.63,6,5,1,1,511,Новые/перспективные
C01501,2025-07-17,2,288851.66,168,2,3,4,234,Крупные покупатели
C01502,2025-05-29,1,32691.47,217,1,1,1,111,Обычные
C01503,2025-02-17,1,92364.03,318,1,1,2,112,Обычные
C01504,2025-08-29,1,120557.9,125,2,1,2,212,Обычные
C01506,2025-05-24,2,288970.33,222,1,3,4,134,Крупные покупатели
C01507,2025-12-16,4,772616.6799999999,16,5,4,5,545,Чемпионы
C01510,2025-11-21,3,197832.9,41,4,4,3,443,Лояльные
C01511,2025-08-17,1,15650.25,137,2,1,1,211,Обычные
C01513,2025-10-19,8,586379.02,74,3,5,5,355,Лояльные
C01514,2025-11-19,1,166676.13,43,4,1,3,413,Новые/перспективные
C01515,2025-03-17,2,213224.77,290,1,3,3,133,Под риском ухода
C01516,2025-12-20,2,28265.6,12,5,3,1,531,Обычные
C01517,2025-12-13,3,82304.6,19,4,4,2,442,Лояльные
C01518,2025-12-27,6,425668.56,5,5,5,4,554,Чемпионы
C01519,2025-12-31,4,184795.31,1,5,4,3,543,Лояльные
C01520,2025-12-11,2,288815.17,21,4,3,4,434,Крупные покупатели
C01521,2025-10-11,5,216632.48,82,3,5,3,353,Лояльные
C01522,2025-12-03,4,312460.79,29,4,4,4,444,Чемпионы
C01523,2025-12-21,7,285923.46,11,5,5,4,554,Чемпионы
C01524,2025-02-09,1,60731.11,326,1,1,2,112,Обычные
C01525,2025-11-17,6,1004562.1900000001,45,4,5,5,455,Чемпионы
C01527,2025-12-14,1,5671.67,18,4,1,1,411,Новые/перспективные
C01528,2025-11-04,1,44826.14,58,3,1,1,311,Обычные
C01531,2025-07-08,1,76773.13,177,2,1,2,212,Обычные
C01532,2025-11-02,2,540174.41,60,3,3,5,335,Крупные покупатели
C01533,2025-10-30,3,38566.26,63,3,4,1,341,Лояльные
C01534,2025-10-31,1,64850.8,62,3,1,2,312,Обычные
C01535,2025-03-17,1,81465.95999999999,290,1,1,2,112,Обычные
C01537,2025-12-22,5,369711.85,10,5,5,4,554,Чемпионы
C01539,2025-08-08,1,39860.83,146,2,1,1,211,Обычные
C01541,2025-06-24,2,19914.4,191,1,3,1,131,Под риском ухода
C01542,2025-09-11,2,160966.54,112,2,3,3,233,Под риском ухода
C01544,2025-04-01,1,35816.62,275,1,1,1,111,Обычные
C01545,2025-11-08,4,296297.18,54,3,4,4,344,Лояльные
C01546,2025-07-24,1,7426.74,161,2,1,1,211,Обычные
C01547,2025-03-11,1,202857.89,296,1,1,3,113,Обычные
C01548,2025-12-16,7,268027.25,16,5,5,4,554,Чемпионы
C01550,2025-05-05,1,4444.85,241,1,1,1,111,Обычные
C01551,2025-11-18,1,81286.16,44,4,1,2,412,Новые/перспективные
C01552,2025-08-29,1,357980.78,125,2,1,4,214,Обычные
C01557,2025-12-20,2,273085.78,12,5,3,4,534,Крупные покупатели
C01558,2025-09-16,1,53920.22,107,2,1,1,211,Обычные
C01560,2025-12-02,4,153291.52,30,4,4,3,443,Лояльные
C01561,2025-06-10,1,9794.05,205,1,1,1,111,Обычные
C01562,2025-09-28,2,288577.75,95,3,3,4,334,Крупные покупатели
C01564,2025-12-02,5,155397.05,30,4,5,3,453,Лояльные
C01565,2025-11-10,6,697566.4,52,3,5,5,355,Лояльные
C01566,2025-05-23,1,71024.55,223,1,1,2,112,Обычные
C01568,2025-11-17,1,0.0,45,4,1,1,411,Новые/перспективные
C01569,2025-06-18,1,84420.82,197,1,1,2,112,Обычные
C01570,2025-07-07,1,68695.95,178,2,1,2,212,Обычные
C01571,2025-06-08,2,128916.53,207,1,3,2,132,Под риском ухода
C01572,2025-03-15,2,73925.8,292,1,3,2,132,Под риском ухода
C01573,2025-05-18,1,21056.39,228,1,1,1,111,Обычные
C01574,2025-08-17,1,14763.82,137,2,1,1,211,Обычные
C01575,2025-12-02,5,838968.16,30,4,5,5,455,Чемпионы
C01576,2025-11-04,2,14800.689999999999,58,3,3,1,331,Обычные
C01577,2025-12-21,2,283744.6,11,5,3,4,534,Крупные покупатели
C01579,2025-11-10,5,328073.37,52,3,5,4,354,Лояльные
C01580,2025-11-14,11,854314.79,48,3,5,5,355,Лояльные
C01581,2025-11-18,2,158844.88999999998,44,4,3,3,433,Обычные
C01582,2025-08-16,4,259078.48,138,2,4,4,244,Крупные покупатели
C01583,2025-04-30,1,151377.21,246,1,1,3,113,Обычные
C01584,2025-10-09,3,702363.74,84,3,4,5,345,Лояльные
C01585,2025-11-02,3,434524.39,60,3,4,4,344,Лояльные
C01586,2025-12-15,2,110032.99,17,4,3,2,432,Обычные
C01587,2025-12-29,6,385187.83,3,5,5,4,554,Чемпионы
C01588,2025-03-14,1,69727.09,293,1,1,2,112,Обычные
C01590,2025-12-01,4,294189.33,31,4,4,4,444,Чемпионы
C01592,2025-12-29,4,208295.68,3,5,4,3,543,Лояльные
C01593,2025-03-04,1,18034.91,303,1,1,1,111,Обычные
C01596,2025-06-10,1,23011.37,205,1,1,1,111,Обычные
C01597,2025-09-27,2,175759.56,96,2,3,3,233,Под риском ухода
C01598,2025-11-21,2,127681.89000000001,41,4,3,2,432,Обычные
C01599,2025-12-17,5,221366.13999999998,15,5,5,3,553,Лояльные
C01602,2025-04-20,1,0.0,256,1,1,1,111,Обычные
C01603,2025-10-19,1,113480.43,74,3,1,2,312,Обычные
C01604,2025-12-19,3,269092.93,13,5,4,4,544,Чемпионы
C01605,2025-01-24,1,10402.71,342,1,1,1,111,Обычные
C01606,2025-10-17,3,280266.44,76,3,4,4,344,Лояльные
C01607,2025-12-30,3,455666.25,2,5,4,5,545,Чемпионы
C01609,2025-12-13,2,239789.01,19,4,3,3,433,Обычные
C01610,2025-12-30,11,733107.42,2,5,5,5,555,Чемпионы
C01611,2025-04-07,4,268469.95,269,1,4,4,144,Крупные покупатели
C01612,2025-11-30,5,654349.89,32,4,5,5,455,Чемпионы
C01613,2025-07-02,1,0.0,183,1,1,1,111,Обычные
C01614,2025-12-14,3,325556.33999999997,18,4,4,4,444,Чемпионы
C01615,2025-09-24,2,203525.37999999998,99,2,3,3,233,Под риском ухода
C01616,2025-08-12,6,518728.1,142,2,5,5,255,Крупные покупатели
C01617,2025-12-01,4,446906.93,31,4,4,5,445,Чемпионы
C01621,2025-06-04,2,84813.24,211,1,3,2,132,Под риском ухода
C01622,2025-09-28,3,584045.85,95,3,4,5,345,Лояльные
C01623,2025-08-18,3,313588.45999999996,136,2,4,4,244,Крупные покупатели
C01624,2025-04-07,3,482707.0,269,1,4,5,145,Крупные покупатели
C01625,2025-12-01,4,476704.5,31,4,4,5,445,Чемпионы
C01626,2025-10-17,1,17806.77,76,3,1,1,311,Обычные
C01628,2025-08-19,1,163554.09,135,2,1,3,213,Обычные
C01629,2025-12-17,9,600284.01,15,5,5,5,555,Чемпионы
C01630,2025-07-12,1,180606.03999999998,173,2,1,3,213,Обычные
C01631,2025-05-19,1,0.0,227,1,1,1,111,Обычные
C01632,2025-12-02,1,495.42,30,4,1,1,411,Новые/перспективные
C01633,2025-12-30,3,104686.68,2,5,4,2,542,Лояльные
C01635,2025-10-16,1,1750.33,77,3,1,1,311,Обычные
C01636,2025-12-18,2,129640.89000000001,14,5,3,2,532,Обычные
C01638,2025-04-27,1,23823.2,249,1,2,1,121,Обычные
C01639,2025-08-24,1,5314.56,130,2,2,1,221,Обычные
C01640,2025-05-27,1,72902.91,219,1,2,2,122,Обычные
C01641,2025-12-25,7,375951.67000000004,7,5,5,4,554,Чемпионы
C01643,2025-12-24,1,129287.29,8,5,2,2,522,Новые/перспективные
C01644,2025-08-22,1,3698.13,132,2,2,1,221,Обычные
C01646,2025-08-11,2,47072.29,143,2,3,1,231,Под риском ухода
C01647,2025-11-23,1,50670.1,39,4,2,1,421,Новые/перспективные
C01649,2025-11-04,1,241041.76,58,3,2,3,323,Обычные
C01650,2025-11-28,3,492234.98,34,4,4,5,445,Чемпионы
C01651,2025-11-04,5,425178.3,58,3,5,4,354,Лояльные
C01652,2025-06-26,2,9452.02,189,1,3,1,131,Под риском ухода
C01653,2025-12-14,1,134654.11000000002,18,4,2,2,422,Новые/перспективные
C01654,2025-07-04,1,141676.58,181,2,2,3,223,Обычные
C01655,2025-10-20,9,555496.89,73,3,5,5,355,Лояльные
C01658,2025-06-22,1,21588.65,193,1,2,1,121,Обычные
C01659,2025-02-13,1,67124.93,322,1,2,2,122,Обычные
C01660,2025-10-03,4,178597.35,90,3,4,3,343,Лояльные
C01661,2025-01-04,1,120731.81,362,1,2,2,122,Обычные
C01664,2025-12-08,2,92732.05,24,4,3,2,432,Обычные
C01665,2025-12-24,6,533707.52,8,5,5,5,555,Чемпионы
C01667,2025-10-19,1,106558.51,74,3,2,2,322,Обычные
C01669,2025-11-29,7,350612.5,33,4,5,4,454,Чемпионы
C01671,2025-09-13,1,43335.35,110,2,2,1,221,Обычные
C01672,2025-03-28,1,90846.12,279,1,2,2,122,Обычные
C01673,2025-09-14,2,377562.44,109,2,3,4,234,Крупные покупатели
C01675,2025-01-05,1,153340.62,361,1,2,3,123,Обычные
C01678,2025-12-31,1,103128.43,1,5,2,2,522,Новые/перспективные
C01679,2025-01-17,1,304069.83999999997,349,1,2,4,124,Крупные покупатели
C01680,2025-10-05,6,451551.46,88,3,5,5,355,Лояльные
C01681,2025-11-02,2,255898.24,60,3,3,4,334,Крупные покупатели
C01682,2025-08-05,2,476385.61,149,2,3,5,235,Крупные покупатели
C01684,2025-12-24,6,416402.6,8,5,5,4,554,Чемпионы
C01686,2025-08-27,3,105824.23000000001,127,2,4,2,242,Под риском ухода
C01688,2025-11-05,3,147822.54,57,3,4,3,343,Лояльные
C01689,2025-10-17,5,292939.63,76,3,5,4,354,Лояльные
C01690,2025-12-14,6,524213.74,18,4,5,5,455,Чемпионы
C01691,2025-05-29,1,62173.67,217,1,2,2,122,Обычные
C01692,2025-11-11,3,351192.82999999996,51,3,4,4,344,Лояльные
C01693,2025-06-28,4,288223.38,187,1,4,4,144,Крупные покупатели
C01694,2025-11-23,5,447713.06,39,4,5,5,455,Чемпионы
C01695,2025-06-01,1,308125.06,214,1,2,4,124,Крупные покупатели
C01696,2025-06-26,3,125435.86,189,1,4,2,142,Под риском ухода
C01697,2025-09-16,5,329702.35,107,2,5,4,254,Крупные покупатели
C01698,2025-12-28,4,395199.85000000003,4,5,4,4,544,Чемпионы
C01699,2025-10-14,5,448262.22,79,3,5,5,355,Лояльные
C01701,2025-11-08,3,177246.93,54,3,4,3,343,Лояльные
C01702,2025-08-15,1,11506.73,139,2,2,1,221,Обычные
C01703,2025-06-20,2,273831.01,195,1,3,4,134,Крупные покупатели
C01704,2025-06-12,1,1921.18,203,1,2,1,121,Обычные
C01705,2025-12-26,3,144346.72999999998,6,5,4,3,543,Лояльные
C01706,2025-12-19,3,286525.85000000003,13,5,4,4,544,Чемпионы
C01708,2025-04-15,1,6771.99,261,1,2,1,121,Обычные
C01709,2025-05-03,1,108606.23999999999,243,1,2,2,122,Обычные
C01710,2025-11-11,9,323264.99,51,3,5,4,354,Лояльные
C01711,2025-12-23,2,116180.81,9,5,3,2,532,Обычные
C01712,2025-12-15,7,774838.04,17,4,5,5,455,Чемпионы
C01714,2025-12-21,6,791884.75,11,5,5,5,555,Чемпионы
C01715,2025-10-31,5,295027.95,62,3,5,4,354,Лояльные
C01717,2025-03-11,1,85092.33,296,1,2,2,122,Обычные
C01718,2025-12-24,4,397688.04,8,5,4,4,544,Чемпионы
C01719,2025-08-16,2,578778.8,138,2,3,5,235,Крупные покупатели
C01720,2025-08-20,3,273050.79,134,2,4,4,244,Крупные покупатели
C01721,2025-12-02,7,626379.49,30,4,5,5,455,Чемпионы
C01726,2025-02-25,1,30797.870000000003,310,1,2,1,121,Обычные
C01727,2025-10-11,5,265703.91,82,3,5,4,354,Лояльные
C01728,2025-12-23,3,314230.93999999994,9,5,4,4,544,Чемпионы
C01731,2025-12-17,2,273280.4,15,5,3,4,534,Крупные покупатели
C01732,2025-09-15,4,282921.22,108,2,4,4,244,Крупные покупатели
C01733,2025-12-24,2,146729.75,8,5,3,3,533,Обычные
C01734,2025-10-27,3,408822.46,66,3,4,4,344,Лояльные
C01735,2025-05-24,2,88466.37000000001,222,1,3,2,132,Под риском ухода
C01737,2025-07-31,1,66275.39,154,2,2,2,222,Обычные
C01738,2025-11-02,5,419449.08999999997,60,3,5,4,354,Лояльные
C01739,2025-10-31,1,53509.4,62,3,2,1,321,Обычные
C01740,2025-10-26,2,147597.43,67,3,3,3,333,Обычные
C01741,2025-10-15,5,264232.91000000003,78,3,5,4,354,Лояльные
C01742,2025-10-01,5,597753.66,92,3,5,5,355,Лояльные
C01743,2025-11-07,2,88195.07,55,3,3,2,332,Обычные
C01745,2025-11-07,8,870674.61,55,3,5,5,355,Лояльные
C01746,2025-08-30,8,529406.07,124,2,5,5,255,Крупные покупатели
C01747,2025-12-18,1,99209.34,14,5,2,2,522,Новые/перспективные
C01748,2025-07-13,1,79605.75,172,2,2,2,222,Обычные
C01750,2025-12-23,4,354778.70999999996,9,5,4,4,544,Чемпионы
C01751,2025-10-06,3,356252.38,87,3,4,4,344,Лояльные
C01752,2025-06-04,2,230500.07,211,1,3,3,133,Под риском ухода
C01753,2025-12-18,5,227542.77,14,5,5,3,553,Лояльные
C01754,2025-05-05,2,166538.81999999998,241,1,3,3,133,Под риском ухода
C01755,2025-08-13,2,116947.84,141,2,3,2,232,Под риском ухода
C01756,2025-12-15,9,712033.59,17,4,5,5,455,Чемпионы
C01757,2025-10-17,2,200881.77,76,3,3,3,333,Обычные
C01759,2025-02-17,1,82137.75,318,1,2,2,122,Обычные
C01762,2025-10-16,4,162356.72,77,3,4,3,343,Лояльные
C01763,2025-11-08,12,1351044.93,54,3,5,5,355,Лояльные
C01764,2025-12-27,5,467460.6,5,5,5,5,555,Чемпионы
C01765,2025-10-27,2,211148.94,66,3,3,3,333,Обычные
C01766,2025-10-22,6,439724.25,71,3,5,4,354,Лояльные
C01768,2025-09-06,1,134102.98,117,2,2,2,222,Обычные
C01769,2025-08-04,3,140860.1,150,2,4,3,243,Под риском ухода
C01770,2025-12-07,2,72263.59,25,4,3,2,432,Обычные
C01771,2025-11-17,4,424135.77999999997,45,4,4,4,444,Чемпионы
C01773,2025-12-03,1,72564.66,29,4,2,2,422,Новые/перспективные
C01774,2025-10-04,7,367693.34,89,3,5,4,354,Лояльные
C01777,2025-06-05,1,72171.79000000001,210,1,2,2,122,Обычные
C01778,2025-03-29,1,198683.28999999998,278,1,2,3,123,Обычные
C01779,2025-06-30,1,31229.12,185,1,2,1,121,Обычные
C01780,2025-03-06,1,31083.530000000002,301,1,2,1,121,Обычные
C01781,2025-10-09,1,0.0,84,3,2,1,321,Обычные
C01783,2025-11-08,3,128004.36,54,3,4,2,342,Лояльные
C01784,2025-12-18,6,506490.57,14,5,5,5,555,Чемпионы
C01786,2025-08-02,2,734970.1,152,2,3,5,235,Крупные покупатели
C01787,2025-08-23,1,39323.35,131,2,2,1,221,Обычные
C01788,2025-10-10,3,419034.69,83,3,4,4,344,Лояльные
C01789,2025-08-05,2,93461.42,149,2,3,2,232,Под риском ухода
C01790,2025-03-11,2,83144.13,296,1,3,2,132,Под риском ухода
C01791,2025-12-27,3,360232.72,5,5,4,4,544,Чемпионы
C01792,2025-02-15,1,216724.61,320,1,2,3,123,Обычные
C01793,2025-02-20,2,227729.19,315,1,3,3,133,Под риском ухода
C01794,2025-08-10,1,250543.51,144,2,2,3,223,Обычные
C01795,2025-09-05,1,70595.65,118,2,2,2,222,Обычные
C01796,2025-08-05,2,489185.09,149,2,3,5,235,Крупные покупатели
C01797,2025-12-17,4,356866.67,15,5,4,4,544,Чемпионы
C01798,2025-11-22,1,180573.88,40,4,2,3,423,Новые/перспективные
C01799,2025-09-28,1,17725.83,95,3,2,1,321,Обычные
C01801,2025-12-08,2,109285.86,24,4,3,2,432,Обычные
C01802,2025-04-21,1,1255.43,255,1,2,1,121,Обычные
C01803,2025-11-11,3,270622.08,51,3,4,4,344,Лояльные
C01804,2025-12-14,3,289420.51,18,4,4,4,444,Чемпионы
C01806,2025-07-26,1,58320.26,159,2,2,1,221,Обычные
C01807,2025-11-29,3,59179.74,33,4,4,1,441,Лояльные
C01808,2025-09-29,3,191301.22,94,3,4,3,343,Лояльные
C01809,2025-08-22,6,444587.13,132,2,5,4,254,Крупные покупатели
C01811,2025-12-03,9,465361.02,29,4,5,5,455,Чемпионы
C01812,2025-08-02,2,5024.47,152,2,3,1,231,Под риском ухода
C01814,2025-07-27,1,149607.83000000002,158,2,2,3,223,Обычные
C01815,2025-12-17,8,687281.4,15,5,5,5,555,Чемпионы
C01816,2025-12-09,4,432204.22,23,4,4,4,444,Чемпионы
C01817,2025-08-09,1,83622.13,145,2,2,2,222,Обычные
C01818,2025-11-30,2,303106.68,32,4,3,4,434,Крупные покупатели
C01819,2025-10-16,3,214514.7,77,3,4,3,343,Лояльные
C01822,2025-09-04,1,85283.8,119,2,2,2,222,Обычные
C01823,2025-01-24,2,111560.73,342,1,3,2,132,Под риском ухода
C01824,2025-11-17,3,269573.89,45,4,4,4,444,Чемпионы
C01825,2025-12-31,7,623295.0599999999,1,5,5,5,555,Чемпионы
C01828,2025-10-31,1,50605.39,62,3,2,1,321,Обычные
C01829,2025-08-26,6,525082.1,128,2,5,5,255,Крупные покупатели
C01830,2025-06-30,1,2346.46,185,1,2,1,121,Обычные
C01832,2025-06-19,2,68306.93,196,1,3,2,132,Под риском ухода
C01833,2025-12-22,2,252048.82,10,5,3,3,533,Обычные
C01834,2025-11-03,3,65621.57,59,3,4,2,342,Лояльные
C01835,2025-09-25,3,545773.82,98,2,4,5,245,Крупные покупатели
C01836,2025-11-09,2,314810.57,53,3,3,4,334,Крупные покупатели
C01837,2025-10-28,2,168665.26,65,3,3,3,333,Обычные
C01838,2025-11-20,1,49710.49,42,4,2,1,421,Новые/перспективные
C01839,2025-12-31,6,350526.51999999996,1,5,5,4,554,Чемпионы
C01840,2025-12-12,2,112730.3,20,4,3,2,432,Обычные
C01841,2025-09-30,5,401745.65,93,3,5,4,354,Лояльные
C01843,2025-04-01,1,2737.62,275,1,2,1,121,Обычные
C01844,2025-10-09,1,15219.29,84,3,2,1,321,Обычные
C01845,2025-07-16,2,139002.19,169,2,3,2,232,Под риском ухода
C01846,2025-04-05,1,139964.76,271,1,2,3,123,Обычные
C01847,2025-09-11,2,227496.05,112,2,3,3,233,Под риском ухода
C01848,2025-11-08,4,298505.47,54,3,4,4,344,Лояльные
C01849,2025-12-22,1,39723.08,10,5,2,1,521,Новые/перспективные
C01850,2025-10-01,2,52688.71,92,3,3,1,331,Обычные
C01851,2025-12-07,4,294298.89,25,4,4,4,444,Чемпионы
C01852,2025-02-22,1,44906.36,313,1,2,1,121,Обычные
C01854,2025-09-28,2,25020.559999999998,95,3,3,1,331,Обычные
C01855,2025-12-15,9,352576.91000000003,17,4,5,4,454,Чемпионы
C01856,2025-12-15,9,897875.65,17,4,5,5,455,Чемпионы
C01860,2025-03-29,1,133808.52000000002,278,1,2,2,122,Обычные
C01861,2025-10-02,3,120067.70000000001,91,3,4,2,342,Лояльные
C01862,2025-02-08,1,16379.78,327,1,2,1,121,Обычные
C01865,2025-12-30,5,245841.68,2,5,5,3,553,Лояльные
C01869,2025-12-25,14,906233.99,7,5,5,5,555,Чемпионы
C01870,2025-06-25,5,655369.85,190,1,5,5,155,Крупные покупатели
C01871,2025-12-17,2,44592.58,15,5,3,1,531,Обычные
C01872,2025-03-24,1,234297.53999999998,283,1,2,3,123,Обычные
C01873,2025-11-25,4,227214.69,37,4,4,3,443,Лояльные
C01874,2025-02-21,1,43226.64,314,1,2,1,121,Обычные
C01876,2025-10-11,9,572020.13,82,3,5,5,355,Лояльные
C01877,2025-12-07,3,253984.63,25,4,4,3,443,Лояльные
C01878,2025-12-18,3,418268.14,14,5,4,4,544,Чемпионы
C01879,2025-06-07,1,127598.29,208,1,2,2,122,Обычные
C01881,2025-09-27,3,119327.88,96,2,4,2,242,Под риском ухода
C01882,2025-07-25,1,0.0,160,2,2,1,221,Обычные
C01883,2025-12-22,5,293192.5,10,5,5,4,554,Чемпионы
C01884,2025-12-29,8,356940.36,3,5,5,4,554,Чемпионы
C01885,2025-12-05,7,432132.07,27,4,5,4,454,Чемпионы
C01888,2025-11-23,5,392941.83999999997,39,4,5,4,454,Чемпионы
C01889,2025-12-28,29,1976095.22,4,5,5,5,555,Чемпионы
C01891,2025-08-16,1,261344.86000000002,138,2,2,4,224,Крупные покупатели
C01892,2025-02-28,1,37985.98,307,1,2,1,121,Обычные
C01893,2025-10-12,6,572716.5700000001,81,3,5,5,355,Лояльные
C01894,2025-04-25,1,70567.59,251,1,2,2,122,Обычные
C01895,2025-09-01,2,64119.56,122,2,3,2,232,Под риском ухода
C01896,2025-12-12,4,407837.01,20,4,4,4,444,Чемпионы
C01897,2025-12-24,15,1965622.77,8,5,5,5,555,Чемпионы
C01898,2025-09-06,5,504539.93000000005,117,2,5,5,255,Крупные покупатели
C01899,2025-12-16,2,1846.79,16,5,3,1,531,Обычные
C01900,2025-05-17,1,212271.5,229,1,2,3,123,Обычные
C01903,2025-12-05,10,1160318.82,27,4,5,5,455,Чемпионы
C01906,2025-12-27,7,690255.56,5,5,5,5,555,Чемпионы
C01907,2025-09-08,3,149405.25,115,2,4,3,243,Под риском ухода
C01909,2025-12-23,8,460931.16000000003,9,5,5,5,555,Чемпионы
C01911,2025-07-17,3,96111.03,168,2,4,2,242,Под риском ухода
C01912,2025-10-01,2,160019.76,92,3,3,3,333,Обычные
C01913,2025-11-17,3,118743.65,45,4,4,2,442,Лояльные
C01914,2025-11-28,1,88991.14000000001,34,4,2,2,422,Новые/перспективные
C01916,2025-09-25,3,141258.05,98,2,4,3,243,Под риском ухода
C01917,2025-01-22,1,81239.09,344,1,2,2,122,Обычные
C01918,2025-12-26,10,812527.32,6,5,5,5,555,Чемпионы
C01919,2025-04-27,1,57337.78,249,1,2,1,121,Обычные
C01920,2025-01-20,1,509.04,346,1,2,1,121,Обычные
C01921,2025-12-25,5,477824.16,7,5,5,5,555,Чемпионы
C01923,2025-12-31,1,40355.33,1,5,2,1,521,Новые/перспективные
C01924,2025-12-16,2,88816.74,16,5,3,2,532,Обычные
C01926,2025-12-18,3,373352.67,14,5,4,4,544,Чемпионы
C01927,2025-10-28,2,92913.27,65,3,3,2,332,Обычные
C01928,2025-01-08,1,0.0,358,1,2,1,121,Обычные
C01929,2025-10-24,2,221802.99,69,3,3,3,333,Обычные
C01930,2025-09-26,2,15617.64,97,2,3,1,231,Под риском ухода
C01931,2025-03-20,1,77940.76,287,1,2,2,122,Обычные
C01932,2025-01-30,1,0.0,336,1,2,1,121,Обычные
C01933,2025-04-08,1,23176.96,268,1,2,1,121,Обычные
C01934,2025-09-20,2,220917.05000000002,103,2,3,3,233,Под риском ухода
C01935,2025-10-24,1,174867.07,69,3,2,3,323,Обычные
C01936,2025-10-31,8,924299.7999999999,62,3,5,5,355,Лояльные
C01937,2025-06-29,1,135859.47,186,1,2,2,122,Обычные
C01938,2025-08-01,1,159809.91,153,2,2,3,223,Обычные
C01939,2025-12-26,10,1225927.3599999999,6,5,5,5,555,Чемпионы
C01940,2025-11-01,3,245115.02,61,3,4,3,343,Лояльные
C01941,2025-04-22,2,159308.67,254,1,3,3,133,Под риском ухода
C01942,2025-12-26,4,220269.57,6,5,4,3,543,Лояльные
C01944,2025-12-18,5,721928.8099999999,14,5,5,5,555,Чемпионы
C01945,2025-12-19,2,326815.13999999996,13,5,3,4,534,Крупные покупатели
C01946,2025-11-08,3,99385.69,54,3,4,2,342,Лояльные
C01947,2025-12-21,3,92160.4,11,5,4,2,542,Лояльные
C01948,2025-12-26,9,829057.23,6,5,5,5,555,Чемпионы
C01949,2025-08-13,3,495432.31000000006,141,2,4,5,245,Крупные покупатели
C01950,2025-12-24,4,176933.22999999998,8,5,4,3,543,Лояльные
C01951,2025-09-14,2,291855.97,109,2,3,4,234,Крупные покупатели
C01952,2025-09-08,4,562408.73,115,2,4,5,245,Крупные покупатели
C01953,2025-12-28,2,164576.1,4,5,3,3,533,Обычные
C01955,2025-01-18,1,141730.19,348,1,2,3,123,Обычные
C01956,2025-10-22,9,620479.9,71,3,5,5,355,Лояльные
C01957,2025-12-30,7,592672.53,2,5,5,5,555,Чемпионы
C01958,2025-12-25,11,1221281.6199999999,7,5,5,5,555,Чемпионы
C01959,2025-08-09,3,237414.13,145,2,4,3,243,Под риском ухода
C01960,2025-12-27,2,527522.56,5,5,3,5,535,Крупные покупатели
C01961,2025-07-08,4,206021.51,177,2,4,3,243,Под риском ухода
C01962,2025-11-26,6,219534.97,36,4,5,3,453,Лояльные
C01963,2025-01-27,1,41805.83,339,1,2,1,121,Обычные
C01964,2025-12-17,2,234670.45,15,5,3,3,533,Обычные
C01965,2025-03-24,1,161892.28,283,1,2,3,123,Обычные
C01966,2025-12-18,2,245726.49,14,5,3,3,533,Обычные
C01968,2025-10-08,4,548451.88,85,3,4,5,345,Лояльные
C01969,2025-12-23,5,194416.48,9,5,5,3,553,Лояльные
C01970,2025-10-19,5,913577.1600000001,74,3,5,5,355,Лояльные
C01971,2025-08-30,7,427761.84,124,2,5,4,254,Крупные покупатели
C01972,2025-09-22,3,288374.34,101,2,4,4,244,Крупные покупатели
C01973,2025-09-10,3,273579.8,113,2,4,4,244,Крупные покупатели
C01974,2025-12-23,2,109482.14,9,5,3,2,532,Обычные
C01975,2025-12-27,3,555100.6799999999,5,5,4,5,545,Чемпионы
C01976,2025-12-25,4,53016.94,7,5,4,1,541,Лояльные
C01977,2025-11-14,5,298206.94,48,3,5,4,354,Лояльные
C01978,2025-02-04,1,33132.11,331,1,2,1,121,Обычные
C01979,2025-09-10,2,202816.71,113,2,3,3,233,Под риском ухода
C01981,2025-12-25,7,604739.3099999999,7,5,5,5,555,Чемпионы
C01982,2025-07-07,2,73066.93,178,2,3,2,232,Под риском ухода
C01986,2025-09-07,3,282227.24,116,2,4,4,244,Крупные покупатели
C01987,2025-11-29,3,565778.0599999999,33,4,4,5,445,Чемпионы
C01988,2025-05-29,3,85224.38,217,1,4,2,142,Под риском ухода
C01989,2025-12-30,2,57120.81,2,5,3,1,531,Обычные
C01990,2025-06-14,1,172374.54,201,1,2,3,123,Обычные
C01991,2025-10-28,1,63488.18,65,3,2,2,322,Обычные
C01992,2025-03-30,2,217134.38,277,1,3,3,133,Под риском ухода
C01993,2025-11-20,1,8661.38,42,4,2,1,421,Новые/перспективные
C01995,2025-12-16,6,1457194.36,16,5,5,5,555,Чемпионы
C01996,2025-07-20,3,145012.19,165,2,4,3,243,Под риском ухода
C01998,2025-12-28,6,589755.3099999999,4,5,5,5,555,Чемпионы
C02000,2025-07-21,2,139712.86000000002,164,2,3,3,233,Под риском ухода
C02001,2025-11-16,6,318046.24,46,4,5,4,454,Чемпионы
C02003,2025-12-18,3,385275.37,14,5,4,4,544,Чемпионы
C02004,2025-09-26,1,191365.02,97,2,2,3,223,Обычные
C02006,2025-12-25,8,565918.9,7,5,5,5,555,Чемпионы
C02007,2025-10-29,2,364838.27,64,3,3,4,334,Крупные покупатели
C02008,2025-12-20,1,216587.94,12,5,2,3,523,Новые/перспективные
C02009,2025-09-18,2,40619.619999999995,105,2,3,1,231,Под риском ухода
C02010,2025-10-28,4,186478.13,65,3,4,3,343,Лояльные
C02011,2025-11-16,1,102891.4,46,4,2,2,422,Новые/перспективные
C02012,2025-12-26,10,1507916.13,6,5,5,5,555,Чемпионы
C02013,2025-05-11,4,217970.36,235,1,4,3,143,Под риском ухода
C02015,2025-08-20,1,43890.45,134,2,2,1,221,Обычные
C02016,2025-11-21,4,52591.07,41,4,4,1,441,Лояльные
C02017,2025-12-30,12,1396447.06,2,5,5,5,555,Чемпионы
C02019,2025-11-27,2,20977.530000000002,35,4,3,1,431,Обычные
C02021,2025-07-03,1,29272.03,182,2,2,1,221,Обычные
C02022,2025-03-04,1,1567.3,303,1,2,1,121,Обычные
C02023,2025-12-14,5,478105.37000000005,18,4,5,5,455,Чемпионы
C02024,2025-07-29,1,14065.12,156,2,2,1,221,Обычные
C02025,2025-10-14,1,63266.26,79,3,2,2,322,Обычные
C02026,2025-11-06,1,21440.55,56,3,2,1,321,Обычные
C02027,2025-08-12,1,112159.06000000001,142,2,2,2,222,Обычные
C02028,2025-11-30,1,1407.62,32,4,2,1,421,Новые/перспективные
C02029,2025-04-10,2,148166.2,266,1,3,3,133,Под риском ухода
C02031,2025-07-20,3,167092.69,165,2,4,3,243,Под риском ухода
C02032,2025-06-05,3,481378.39,210,1,4,5,145,Крупные покупатели
C02033,2025-08-29,2,173566.39,125,2,3,3,233,Под риском ухода
C02034,2025-11-12,3,266657.81,50,3,4,4,344,Лояльные
C02035,2025-05-29,3,216179.09,217,1,4,3,143,Под риском ухода
C02038,2025-11-20,9,1101256.47,42,4,5,5,455,Чемпионы
C02039,2025-12-19,4,343442.03,13,5,4,4,544,Чемпионы
C02040,2025-12-10,1,11657.82,22,4,2,1,421,Новые/перспективные
C02041,2025-10-02,1,153983.55,91,3,2,3,323,Обычные
C02042,2025-12-08,5,769446.2100000001,24,4,5,5,455,Чемпионы
C02043,2025-12-29,4,372533.18,3,5,4,4,544,Чемпионы
C02044,2025-06-28,1,135843.36,187,1,2,2,122,Обычные
C02045,2025-09-24,5,255665.3,99,2,5,3,253,Под риском ухода
C02046,2025-05-28,1,46898.09,218,1,2,1,121,Обычные
C02047,2025-11-11,1,0.0,51,3,2,1,321,Обычные
C02048,2025-11-03,2,65675.47,59,3,3,2,332,Обычные
C02051,2025-09-21,2,410758.61,102,2,3,4,234,Крупные покупатели
C02052,2025-11-28,3,51188.43,34,4,4,1,441,Лояльные
C02054,2025-11-14,1,8131.25,48,3,2,1,321,Обычные
C02056,2025-09-18,2,39748.42,105,2,3,1,231,Под риском ухода
C02057,2025-11-17,6,333935.74,45,4,5,4,454,Чемпионы
C02059,2025-09-14,2,167044.56,109,2,3,3,233,Под риском ухода
C02061,2025-12-23,2,31729.75,9,5,3,1,531,Обычные
C02062,2025-11-10,3,112183.78,52,3,4,2,342,Лояльные
C02063,2025-01-17,1,66917.51,349,1,2,2,122,Обычные
C02065,2025-11-12,1,79532.86,50,3,2,2,322,Обычные
C02066,2025-09-19,7,477091.91000000003,104,2,5,5,255,Крупные покупатели
C02067,2025-11-21,2,282130.18,41,4,3,4,434,Крупные покупатели
C02069,2025-06-14,3,158498.15,201,1,4,3,143,Под риском ухода
C02074,2025-10-12,1,33630.75,81,3,2,1,321,Обычные
C02076,2025-12-24,3,261016.27000000002,8,5,4,4,544,Чемпионы
C02077,2025-07-27,2,240861.06000000003,158,2,3,3,233,Под риском ухода
C02079,2025-12-27,4,91146.12,5,5,4,2,542,Лояльные
C02080,2025-10-25,2,915868.9500000001,68,3,3,5,335,Крупные покупатели
C02081,2025-11-18,3,554860.66,44,4,4,5,445,Чемпионы
C02082,2025-12-16,3,440882.37,16,5,4,4,544,Чемпионы
C02083,2025-09-01,1,10954.66,122,2,2,1,221,Обычные
C02084,2025-12-12,2,364892.71,20,4,3,4,434,Крупные покупатели
C02085,2025-01-16,1,179242.65,350,1,2,3,123,Обычные
C02086,2025-12-06,4,955489.19,26,4,4,5,445,Чемпионы
C02087,2025-09-03,2,181285.68,120,2,3,3,233,Под риском ухода
C02088,2025-08-06,2,68218.98000000001,148,2,3,2,232,Под риском ухода
C02090,2025-12-10,8,425051.28,22,4,5,4,454,Чемпионы
C02091,2025-07-01,2,95935.0,184,1,3,2,132,Под риском ухода
C02093,2025-12-04,10,503754.52,28,4,5,5,455,Чемпионы
C02094,2025-12-24,3,165522.76,8,5,4,3,543,Лояльные
C02095,2025-09-08,2,70800.1,115,2,3,2,232,Под риском ухода
C02096,2025-10-15,3,289822.27999999997,78,3,4,4,344,Лояльные
C02098,2025-12-12,4,375352.69,20,4,4,4,444,Чемпионы
C02099,2025-12-26,6,789230.35,6,5,5,5,555,Чемпионы
C02101,2025-04-19,1,177879.94,257,1,2,3,123,Обычные
C02102,2025-10-16,2,196649.18,77,3,3,3,333,Обычные
C02103,2025-11-17,4,264697.48,45,4,4,4,444,Чемпионы
C02104,2025-08-11,1,141181.3,143,2,2,3,223,Обычные
C02105,2025-11-25,1,34545.77,37,4,2,1,421,Новые/перспективные
C02106,2025-11-14,2,348801.92,48,3,3,4,334,Крупные покупатели
C02107,2025-12-20,3,254922.6,12,5,4,3,543,Лояльные
C02109,2025-09-03,1,111653.01000000001,120,2,2,2,222,Обычные
C02110,2025-07-22,1,107614.43,163,2,2,2,222,Обычные
C02111,2025-12-22,5,664257.38,10,5,5,5,555,Чемпионы
C02112,2025-08-30,3,123399.43,124,2,4,2,242,Под риском ухода
C02113,2025-05-01,1,0.0,245,1,2,1,121,Обычные
C02114,2025-10-31,7,544260.95,62,3,5,5,355,Лояльные
C02115,2025-10-17,3,210477.41,76,3,4,3,343,Лояльные
C02116,2025-09-17,8,435710.72000000003,106,2,5,4,254,Крупные покупатели
C02117,2025-11-15,1,370761.18000000005,47,3,2,4,324,Крупные покупатели
C02118,2025-02-04,1,21528.99,331,1,2,1,121,Обычные
C02119,2025-09-16,5,298399.82999999996,107,2,5,4,254,Крупные покупатели
C02120,2025-12-16,10,544897.24,16,5,5,5,555,Чемпионы
C02121,2025-02-03,1,103905.56,332,1,2,2,122,Обычные
C02122,2025-11-30,6,467233.86,32,4,5,5,455,Чемпионы
C02124,2025-10-22,4,479746.76,71,3,4,5,345,Лояльные
C02125,2025-04-12,2,212177.31,264,1,3,3,133,Под риском ухода
C02126,2025-06-02,1,0.0,213,1,2,1,121,Обычные
C02127,2025-12-09,1,137564.97,23,4,2,2,422,Новые/перспективные
C02128,2025-11-22,6,682635.52,40,4,5,5,455,Чемпионы
C02129,2025-10-29,4,338514.41000000003,64,3,4,4,344,Лояльные
C02130,2025-03-19,1,82381.17000000001,288,1,2,2,122,Обычные
C02131,2025-10-26,2,76358.14,67,3,3,2,332,Обычные
C02132,2025-11-29,1,18364.57,33,4,2,1,421,Новые/перспективные
C02136,2025-10-18,4,996235.49,75,3,4,5,345,Лояльные
C02137,2025-10-31,2,162320.25,62,3,3,3,333,Обычные
C02138,2025-04-06,1,63212.27,270,1,2,2,122,Обычные
C02140,2025-06-13,2,343426.11000000004,202,1,3,4,134,Крупные покупатели
C02141,2025-05-12,2,112436.08,234,1,3,2,132,Под риском ухода
C02142,2025-12-30,29,2665055.78,2,5,5,5,555,Чемпионы
C02147,2025-05-07,1,0.0,239,1,2,1,121,Обычные
C02148,2025-08-26,2,33710.42,128,2,3,1,231,Под риском ухода
C02149,2025-05-26,1,45308.549999999996,220,1,2,1,121,Обычные
C02150,2025-10-12,5,139544.1,81,3,5,3,353,Лояльные
C02151,2025-11-10,6,414552.71,52,3,5,4,354,Лояльные
C02152,2025-12-23,9,768958.12,9,5,5,5,555,Чемпионы
C02153,2025-11-14,14,1048418.13,48,3,5,5,355,Лояльные
C02154,2025-01-01,1,81328.65,365,1,2,2,122,Обычные
C02155,2025-05-21,1,124585.17000000001,225,1,2,2,122,Обычные
C02157,2025-12-02,2,321035.27999999997,30,4,3,4,434,Крупные покупатели
C02158,2025-10-15,2,98030.68000000001,78,3,3,2,332,Обычные
C02159,2025-12-14,2,372781.60000000003,18,4,3,4,434,Крупные покупатели
C02161,2025-03-04,1,47367.96000000001,303,1,2,1,121,Обычные
C02162,2025-04-19,1,188073.41999999998,257,1,2,3,123,Обычные
C02163,2025-11-09,2,164438.89,53,3,3,3,333,Обычные
C02164,2025-05-09,1,163648.13,237,1,2,3,123,Обычные
C02165,2025-03-13,1,6635.54,294,1,2,1,121,Обычные
C02166,2025-10-22,1,200436.5,71,3,2,3,323,Обычные
C02168,2025-11-08,2,526905.54,54,3,3,5,335,Крупные покупатели
C02169,2025-07-06,6,475407.26,179,2,5,5,255,Крупные покупатели
C02171,2025-12-25,3,32857.61,7,5,4,1,541,Лояльные
C02172,2025-08-11,3,198239.46,143,2,4,3,243,Под риском ухода
C02174,2025-12-03,12,1278084.69,29,4,5,5,455,Чемпионы
C02176,2025-12-28,15,1137338.87,4,5,5,5,555,Чемпионы
C02177,2025-12-02,3,212768.28999999998,30,4,4,3,443,Лояльные
C02178,2025-03-02,2,152000.27,305,1,3,3,133,Под риском ухода
C02180,2025-08-27,1,33175.9,127,2,2,1,221,Обычные
C02181,2025-04-17,1,63999.78,259,1,2,2,122,Обычные
C02182,2025-12-31,2,25475.83,1,5,3,1,531,Обычные
C02183,2025-11-17,5,505218.28,45,4,5,5,455,Чемпионы
C02186,2025-06-17,1,30426.75,198,1,2,1,121,Обычные
C02187,2025-03-20,1,0.0,287,1,2,1,121,Обычные
C02188,2025-11-24,4,370610.92,38,4,4,4,444,Чемпионы
C02189,2025-12-22,4,182401.6,10,5,4,3,543,Лояльные
C02190,2025-10-22,6,336475.44,71,3,5,4,354,Лояльные
C02193,2025-10-28,1,92322.93000000001,65,3,2,2,322,Обычные
C02194,2025-09-25,1,64901.85,98,2,2,2,222,Обычные
C02195,2025-09-29,3,229514.82,94,3,4,3,343,Лояльные
C02196,2025-07-19,2,298142.66000000003,166,2,3,4,234,Крупные покупатели
C02197,2025-03-10,1,0.0,297,1,2,1,121,Обычные
C02198,2025-12-18,5,413248.2,14,5,5,4,554,Чемпионы
C02199,2025-12-20,5,313429.78,12,5,5,4,554,Чемпионы
C02200,2025-12-31,7,615955.08,1,5,5,5,555,Чемпионы
C02201,2025-12-30,3,383673.72000000003,2,5,4,4,544,Чемпионы
C02202,2025-04-27,2,84788.75,249,1,3,2,132,Под риском ухода
C02203,2025-04-02,1,22205.11,274,1,2,1,121,Обычные
C02204,2025-08-28,1,109101.01,126,2,2,2,222,Обычные
C02206,2025-03-18,1,41001.13,289,1,2,1,121,Обычные
C02208,2025-09-16,4,513317.93,107,2,4,5,245,Крупные покупатели
C02209,2025-12-08,9,723760.88,24,4,5,5,455,Чемпионы
C02211,2025-08-06,1,5374.74,148,2,2,1,221,Обычные
C02212,2025-12-04,8,1447334.07,28,4,5,5,455,Чемпионы
C02214,2025-11-08,1,144933.49,54,3,2,3,323,Обычные
C02215,2025-12-12,2,103038.95,20,4,3,2,432,Обычные
C02216,2025-09-19,2,34436.94,104,2,3,1,231,Под риском ухода
C02217,2025-01-24,1,315725.25,342,1,2,4,124,Крупные покупатели
C02218,2025-10-08,3,232744.59,85,3,4,3,343,Лояльные
C02221,2025-12-07,1,21061.35,25,4,2,1,421,Новые/перспективные
C02223,2025-08-06,2,114212.12999999999,148,2,3,2,232,Под риском ухода
C02225,2025-12-14,1,39106.04,18,4,2,1,421,Новые/перспективные
C02226,2025-10-16,3,266772.11,77,3,4,4,344,Лояльные
C02227,2025-12-28,1,150571.59,4,5,2,3,523,Новые/перспективные
C02228,2025-12-16,8,728297.27,16,5,5,5,555,Чемпионы
C02229,2025-02-22,1,175741.18000000002,313,1,2,3,123,Обычные
C02230,2025-12-28,10,831768.31,4,5,5,5,555,Чемпионы
C02231,2025-12-25,9,1424533.58,7,5,5,5,555,Чемпионы
C02232,2025-04-09,2,16082.359999999999,267,1,3,1,131,Под риском ухода
C02233,2025-07-07,4,317872.1,178,2,4,4,244,Крупные покупатели
C02235,2025-09-24,2,364966.97,99,2,3,4,234,Крупные покупатели
C02236,2025-11-21,13,1343502.45,41,4,5,5,455,Чемпионы
C02237,2025-12-26,8,837536.74,6,5,5,5,555,Чемпионы
C02238,2025-10-10,2,333709.63,83,3,3,4,334,Крупные покупатели
C02240,2025-12-06,3,549253.68,26,4,4,5,445,Чемпионы
C02242,2025-08-04,1,137909.22,150,2,2,2,222,Обычные
C02243,2025-10-14,6,416320.19,79,3,5,4,354,Лояльные
C02244,2025-11-11,4,367899.06,51,3,4,4,344,Лояльные
C02245,2025-12-16,1,32392.7,16,5,2,1,521,Новые/перспективные
C02246,2025-12-21,2,505346.08999999997,11,5,3,5,535,Крупные покупатели
C02247,2025-08-29,1,32175.42,125,2,2,1,221,Обычные
C02248,2025-09-16,2,62650.77,107,2,3,2,232,Под риском ухода
C02249,2025-12-29,2,171479.35,3,5,3,3,533,Обычные
C02250,2025-12-19,2,398056.82,13,5,3,4,534,Крупные покупатели
C02251,2025-12-27,2,168147.79,5,5,3,3,533,Обычные
C02252,2025-10-23,1,28457.190000000002,70,3,2,1,321,Обычные
C02253,2025-11-16,2,20693.72,46,4,3,1,431,Обычные
C02255,2025-12-23,1,12721.68,9,5,2,1,521,Новые/перспективные
C02256,2025-02-25,1,41646.03,310,1,2,1,121,Обычные
C02257,2025-06-23,1,20120.81,192,1,2,1,121,Обычные
C02258,2025-12-22,4,176767.69,10,5,4,3,543,Лояльные
C02260,2025-06-20,1,2729.76,195,1,2,1,121,Обычные
C02261,2025-01-18,1,36916.13,348,1,2,1,121,Обычные
C02263,2025-12-22,7,560296.34,10,5,5,5,555,Чемпионы
C02264,2025-12-20,2,94573.64,12,5,3,2,532,Обычные
C02266,2025-12-02,2,269296.31,30,4,3,4,434,Крупные покупатели
C02267,2025-10-03,1,270692.05,90,3,2,4,324,Крупные покупатели
C02269,2025-05-25,1,160236.79,221,1,2,3,123,Обычные
C02270,2025-12-26,18,1493662.19,6,5,5,5,555,Чемпионы
C02271,2025-10-14,1,104819.19,79,3,2,2,322,Обычные
C02273,2025-10-10,5,511359.79999999993,83,3,5,5,355,Лояльные
C02274,2025-12-27,2,78034.05,5,5,3,2,532,Обычные
C02277,2025-05-19,3,141749.08000000002,227,1,4,3,143,Под риском ухода
C02278,2025-08-24,1,40521.44,130,2,2,1,221,Обычные
C02279,2025-08-17,5,544509.8200000001,137,2,5,5,255,Крупные покупатели
C02281,2025-12-20,5,304751.49,12,5,5,4,554,Чемпионы
C02283,2025-11-22,6,559558.21,40,4,5,5,455,Чемпионы
C02284,2025-11-05,3,107745.04,57,3,4,2,342,Лояльные
C02286,2025-12-27,2,332939.24,5,5,3,4,534,Крупные покупатели
C02287,2025-11-01,4,219387.69999999998,61,3,4,3,343,Лояльные
C02288,2025-11-22,6,396865.53,40,4,5,4,454,Чемпионы
C02289,2025-12-25,3,117929.83,7,5,4,2,542,Лояльные
C02290,2025-11-17,1,1617.73,45,4,2,1,421,Новые/перспективные
C02291,2025-10-12,6,505188.08999999997,81,3,5,5,355,Лояльные
C02293,2025-12-16,5,505635.12,16,5,5,5,555,Чемпионы
C02294,2025-07-12,2,143838.79,173,2,3,3,233,Под риском ухода
C02295,2025-11-30,1,104408.36,32,4,2,2,422,Новые/перспективные
C02296,2025-09-21,2,42703.81,102,2,3,1,231,Под риском ухода
C02298,2025-11-25,1,17829.86,37,4,2,1,421,Новые/перспективные
C02300,2025-11-28,5,358061.92,34,4,5,4,454,Чемпионы
C02302,2025-01-10,1,64417.75,356,1,2,2,122,Обычные
C02303,2025-09-05,2,259490.34000000003,118,2,3,4,234,Крупные покупатели
C02305,2025-06-05,3,199606.19,210,1,4,3,143,Под риском ухода
C02306,2025-09-09,6,670642.42,114,2,5,5,255,Крупные покупатели
C02307,2025-11-18,3,277066.07999999996,44,4,4,4,444,Чемпионы
C02309,2025-12-15,3,58663.829999999994,17,4,4,1,441,Лояльные
C02310,2025-12-11,6,838681.02,21,4,5,5,455,Чемпионы
C02311,2025-09-16,3,194215.33000000002,107,2,4,3,243,Под риском ухода
C02314,2025-11-01,5,248898.39,61,3,5,3,353,Лояльные
C02315,2025-12-02,4,382187.39,30,4,4,4,444,Чемпионы
C02316,2025-04-25,2,6604.7,251,1,3,1,131,Под риском ухода
C02317,2025-12-20,3,199859.55,12,5,4,3,543,Лояльные
C02318,2025-12-27,2,21125.47,5,5,3,1,531,Обычные
C02319,2025-11-26,4,301631.38999999996,36,4,4,4,444,Чемпионы
C02320,2025-07-06,1,86042.03,179,2,2,2,222,Обычные
C02321,2025-08-21,2,163855.05000000002,133,2,3,3,233,Под риском ухода
C02322,2025-03-14,1,130775.82,293,1,2,2,122,Обычные
C02323,2025-05-22,2,66811.86,224,1,3,2,132,Под риском ухода
C02324,2025-05-02,1,58239.479999999996,244,1,2,1,121,Обычные
C02325,2025-07-04,1,36278.69,181,2,2,1,221,Обычные
C02326,2025-11-15,1,435048.57999999996,47,3,2,4,324,Крупные покупатели
C02327,2025-11-11,2,53793.7,51,3,3,1,331,Обычные
C02328,2025-12-01,2,18798.4,31,4,3,1,431,Обычные
C02329,2025-12-09,2,52996.4,23,4,3,1,431,Обычные
C02330,2025-09-22,4,463006.57,101,2,4,5,245,Крупные покупатели
C02331,2025-07-30,2,370144.18,155,2,3,4,234,Крупные покупатели
C02332,2025-08-07,3,159045.3,147,2,4,3,243,Под риском ухода
C02333,2025-11-16,1,160750.01,46,4,2,3,423,Новые/перспективные
C02335,2025-12-24,7,575784.02,8,5,5,5,555,Чемпионы
C02336,2025-01-06,1,30721.25,360,1,2,1,121,Обычные
C02337,2025-11-08,3,291355.74,54,3,4,4,344,Лояльные
C02339,2025-11-24,2,89847.52,38,4,3,2,432,Обычные
C02342,2025-12-22,3,262988.94,10,5,4,4,544,Чемпионы
C02344,2025-12-24,2,63051.399999999994,8,5,3,2,532,Обычные
C02345,2025-11-02,3,102570.5,60,3,4,2,342,Лояльные
C02346,2025-08-09,2,210100.73,145,2,3,3,233,Под риском ухода
C02347,2025-12-09,5,188185.77,23,4,5,3,453,Лояльные
C02348,2025-12-03,5,777192.49,29,4,5,5,455,Чемпионы
C02349,2025-12-07,2,313835.97,25,4,3,4,434,Крупные покупатели
C02350,2025-12-24,3,166517.09,8,5,4,3,543,Лояльные
C02351,2025-02-05,1,127576.51000000001,330,1,2,2,122,Обычные
C02352,2025-10-26,5,551988.78,67,3,5,5,355,Лояльные
C02353,2025-11-26,2,238176.41999999998,36,4,3,3,433,Обычные
C02354,2025-03-13,1,153124.63,294,1,2,3,123,Обычные
C02355,2025-04-16,1,37766.25,260,1,2,1,121,Обычные
C02356,2025-12-24,11,736354.26,8,5,5,5,555,Чемпионы
C02357,2025-12-05,5,774170.8200000001,27,4,5,5,455,Чемпионы
C02359,2025-09-05,1,198577.7,118,2,2,3,223,Обычные
C02361,2025-10-15,1,167478.5,78,3,2,3,323,Обычные
C02362,2025-12-26,4,353470.54000000004,6,5,4,4,544,Чемпионы
C02363,2025-07-28,1,74382.66,157,2,2,2,222,Обычные
C02364,2025-11-18,1,309546.27,44,4,2,4,424,Крупные покупатели
C02365,2025-07-18,1,22341.82,167,2,2,1,221,Обычные
C02366,2025-05-20,1,38162.4,226,1,2,1,121,Обычные
C02367,2025-09-19,1,288729.61,104,2,2,4,224,Крупные покупатели
C02368,2025-04-05,1,420776.49,271,1,2,4,124,Крупные покупатели
C02369,2025-09-25,6,399685.14,98,2,5,4,254,Крупные покупатели
C02370,2025-11-03,5,245022.29,59,3,5,3,353,Лояльные
C02371,2025-12-28,1,120966.71,4,5,2,2,522,Новые/перспективные
C02372,2025-12-30,7,856906.87,2,5,5,5,555,Чемпионы
C02373,2025-05-17,2,196331.67,229,1,3,3,133,Под риском ухода
C02374,2025-10-04,2,70272.7,89,3,3,2,332,Обычные
C02375,2025-07-21,1,31023.93,164,2,2,1,221,Обычные
C02376,2025-02-11,1,89445.9,324,1,2,2,122,Обычные
C02377,2025-05-21,1,25648.609999999997,225,1,2,1,121,Обычные
C02378,2025-01-23,1,15376.45,343,1,2,1,121,Обычные
C02379,2025-12-28,2,16072.83,4,5,3,1,531,Обычные
C02380,2025-08-27,4,158605.34,127,2,4,3,243,Под риском ухода
C02381,2025-12-29,18,1974985.23,3,5,5,5,555,Чемпионы
C02382,2025-11-24,3,149676.83,38,4,4,3,443,Лояльные
C02383,2025-05-26,1,287259.72,220,1,2,4,124,Крупные покупатели
C02384,2025-12-02,3,504992.39,30,4,4,5,445,Чемпионы
C02387,2025-12-21,14,834354.33,11,5,5,5,555,Чемпионы
C02388,2025-11-25,7,479427.96,37,4,5,5,455,Чемпионы
C02390,2025-12-08,1,93485.71,24,4,2,2,422,Новые/перспективные
C02391,2025-12-15,2,46912.46,17,4,3,1,431,Обычные
C02393,2025-12-19,4,390610.37,13,5,4,4,544,Чемпионы
C02394,2025-05-26,1,4239.38,220,1,2,1,121,Обычные
C02395,2025-12-24,8,865255.72,8,5,5,5,555,Чемпионы
C02396,2025-12-22,12,624900.77,10,5,5,5,555,Чемпионы
C02397,2025-08-23,3,420691.11,131,2,4,4,244,Крупные покупатели
C02398,2025-12-31,5,214320.94,1,5,5,3,553,Лояльные
C02399,2025-06-07,1,161404.95,208,1,2,3,123,Обычные
