ticket_id,created_at,channel,category,priority,customer_segment,previous_tickets_90d,backlog_at_creation,agent_experience_months,first_response_minutes,messages_count,reopen_count,resolution_minutes,sla_limit_minutes,sla_breached,cluster
TKT-00001,2026-06-14 01:53:00,email,account,low,business,4,48,15,192.5,4,1,1394.6,1800,0,2
TKT-00002,2026-05-13 11:59:00,chat,technical,high,business,6,22,8,34.9,16,3,915.9,780,1,0
TKT-00003,2026-03-16 16:07:00,portal,incident,critical,standard,3,60,26,124.8,9,1,1495.6,420,1,2
TKT-00004,2026-01-15 11:09:00,email,billing,high,standard,4,25,23,23.2,15,1,778.9,780,0,0
TKT-00005,2026-01-28 11:38:00,email,how_to,low,standard,0,17,44,18.8,3,0,162.3,1800,0,1
TKT-00006,2026-02-13 16:31:00,chat,account,low,standard,2,51,16,81.1,6,0,1108.7,1800,0,2
TKT-00007,2026-03-15 03:10:00,phone,incident,critical,standard,3,56,10,121.0,7,0,1348.4,420,1,2
TKT-00008,2026-06-09 11:04:00,chat,technical,critical,vip,2,53,21,90.0,9,1,1845.4,420,1,2
TKT-00009,2026-01-22 12:33:00,email,account,medium,standard,1,9,37,12.4,3,0,191.9,1200,0,1
TKT-00010,2026-04-14 20:17:00,chat,account,high,standard,3,22,21,39.5,15,2,914.2,780,1,0
TKT-00011,2026-03-04 12:25:00,email,how_to,medium,business,1,18,28,11.9,4,0,136.4,1200,0,1
TKT-00012,2026-01-09 09:15:00,email,technical,high,business,2,48,19,84.4,8,1,731.2,780,0,2
TKT-00013,2026-04-22 11:29:00,portal,billing,low,standard,6,19,36,32.2,12,1,909.4,1800,0,0
TKT-00014,2026-05-07 18:22:00,chat,technical,low,standard,4,52,13,125.1,6,1,1383.4,1800,0,2
TKT-00015,2026-06-22 16:57:00,chat,billing,medium,vip,6,23,18,29.7,14,2,964.0,1200,0,0
TKT-00016,2026-04-02 04:52:00,email,how_to,high,standard,1,10,37,11.3,3,0,161.3,780,0,1
TKT-00017,2026-02-28 13:43:00,chat,technical,low,business,7,24,15,60.3,13,4,715.0,1800,0,0
TKT-00018,2026-06-03 19:32:00,email,billing,low,business,1,10,33,16.1,3,0,171.1,1800,0,1
TKT-00019,2026-02-14 12:34:00,email,technical,high,standard,4,51,13,81.6,7,0,1036.6,780,1,2
TKT-00020,2026-05-03 20:06:00,portal,account,low,business,5,22,19,29.5,15,1,893.1,1800,0,0
TKT-00021,2026-06-19 19:26:00,portal,incident,medium,standard,1,43,13,147.1,6,1,957.6,1200,0,2
TKT-00022,2026-01-01 19:12:00,portal,account,medium,standard,0,19,32,13.3,4,0,163.6,1200,0,1
TKT-00023,2026-06-16 12:45:00,email,incident,medium,standard,4,47,28,129.6,7,0,1365.9,1200,1,2
TKT-00024,2026-02-07 00:47:00,portal,technical,high,vip,3,54,32,136.7,5,1,1300.3,780,1,2
TKT-00025,2026-03-28 16:24:00,portal,technical,critical,standard,2,54,6,115.6,10,3,1469.3,420,1,2
TKT-00026,2026-02-16 10:24:00,portal,billing,low,standard,2,10,19,11.8,3,1,171.0,1800,0,1
TKT-00027,2026-01-27 00:14:00,chat,account,critical,vip,5,16,20,50.8,18,1,1006.5,420,1,0
TKT-00028,2026-05-07 09:38:00,email,how_to,high,standard,0,11,32,11.2,2,0,176.0,780,0,1
TKT-00029,2026-03-28 19:03:00,portal,billing,medium,business,2,3,37,19.0,2,0,176.1,1200,0,1
TKT-00030,2026-04-02 16:14:00,portal,how_to,high,business,4,20,15,20.7,14,0,804.1,780,1,0
TKT-00031,2026-03-29 01:09:00,portal,how_to,high,business,6,28,25,47.9,15,1,1004.9,780,1,0
TKT-00032,2026-05-15 12:58:00,portal,incident,high,business,2,56,23,92.7,10,3,1358.3,780,1,2
TKT-00033,2026-06-23 21:33:00,portal,how_to,medium,business,1,15,41,8.5,3,0,188.0,1200,0,1
TKT-00034,2026-04-03 07:35:00,portal,billing,low,standard,1,15,43,10.7,2,0,150.9,1800,0,1
TKT-00035,2026-01-29 00:09:00,email,technical,critical,vip,5,28,9,33.3,17,1,938.0,420,1,0
TKT-00036,2026-02-28 22:18:00,phone,how_to,medium,vip,0,16,25,12.7,2,0,343.7,1200,0,1
TKT-00037,2026-03-31 06:51:00,email,technical,medium,business,2,15,22,10.7,6,1,201.6,1200,0,1
TKT-00038,2026-01-19 15:48:00,chat,billing,medium,business,5,23,30,26.8,14,0,622.7,1200,0,0
TKT-00039,2026-02-11 05:44:00,portal,technical,low,standard,1,10,25,19.5,4,0,172.6,1800,0,1
TKT-00040,2026-02-06 11:19:00,email,technical,medium,business,5,13,5,42.7,14,4,790.5,1200,0,0
TKT-00041,2026-06-25 03:10:00,phone,billing,medium,standard,6,21,23,50.9,16,1,654.5,1200,0,0
TKT-00042,2026-03-14 03:22:00,email,billing,high,business,3,50,30,137.8,9,0,1300.4,780,1,2
TKT-00043,2026-06-08 05:28:00,chat,account,medium,business,6,3,28,32.0,15,2,655.5,1200,0,0
TKT-00044,2026-04-10 06:16:00,phone,billing,low,business,2,14,39,14.3,4,0,206.1,1800,0,1
TKT-00045,2026-04-02 02:18:00,email,account,high,standard,3,51,35,149.9,11,0,997.4,780,1,2
TKT-00046,2026-06-18 22:54:00,email,incident,medium,business,3,47,35,120.7,7,0,858.9,1200,0,2
TKT-00047,2026-05-05 13:14:00,email,how_to,high,business,1,9,27,13.3,2,0,215.2,780,0,1
TKT-00048,2026-02-13 03:35:00,portal,account,low,standard,1,12,41,14.4,4,0,223.3,1800,0,1
TKT-00049,2026-02-20 16:43:00,portal,billing,medium,vip,7,12,4,31.4,14,0,876.4,1200,0,0
TKT-00050,2026-04-30 21:29:00,portal,incident,low,business,1,7,29,11.8,2,0,332.2,1800,0,1
TKT-00051,2026-01-01 09:40:00,chat,how_to,medium,standard,1,9,44,10.0,3,0,122.9,1200,0,1
TKT-00052,2026-01-28 10:59:00,email,billing,medium,standard,0,16,51,11.0,1,0,227.2,1200,0,1
TKT-00053,2026-01-14 09:05:00,email,technical,high,business,2,54,9,114.5,7,1,1108.3,780,1,2
TKT-00054,2026-05-09 11:24:00,portal,billing,critical,business,7,18,37,24.5,16,1,822.8,420,1,0
TKT-00055,2026-03-21 10:36:00,chat,incident,medium,vip,3,14,15,44.5,14,1,1006.3,1200,0,0
TKT-00056,2026-01-03 00:59:00,phone,account,high,standard,2,52,21,121.2,8,0,1548.5,780,1,2
TKT-00057,2026-05-14 11:57:00,email,technical,low,standard,4,23,33,35.5,13,0,739.4,1800,0,0
TKT-00058,2026-04-29 01:34:00,email,technical,medium,business,5,15,31,21.5,14,0,730.1,1200,0,0
TKT-00059,2026-05-10 08:30:00,chat,billing,medium,business,1,7,39,14.0,5,0,159.4,1200,0,1
TKT-00060,2026-01-30 09:06:00,chat,how_to,low,vip,2,16,47,14.7,1,0,139.5,1800,0,1
TKT-00061,2026-06-07 11:44:00,phone,billing,high,vip,6,22,2,45.2,15,1,1256.0,780,1,0
TKT-00062,2026-02-02 11:00:00,email,billing,high,business,4,26,13,32.8,14,0,830.1,780,1,0
TKT-00063,2026-04-13 18:09:00,portal,account,high,vip,6,26,31,22.1,16,0,568.1,780,0,0
TKT-00064,2026-04-11 14:28:00,email,billing,high,standard,2,59,19,151.0,8,0,1846.3,780,1,2
TKT-00065,2026-02-09 08:52:00,email,incident,high,business,4,17,16,46.7,15,5,994.2,780,1,0
TKT-00066,2026-03-09 13:46:00,phone,technical,medium,vip,5,17,23,24.2,15,1,808.9,1200,0,0
TKT-00067,2026-01-10 09:29:00,portal,technical,low,business,5,27,32,52.2,13,0,1036.8,1800,0,0
TKT-00068,2026-03-26 20:02:00,email,billing,low,vip,2,5,24,9.0,2,0,159.7,1800,0,1
TKT-00069,2026-05-02 21:07:00,chat,how_to,medium,standard,1,10,45,22.7,2,0,201.4,1200,0,1
TKT-00070,2026-02-25 14:23:00,phone,technical,critical,standard,5,19,16,29.0,18,1,849.5,420,1,0
TKT-00071,2026-04-07 19:09:00,email,how_to,low,standard,2,12,31,9.8,2,0,141.5,1800,0,1
TKT-00072,2026-06-21 14:58:00,phone,account,medium,vip,4,27,27,34.2,11,1,900.1,1200,0,0
TKT-00073,2026-02-12 05:32:00,portal,technical,high,standard,2,42,14,151.7,6,1,1339.5,780,1,2
TKT-00074,2026-02-22 07:38:00,portal,billing,medium,business,1,5,25,12.3,5,0,231.2,1200,0,1
TKT-00075,2026-01-22 14:22:00,portal,incident,medium,standard,0,12,39,13.3,3,0,179.9,1200,0,1
TKT-00076,2026-04-08 13:38:00,phone,how_to,medium,business,1,15,54,13.3,3,0,155.1,1200,0,1
TKT-00077,2026-02-06 16:35:00,chat,billing,medium,standard,2,12,30,15.6,2,0,178.1,1200,0,1
TKT-00078,2026-06-03 18:48:00,portal,billing,high,standard,5,24,31,32.1,15,4,693.7,780,0,0
TKT-00079,2026-02-22 08:52:00,portal,account,low,business,4,31,31,28.9,14,3,781.0,1800,0,0
TKT-00080,2026-04-30 13:15:00,email,technical,critical,business,1,43,23,106.2,8,0,1093.8,420,1,2
TKT-00081,2026-02-04 01:24:00,email,billing,low,business,5,16,19,34.8,12,1,632.4,1800,0,0
TKT-00082,2026-02-28 02:23:00,chat,technical,high,standard,5,18,15,36.2,16,4,1040.1,780,1,0
TKT-00083,2026-01-31 19:34:00,portal,account,low,standard,3,56,10,132.0,7,0,1680.6,1800,0,2
TKT-00084,2026-04-10 10:31:00,chat,how_to,low,vip,0,0,53,12.9,3,0,117.7,1800,0,1
TKT-00085,2026-01-05 23:58:00,email,technical,low,business,1,6,21,7.4,4,0,114.0,1800,0,1
TKT-00086,2026-01-15 22:31:00,portal,billing,low,business,1,14,34,11.8,2,0,166.0,1800,0,1
TKT-00087,2026-04-01 06:09:00,portal,incident,medium,business,7,27,5,30.1,15,2,819.6,1200,0,0
TKT-00088,2026-04-09 05:21:00,phone,account,low,vip,5,13,14,34.7,13,2,560.0,1800,0,0
TKT-00089,2026-03-01 08:22:00,email,technical,medium,standard,1,8,29,19.7,4,0,226.5,1200,0,1
TKT-00090,2026-03-19 15:36:00,email,account,medium,business,5,22,19,32.0,15,2,650.4,1200,0,0
TKT-00091,2026-03-16 23:13:00,portal,billing,medium,business,1,12,31,10.7,4,0,200.9,1200,0,1
TKT-00092,2026-05-17 10:16:00,phone,technical,high,standard,5,19,19,52.3,15,1,983.2,780,1,0
TKT-00093,2026-03-22 08:40:00,chat,account,high,standard,5,17,31,39.5,15,2,464.5,780,0,0
TKT-00094,2026-06-02 14:56:00,chat,billing,low,business,0,0,25,12.8,2,0,73.6,1800,0,1
TKT-00095,2026-02-09 01:33:00,email,incident,low,business,1,19,32,12.6,3,1,202.8,1800,0,1
TKT-00096,2026-02-05 22:20:00,phone,technical,critical,business,5,21,23,30.0,16,0,1073.0,420,1,0
TKT-00097,2026-03-14 16:05:00,portal,account,low,standard,0,16,38,11.4,2,0,200.3,1800,0,1
TKT-00098,2026-01-15 16:14:00,email,account,low,vip,1,9,42,14.1,1,0,114.8,1800,0,1
TKT-00099,2026-05-01 18:57:00,portal,account,high,standard,1,7,48,15.0,2,0,148.0,780,0,1
TKT-00100,2026-03-12 07:12:00,email,incident,critical,standard,2,56,27,118.2,9,0,1556.6,420,1,2
TKT-00101,2026-03-07 22:50:00,phone,technical,high,vip,3,53,22,107.8,7,1,1193.9,780,1,2
TKT-00102,2026-04-07 03:31:00,phone,account,high,vip,6,22,12,30.9,16,6,816.5,780,0,0
TKT-00103,2026-01-15 18:41:00,email,how_to,medium,vip,1,17,20,15.9,5,0,104.5,1200,0,1
TKT-00104,2026-03-09 19:47:00,email,technical,high,vip,4,48,30,147.9,7,0,1062.7,780,1,2
TKT-00105,2026-06-24 23:58:00,chat,incident,low,business,3,48,11,129.7,6,1,880.3,1800,0,2
TKT-00106,2026-04-24 03:23:00,phone,account,low,standard,5,27,22,30.6,13,1,662.0,1800,0,0
TKT-00107,2026-04-14 07:34:00,chat,billing,high,standard,5,12,40,44.7,14,2,581.0,780,0,0
TKT-00108,2026-04-02 00:24:00,portal,how_to,low,vip,1,17,27,12.5,2,0,229.3,1800,0,1
TKT-00109,2026-03-26 08:53:00,portal,billing,medium,business,2,7,23,8.7,4,0,207.7,1200,0,1
TKT-00110,2026-06-18 14:13:00,chat,incident,medium,standard,2,44,2,223.7,7,0,1388.5,1200,1,2
TKT-00111,2026-06-17 11:08:00,chat,billing,high,standard,4,16,40,37.5,14,0,595.4,780,0,0
TKT-00112,2026-03-15 16:34:00,email,billing,medium,standard,1,19,32,10.9,3,0,199.0,1200,0,1
TKT-00113,2026-06-16 10:49:00,email,account,medium,standard,1,15,35,10.5,1,0,153.6,1200,0,1
TKT-00114,2026-01-15 20:22:00,email,incident,high,vip,5,16,41,38.7,13,0,462.4,780,0,0
TKT-00115,2026-02-27 13:09:00,portal,how_to,low,standard,2,14,49,12.7,1,0,139.7,1800,0,1
TKT-00116,2026-02-24 08:21:00,chat,incident,high,business,2,49,33,111.0,6,0,1602.5,780,1,2
TKT-00117,2026-05-06 12:09:00,email,technical,medium,vip,2,53,26,102.9,8,0,1358.2,1200,1,2
TKT-00118,2026-04-20 01:27:00,chat,technical,high,business,4,20,23,45.4,15,2,946.4,780,1,0
TKT-00119,2026-03-27 01:40:00,chat,how_to,high,business,5,25,26,47.0,15,2,987.4,780,1,0
TKT-00120,2026-02-16 02:01:00,chat,technical,critical,standard,6,15,27,38.0,16,0,763.4,420,1,0
TKT-00121,2026-04-02 05:40:00,email,technical,high,standard,6,18,14,42.5,17,0,915.5,780,1,0
TKT-00122,2026-02-18 10:01:00,chat,account,critical,standard,7,25,17,37.1,16,1,789.4,420,1,0
TKT-00123,2026-03-31 13:06:00,portal,billing,low,standard,1,10,24,8.7,3,0,277.7,1800,0,1
TKT-00124,2026-03-03 02:57:00,portal,technical,critical,standard,5,30,30,17.3,14,0,1619.9,420,1,0
TKT-00125,2026-06-09 22:50:00,portal,billing,medium,standard,0,7,37,7.5,4,0,163.4,1200,0,1
TKT-00126,2026-05-15 07:19:00,portal,how_to,medium,standard,4,19,21,28.1,15,1,550.3,1200,0,0
TKT-00127,2026-02-01 13:10:00,chat,billing,medium,standard,0,11,25,14.7,3,1,289.2,1200,0,1
TKT-00128,2026-06-19 05:22:00,chat,how_to,low,vip,1,9,38,14.7,3,0,155.3,1800,0,1
TKT-00129,2026-04-29 13:56:00,portal,technical,low,standard,2,14,35,10.0,3,0,209.5,1800,0,1
TKT-00130,2026-03-05 01:37:00,chat,incident,medium,business,5,16,34,37.7,14,3,703.3,1200,0,0
TKT-00131,2026-04-06 11:35:00,email,how_to,low,business,0,11,41,12.2,2,0,213.8,1800,0,1
TKT-00132,2026-02-05 04:30:00,chat,billing,high,standard,2,55,19,120.6,7,1,862.5,780,1,2
TKT-00133,2026-01-09 10:16:00,phone,billing,high,business,6,22,17,26.8,17,1,1311.0,780,1,0
TKT-00134,2026-03-17 17:09:00,email,billing,medium,business,0,11,28,12.3,3,0,275.8,1200,0,1
TKT-00135,2026-05-21 18:59:00,portal,incident,medium,business,4,21,17,34.6,15,3,510.6,1200,0,0
TKT-00136,2026-03-05 07:56:00,portal,billing,low,standard,1,19,39,18.2,3,0,151.4,1800,0,1
TKT-00137,2026-03-11 03:57:00,email,how_to,high,business,3,52,15,111.3,9,0,1704.0,780,1,2
TKT-00138,2026-06-28 04:54:00,phone,how_to,low,business,4,16,31,28.7,14,0,858.7,1800,0,0
TKT-00139,2026-06-27 16:55:00,email,account,critical,standard,4,43,33,135.4,10,1,832.8,420,1,2
TKT-00140,2026-03-25 11:54:00,portal,technical,low,standard,0,3,56,9.7,3,0,99.3,1800,0,1
TKT-00141,2026-01-08 22:52:00,portal,technical,high,standard,4,24,28,30.1,15,0,793.5,780,1,0
TKT-00142,2026-05-03 06:30:00,phone,technical,high,vip,4,17,19,30.2,16,3,1161.7,780,1,0
TKT-00143,2026-05-09 15:33:00,email,account,high,standard,2,49,19,124.8,9,1,1261.3,780,1,2
TKT-00144,2026-06-14 11:33:00,chat,incident,high,standard,5,24,38,50.9,17,0,1460.3,780,1,0
TKT-00145,2026-06-20 15:35:00,chat,account,medium,business,6,23,41,29.2,13,2,850.3,1200,0,0
TKT-00146,2026-04-24 05:32:00,portal,account,high,vip,0,14,36,13.2,3,0,303.4,780,0,1
TKT-00147,2026-01-20 06:47:00,portal,technical,medium,standard,1,11,54,12.7,5,0,133.4,1200,0,1
TKT-00148,2026-02-14 21:18:00,email,technical,high,standard,4,17,13,23.4,15,1,855.0,780,1,0
TKT-00149,2026-05-10 00:03:00,email,incident,high,business,5,16,32,50.0,16,1,922.3,780,1,0
TKT-00150,2026-04-20 08:00:00,email,how_to,high,business,2,11,29,12.1,3,0,176.6,780,1,1
TKT-00151,2026-03-20 11:25:00,chat,technical,critical,business,3,55,21,94.9,8,0,1207.7,420,1,2
TKT-00152,2026-03-14 08:06:00,portal,billing,high,vip,4,59,26,136.4,8,0,1011.8,780,1,2
TKT-00153,2026-05-08 17:14:00,email,billing,medium,standard,2,3,37,9.9,4,0,163.9,1200,0,1
TKT-00154,2026-03-18 00:33:00,portal,billing,high,standard,5,23,18,34.9,16,4,1056.4,780,1,0
TKT-00155,2026-01-28 20:39:00,portal,how_to,medium,standard,1,8,21,17.1,3,0,140.8,1200,0,1
TKT-00156,2026-06-26 06:40:00,chat,how_to,critical,standard,5,16,30,32.9,16,2,1029.1,420,1,0
TKT-00157,2026-03-04 21:20:00,chat,how_to,low,standard,2,12,37,14.0,3,0,179.8,1800,0,1
TKT-00158,2026-02-20 03:30:00,chat,technical,medium,vip,5,16,31,37.5,16,2,964.9,1200,0,0
TKT-00159,2026-01-13 11:26:00,portal,account,low,standard,4,22,22,29.5,13,3,813.9,1800,0,0
TKT-00160,2026-03-26 09:47:00,email,account,medium,business,2,49,35,107.5,9,2,1354.2,1200,1,2
TKT-00161,2026-06-27 12:23:00,portal,incident,high,standard,0,19,34,9.6,5,0,237.5,780,0,1
TKT-00162,2026-01-29 18:37:00,phone,incident,high,business,2,46,10,163.1,6,0,1280.7,780,1,2
TKT-00163,2026-02-14 01:06:00,email,how_to,low,standard,1,8,25,10.8,3,0,239.9,1800,0,1
TKT-00164,2026-02-02 03:18:00,chat,billing,low,standard,1,11,30,11.9,5,0,214.9,1800,0,1
TKT-00165,2026-01-17 22:18:00,portal,technical,medium,standard,5,24,41,56.7,16,1,616.7,1200,0,0
TKT-00166,2026-04-19 15:03:00,portal,account,medium,vip,2,4,39,17.4,3,0,181.7,1200,0,1
TKT-00167,2026-02-23 16:10:00,chat,account,critical,vip,3,51,10,106.5,8,1,1475.9,420,1,2
TKT-00168,2026-05-16 04:23:00,email,incident,low,vip,3,42,30,125.5,3,0,831.4,1800,0,2
TKT-00169,2026-03-14 02:46:00,email,how_to,medium,business,1,11,42,17.3,3,0,193.3,1200,0,1
TKT-00170,2026-04-25 13:30:00,email,account,high,standard,3,56,17,187.0,8,2,1593.7,780,1,2
TKT-00171,2026-01-17 02:10:00,phone,account,medium,standard,0,20,33,13.8,3,0,120.0,1200,0,1
TKT-00172,2026-03-01 06:30:00,portal,technical,medium,standard,5,15,40,40.8,13,3,1253.7,1200,1,0
TKT-00173,2026-03-16 12:40:00,chat,account,low,business,1,8,26,9.2,3,0,147.6,1800,0,1
TKT-00174,2026-01-11 17:33:00,email,how_to,high,standard,3,55,5,117.9,8,0,1830.2,780,1,2
TKT-00175,2026-03-17 11:18:00,portal,how_to,medium,standard,2,8,27,13.9,2,0,177.7,1200,0,1
TKT-00176,2026-03-26 15:32:00,email,how_to,medium,business,0,8,44,13.1,4,0,202.4,1200,0,1
TKT-00177,2026-03-14 16:35:00,email,billing,medium,standard,4,16,18,29.9,15,2,1041.6,1200,1,0
TKT-00178,2026-04-01 18:26:00,phone,how_to,critical,business,4,49,22,154.1,8,0,1308.5,420,1,2
TKT-00179,2026-05-24 12:03:00,phone,technical,high,standard,1,50,12,99.3,6,1,1621.1,780,1,2
TKT-00180,2026-05-19 17:12:00,phone,technical,medium,business,5,20,13,38.9,14,0,801.2,1200,0,0
TKT-00181,2026-01-03 12:54:00,phone,technical,critical,vip,2,43,27,148.0,9,1,1245.8,420,1,2
TKT-00182,2026-04-26 06:03:00,chat,account,critical,business,2,43,6,116.4,7,0,2244.6,420,1,2
TKT-00183,2026-06-12 17:37:00,email,how_to,low,standard,5,18,24,23.7,13,1,856.2,1800,0,0
TKT-00184,2026-06-06 19:50:00,chat,account,medium,standard,2,16,30,13.0,2,0,161.7,1200,0,1
TKT-00185,2026-02-28 04:53:00,portal,how_to,medium,standard,3,43,39,117.9,6,0,1139.0,1200,0,2
TKT-00186,2026-05-21 22:29:00,chat,incident,high,standard,5,20,24,39.4,16,2,839.8,780,1,0
TKT-00187,2026-05-25 04:12:00,portal,how_to,low,standard,2,11,33,12.0,3,0,155.6,1800,0,1
TKT-00188,2026-03-07 20:35:00,email,billing,medium,standard,1,13,41,21.7,4,0,161.9,1200,0,1
TKT-00189,2026-06-06 10:42:00,email,incident,medium,standard,6,13,15,38.4,13,1,711.8,1200,0,0
TKT-00190,2026-04-24 19:11:00,portal,billing,medium,standard,0,10,31,15.2,1,0,214.4,1200,0,1
TKT-00191,2026-05-16 04:47:00,portal,technical,critical,vip,2,51,10,141.0,8,0,2938.3,420,1,2
TKT-00192,2026-05-15 12:16:00,portal,account,low,standard,1,3,47,13.1,1,0,110.7,1800,0,1
TKT-00193,2026-05-21 15:24:00,portal,how_to,high,standard,2,5,44,12.0,3,0,139.8,780,0,1
TKT-00194,2026-06-22 05:43:00,portal,technical,critical,business,1,47,27,119.7,10,0,1060.8,420,1,2
TKT-00195,2026-06-04 08:03:00,portal,technical,high,standard,1,7,30,13.2,5,0,139.5,780,0,1
TKT-00196,2026-03-18 00:33:00,email,incident,low,vip,1,12,45,20.1,1,1,217.1,1800,0,1
TKT-00197,2026-04-12 04:04:00,email,account,high,standard,6,18,40,53.4,15,2,663.7,780,0,0
TKT-00198,2026-04-27 16:34:00,chat,account,low,business,3,46,2,77.0,6,1,885.7,1800,0,2
TKT-00199,2026-06-04 04:17:00,portal,account,low,business,0,5,26,9.4,2,1,141.9,1800,0,1
TKT-00200,2026-03-12 16:18:00,email,billing,high,business,1,8,41,11.9,2,0,231.8,780,0,1
TKT-00201,2026-02-26 08:02:00,portal,account,high,business,2,44,17,170.4,8,0,1017.2,780,1,2
TKT-00202,2026-05-13 19:25:00,email,billing,high,business,1,46,14,102.7,6,0,1209.3,780,1,2
TKT-00203,2026-06-21 18:00:00,email,billing,medium,business,5,14,21,38.1,14,1,666.3,1200,0,0
TKT-00204,2026-06-14 03:48:00,email,billing,medium,standard,1,10,44,12.9,5,0,156.6,1200,0,1
TKT-00205,2026-01-27 15:10:00,portal,how_to,medium,business,0,9,43,12.2,4,0,187.4,1200,1,1
TKT-00206,2026-06-15 11:03:00,email,how_to,medium,standard,1,10,23,9.9,4,0,156.3,1200,0,1
TKT-00207,2026-05-23 01:17:00,portal,how_to,high,standard,2,12,38,15.1,4,0,230.1,780,0,1
TKT-00208,2026-01-29 06:37:00,email,incident,medium,standard,4,15,34,47.4,16,2,398.5,1200,0,0
TKT-00209,2026-01-02 04:16:00,portal,how_to,low,standard,2,11,22,12.2,2,0,192.1,1800,0,1
TKT-00210,2026-02-06 17:41:00,chat,how_to,high,standard,5,17,14,29.2,13,0,870.3,780,1,0
TKT-00211,2026-06-17 07:07:00,email,account,critical,standard,3,17,35,24.2,20,1,938.8,420,1,0
TKT-00212,2026-05-16 21:17:00,chat,billing,medium,business,6,14,10,35.8,15,1,936.4,1200,0,0
TKT-00213,2026-04-14 13:19:00,portal,incident,low,standard,1,9,33,10.1,3,0,169.5,1800,0,1
TKT-00214,2026-04-24 13:57:00,portal,incident,medium,business,3,55,24,90.9,6,0,1163.2,1200,0,2
TKT-00215,2026-03-16 09:33:00,email,account,high,business,4,26,31,43.8,15,2,1007.5,780,1,0
TKT-00216,2026-06-12 22:03:00,portal,account,medium,business,4,25,25,47.5,14,2,776.9,1200,0,0
TKT-00217,2026-01-29 02:54:00,email,billing,medium,business,0,0,42,10.5,4,0,195.8,1200,0,1
TKT-00218,2026-02-26 11:37:00,chat,how_to,critical,standard,1,7,35,15.4,3,0,196.9,420,0,1
TKT-00219,2026-02-06 02:33:00,chat,account,low,standard,3,48,17,107.7,7,1,951.6,1800,0,2
TKT-00220,2026-06-02 15:26:00,portal,how_to,medium,business,2,17,27,8.8,4,0,183.2,1200,0,1
TKT-00221,2026-04-08 05:01:00,portal,how_to,medium,business,2,0,45,13.0,4,0,106.8,1200,0,1
TKT-00222,2026-05-04 01:54:00,chat,technical,high,business,5,24,28,23.2,13,0,763.3,780,0,0
TKT-00223,2026-06-15 11:55:00,portal,how_to,medium,business,6,14,18,25.7,15,2,653.9,1200,0,0
TKT-00224,2026-02-05 04:22:00,email,billing,high,business,3,45,30,160.4,7,0,1695.1,780,1,2
TKT-00225,2026-06-23 14:19:00,chat,billing,low,business,0,5,34,15.0,2,0,212.2,1800,1,1
TKT-00226,2026-01-23 18:27:00,email,technical,high,business,2,47,25,123.9,8,2,1250.7,780,1,2
TKT-00227,2026-05-16 18:31:00,portal,how_to,medium,business,2,11,30,14.9,4,1,214.8,1200,0,1
TKT-00228,2026-05-07 11:45:00,email,how_to,low,standard,5,18,19,25.4,14,3,446.4,1800,0,0
TKT-00229,2026-05-29 13:48:00,chat,billing,medium,standard,5,24,23,28.7,11,1,699.1,1200,0,0
TKT-00230,2026-01-29 12:33:00,portal,how_to,high,standard,2,16,38,7.4,5,0,162.5,780,0,1
TKT-00231,2026-06-22 18:47:00,email,account,low,standard,2,9,22,12.3,5,0,169.0,1800,0,1
TKT-00232,2026-05-23 23:30:00,email,incident,medium,vip,5,20,28,42.3,13,1,665.7,1200,0,0
TKT-00233,2026-01-20 21:56:00,email,account,high,standard,4,41,13,140.4,6,0,1261.0,780,1,2
TKT-00234,2026-04-11 06:39:00,email,account,medium,standard,5,19,18,36.0,17,1,724.2,1200,0,0
TKT-00235,2026-05-28 02:36:00,chat,technical,medium,vip,2,58,3,128.6,5,1,1206.4,1200,1,2
TKT-00236,2026-03-27 20:03:00,email,technical,high,standard,2,51,34,120.0,7,0,822.4,780,1,2
TKT-00237,2026-03-10 13:31:00,chat,billing,low,vip,5,21,27,49.4,11,1,656.2,1800,0,0
TKT-00238,2026-02-19 14:17:00,email,billing,high,standard,3,49,24,108.7,8,0,747.3,780,0,2
TKT-00239,2026-04-03 20:50:00,portal,billing,medium,standard,2,7,36,13.1,3,0,171.4,1200,0,1
TKT-00240,2026-06-27 02:12:00,portal,billing,medium,standard,1,13,45,11.8,2,0,175.3,1200,0,1
TKT-00241,2026-04-20 08:28:00,email,billing,low,standard,1,50,22,110.6,7,0,1036.1,1800,0,2
TKT-00242,2026-05-10 23:45:00,email,account,critical,standard,2,45,17,198.6,9,1,1139.1,420,1,2
TKT-00243,2026-05-21 08:00:00,chat,how_to,low,standard,1,13,32,10.8,2,0,140.5,1800,0,1
TKT-00244,2026-05-21 01:14:00,phone,account,high,standard,5,18,35,24.1,17,1,487.7,780,0,0
TKT-00245,2026-03-14 01:56:00,chat,account,medium,standard,5,21,19,41.3,14,3,662.7,1200,0,0
TKT-00246,2026-05-19 08:49:00,email,technical,critical,vip,3,52,18,126.9,7,0,1087.4,420,0,2
TKT-00247,2026-03-01 01:09:00,email,technical,low,standard,4,26,27,31.4,13,2,702.4,1800,0,0
TKT-00248,2026-04-16 02:56:00,chat,billing,low,business,4,10,21,35.7,14,1,595.8,1800,0,0
TKT-00249,2026-02-24 10:35:00,portal,how_to,medium,standard,2,15,23,12.8,3,0,250.0,1200,0,1
TKT-00250,2026-06-19 03:29:00,chat,incident,low,vip,4,29,17,20.8,10,2,656.5,1800,0,0
TKT-00251,2026-05-12 10:15:00,chat,technical,medium,vip,4,20,16,40.0,14,4,609.2,1200,0,0
TKT-00252,2026-04-16 02:06:00,email,how_to,high,vip,2,47,11,170.0,5,0,1139.4,780,1,2
TKT-00253,2026-03-23 06:30:00,phone,account,high,vip,6,19,23,42.9,16,3,660.9,780,0,0
TKT-00254,2026-04-04 14:35:00,chat,account,low,standard,0,14,41,13.7,5,0,154.3,1800,0,1
TKT-00255,2026-05-21 09:11:00,portal,account,high,business,1,7,43,12.7,3,0,170.4,780,0,1
TKT-00256,2026-02-19 06:25:00,phone,incident,high,standard,5,25,35,37.6,15,1,1060.2,780,1,0
TKT-00257,2026-05-30 02:58:00,portal,technical,critical,vip,3,54,24,208.5,8,0,1314.2,420,1,2
TKT-00258,2026-02-20 17:05:00,portal,billing,medium,standard,1,1,46,9.4,1,0,160.8,1200,0,1
TKT-00259,2026-01-26 11:46:00,portal,billing,medium,standard,0,5,36,10.4,3,0,145.2,1200,0,1
TKT-00260,2026-05-13 15:20:00,chat,billing,medium,vip,4,16,24,36.4,13,5,1011.2,1200,0,0
TKT-00261,2026-05-08 12:03:00,portal,account,medium,business,1,7,36,17.9,5,0,122.7,1200,0,1
TKT-00262,2026-03-02 06:11:00,phone,technical,critical,vip,3,57,21,109.5,8,0,1629.1,420,1,2
TKT-00263,2026-04-27 18:41:00,portal,how_to,low,standard,1,14,21,10.0,3,0,123.1,1800,0,1
TKT-00264,2026-05-12 04:01:00,portal,technical,low,standard,0,5,47,9.7,3,0,105.4,1800,0,1
TKT-00265,2026-05-22 19:26:00,chat,account,low,standard,2,50,30,141.7,6,0,1100.7,1800,0,2
TKT-00266,2026-06-21 11:41:00,portal,how_to,high,standard,0,7,47,18.9,1,1,215.2,780,0,1
TKT-00267,2026-06-03 18:49:00,email,how_to,low,standard,1,4,32,18.6,3,0,172.0,1800,0,1
TKT-00268,2026-03-21 01:48:00,portal,technical,medium,standard,0,4,19,13.9,2,0,223.8,1200,0,1
TKT-00269,2026-02-11 10:37:00,phone,technical,high,business,2,19,41,12.4,5,1,224.6,780,0,1
TKT-00270,2026-01-18 12:26:00,email,billing,critical,standard,1,8,31,15.0,3,0,175.6,420,0,1
TKT-00271,2026-04-14 06:49:00,portal,incident,low,business,1,12,31,14.9,4,1,209.0,1800,0,1
TKT-00272,2026-04-30 23:28:00,portal,technical,medium,business,2,22,45,12.8,3,0,135.7,1200,0,1
TKT-00273,2026-05-05 08:36:00,portal,account,high,business,1,7,45,8.8,3,0,118.4,780,0,1
TKT-00274,2026-01-02 17:08:00,phone,incident,low,standard,4,17,17,32.2,12,1,587.9,1800,0,0
TKT-00275,2026-05-07 05:51:00,chat,account,high,standard,6,21,26,31.2,16,1,886.3,780,1,0
TKT-00276,2026-05-22 15:51:00,portal,account,low,standard,1,12,34,10.1,4,0,116.8,1800,0,1
TKT-00277,2026-05-10 21:59:00,portal,billing,medium,business,0,14,38,13.8,3,0,153.5,1200,0,1
TKT-00278,2026-04-05 14:49:00,chat,technical,medium,business,4,13,18,35.2,15,1,722.1,1200,0,0
TKT-00279,2026-01-03 17:32:00,portal,billing,medium,standard,3,51,18,94.6,5,0,1012.3,1200,0,2
TKT-00280,2026-03-30 03:38:00,chat,technical,medium,vip,3,43,19,90.8,6,0,865.8,1200,0,2
TKT-00281,2026-04-27 01:18:00,email,incident,low,business,1,9,41,11.2,5,0,137.2,1800,1,1
TKT-00282,2026-04-13 11:59:00,portal,how_to,low,business,2,17,41,11.9,2,0,219.9,1800,0,1
TKT-00283,2026-04-14 10:12:00,email,incident,medium,standard,1,7,25,16.1,3,0,148.4,1200,0,1
TKT-00284,2026-04-03 22:53:00,portal,billing,low,vip,1,5,23,11.9,3,0,343.6,1800,0,1
TKT-00285,2026-04-10 08:43:00,email,billing,low,standard,5,18,31,28.2,14,2,775.8,1800,0,0
TKT-00286,2026-02-28 06:43:00,phone,billing,high,standard,4,18,36,28.1,15,1,1135.9,780,1,0
TKT-00287,2026-04-19 21:26:00,email,account,medium,business,1,6,28,19.0,4,0,219.7,1200,0,1
TKT-00288,2026-02-20 16:07:00,chat,billing,medium,business,2,6,22,13.0,3,0,191.0,1200,0,1
TKT-00289,2026-03-30 11:11:00,email,account,critical,business,6,27,13,47.9,16,7,1458.2,420,1,0
TKT-00290,2026-03-16 18:05:00,portal,billing,low,standard,0,14,33,21.0,4,0,188.0,1800,0,1
TKT-00291,2026-05-09 13:21:00,chat,account,critical,standard,2,46,6,157.8,9,1,1456.0,420,1,2
TKT-00292,2026-06-11 02:00:00,email,billing,low,business,0,11,32,15.6,4,0,135.3,1800,0,1
TKT-00293,2026-04-24 23:43:00,portal,incident,high,vip,3,54,23,183.5,9,0,1368.6,780,1,2
TKT-00294,2026-01-25 08:48:00,portal,account,critical,standard,0,5,45,10.8,4,0,249.6,420,0,1
TKT-00295,2026-05-01 03:37:00,chat,incident,critical,standard,2,46,21,105.5,11,1,982.6,420,1,2
TKT-00296,2026-02-28 10:58:00,chat,technical,high,business,2,56,2,173.8,8,1,1262.4,780,1,2
TKT-00297,2026-01-09 21:49:00,portal,incident,high,business,3,47,15,116.1,8,0,1330.2,780,1,2
TKT-00298,2026-02-04 14:44:00,chat,account,medium,business,1,48,23,97.1,7,0,1310.2,1200,1,2
TKT-00299,2026-06-29 21:16:00,email,account,high,business,3,42,12,150.0,11,0,1973.2,780,1,2
TKT-00300,2026-03-18 21:13:00,email,how_to,high,vip,5,24,35,35.6,16,2,948.4,780,1,0
TKT-00301,2026-02-06 07:26:00,portal,technical,critical,standard,2,45,3,101.9,8,1,1353.4,420,1,2
TKT-00302,2026-01-25 00:42:00,chat,billing,medium,standard,1,6,42,13.4,3,0,163.0,1200,0,1
TKT-00303,2026-04-28 01:25:00,email,technical,low,business,5,17,21,37.6,15,2,736.7,1800,0,0
TKT-00304,2026-05-17 22:38:00,email,account,medium,business,5,18,31,30.9,16,1,543.2,1200,0,0
TKT-00305,2026-03-05 13:34:00,portal,how_to,medium,vip,2,55,29,132.6,7,0,1490.3,1200,1,2
TKT-00306,2026-01-19 14:58:00,chat,technical,medium,business,6,16,25,30.8,12,0,666.7,1200,0,0
TKT-00307,2026-03-05 20:09:00,email,incident,low,standard,0,0,31,10.0,1,0,125.6,1800,0,1
TKT-00308,2026-04-30 17:55:00,email,account,high,standard,5,17,27,44.9,17,4,875.3,780,1,0
TKT-00309,2026-01-21 12:26:00,chat,how_to,low,business,0,12,21,9.7,3,0,146.0,1800,0,1
TKT-00310,2026-02-18 04:30:00,portal,how_to,low,standard,2,6,25,13.9,2,1,135.1,1800,0,1
TKT-00311,2026-01-01 08:39:00,portal,account,low,standard,6,15,33,31.4,12,1,406.2,1800,0,0
TKT-00312,2026-03-26 23:51:00,chat,account,high,business,5,28,11,29.8,14,1,707.6,780,0,0
TKT-00313,2026-01-31 16:44:00,email,billing,medium,standard,0,10,23,14.0,4,0,277.6,1200,0,1
TKT-00314,2026-02-05 23:56:00,portal,billing,low,vip,1,10,39,14.0,3,0,150.1,1800,0,1
TKT-00315,2026-01-21 08:09:00,email,billing,low,business,0,13,42,12.9,3,0,217.9,1800,0,1
TKT-00316,2026-05-12 10:33:00,portal,billing,medium,business,0,16,41,19.7,1,0,284.3,1200,0,1
TKT-00317,2026-03-30 02:38:00,email,how_to,low,standard,0,14,40,13.0,3,0,115.7,1800,0,1
TKT-00318,2026-06-20 16:33:00,chat,incident,medium,business,6,21,30,35.5,15,2,1044.2,1200,0,0
TKT-00319,2026-03-13 02:34:00,phone,billing,low,vip,1,11,49,8.5,2,0,195.6,1800,0,1
TKT-00320,2026-02-09 21:56:00,email,account,critical,standard,3,44,14,143.7,7,0,1293.1,420,1,2
TKT-00321,2026-02-06 17:40:00,chat,billing,medium,vip,3,58,2,231.0,8,0,1348.2,1200,1,2
TKT-00322,2026-06-21 13:37:00,chat,technical,high,business,5,21,15,30.1,13,2,1246.0,780,1,0
TKT-00323,2026-04-17 03:35:00,portal,technical,low,standard,3,6,24,11.8,3,0,136.9,1800,0,1
TKT-00324,2026-02-28 13:10:00,email,how_to,critical,business,5,21,23,30.9,16,2,1125.3,420,1,0
TKT-00325,2026-04-28 17:59:00,phone,billing,critical,standard,3,56,30,138.3,8,0,1300.9,420,1,2
TKT-00326,2026-04-11 09:53:00,portal,billing,high,standard,3,23,26,44.9,16,1,866.5,780,1,0
TKT-00327,2026-01-21 15:53:00,chat,technical,high,standard,1,49,11,92.1,7,0,1419.6,780,1,2
TKT-00328,2026-05-07 06:52:00,portal,incident,low,standard,7,20,14,27.7,13,0,672.6,1800,1,0
TKT-00329,2026-01-22 10:53:00,chat,account,high,standard,5,28,20,37.1,17,0,1070.2,780,1,0
TKT-00330,2026-02-05 20:50:00,portal,billing,medium,business,1,10,12,11.9,4,0,251.6,1200,0,1
TKT-00331,2026-05-09 09:34:00,phone,technical,medium,business,6,18,18,32.3,15,0,633.7,1200,0,0
TKT-00332,2026-03-22 01:22:00,email,account,medium,business,1,8,33,8.2,3,0,210.3,1200,0,1
TKT-00333,2026-02-09 23:45:00,portal,billing,medium,business,5,19,40,25.1,13,1,712.3,1200,0,0
TKT-00334,2026-01-13 05:00:00,chat,billing,critical,standard,2,50,21,102.0,8,1,1655.3,420,1,2
TKT-00335,2026-04-17 20:35:00,email,billing,medium,standard,1,13,37,14.2,2,1,158.2,1200,0,1
TKT-00336,2026-05-06 11:16:00,email,technical,high,vip,6,10,35,25.7,13,4,956.0,780,1,0
TKT-00337,2026-02-06 13:11:00,portal,account,medium,business,0,16,31,12.6,1,0,191.7,1200,0,1
TKT-00338,2026-03-16 23:46:00,chat,technical,medium,vip,5,21,19,22.4,15,2,672.7,1200,0,0
TKT-00339,2026-03-03 23:09:00,email,account,low,standard,1,10,30,15.7,2,0,173.6,1800,0,1
TKT-00340,2026-06-10 11:54:00,email,account,low,business,3,47,19,199.8,9,0,1265.5,1800,0,2
TKT-00341,2026-05-23 08:42:00,chat,how_to,medium,business,2,10,37,22.7,3,0,177.1,1200,0,1
TKT-00342,2026-02-19 07:38:00,email,how_to,high,vip,3,47,27,76.5,7,0,1364.0,780,1,2
TKT-00343,2026-04-03 10:33:00,portal,incident,high,standard,2,48,15,93.0,6,1,1563.9,780,1,2
TKT-00344,2026-06-16 05:57:00,chat,technical,medium,vip,6,20,22,34.7,12,1,444.3,1200,0,0
TKT-00345,2026-03-04 05:35:00,portal,account,medium,standard,1,54,20,120.4,7,1,979.0,1200,0,2
TKT-00346,2026-01-26 09:17:00,email,how_to,high,vip,3,46,19,148.9,9,0,1672.0,780,1,2
TKT-00347,2026-02-23 16:45:00,email,technical,medium,business,3,48,2,82.6,7,1,1191.8,1200,0,2
TKT-00348,2026-04-20 06:05:00,portal,account,low,standard,0,14,30,15.0,4,2,199.5,1800,0,1
TKT-00349,2026-06-28 14:42:00,portal,technical,high,standard,6,20,24,22.3,17,1,811.3,780,1,0
TKT-00350,2026-02-25 09:43:00,email,how_to,low,business,1,15,36,10.2,5,0,161.7,1800,0,1
TKT-00351,2026-01-11 12:59:00,email,incident,medium,standard,5,30,34,46.0,15,1,858.3,1200,0,0
TKT-00352,2026-02-02 17:17:00,chat,account,low,standard,1,9,30,11.9,1,0,111.0,1800,0,1
TKT-00353,2026-03-16 06:13:00,chat,technical,high,business,5,9,19,38.4,17,0,731.4,780,0,0
TKT-00354,2026-01-17 21:48:00,email,technical,medium,business,4,19,20,26.0,13,1,581.3,1200,1,0
TKT-00355,2026-01-07 07:06:00,email,incident,high,business,6,22,31,30.7,15,1,891.1,780,1,0
TKT-00356,2026-04-29 00:22:00,chat,incident,critical,business,3,12,27,29.6,15,1,576.1,420,1,0
TKT-00357,2026-05-29 09:16:00,portal,technical,high,business,3,57,4,84.7,9,0,987.6,780,1,2
TKT-00358,2026-02-11 23:17:00,portal,account,high,business,3,51,17,88.0,7,2,1446.7,780,1,2
TKT-00359,2026-04-05 01:42:00,chat,account,high,business,5,19,32,38.2,16,0,686.6,780,0,0
TKT-00360,2026-04-14 02:33:00,chat,incident,medium,business,5,25,18,38.9,14,2,502.9,1200,0,0
TKT-00361,2026-05-01 04:03:00,chat,technical,high,vip,3,42,15,91.1,7,0,2268.7,780,1,2
TKT-00362,2026-06-26 07:05:00,portal,how_to,medium,standard,1,3,29,13.4,1,0,175.5,1200,0,1
TKT-00363,2026-06-09 08:08:00,portal,how_to,low,standard,2,13,45,10.0,3,0,204.0,1800,0,1
TKT-00364,2026-02-26 20:57:00,portal,technical,low,business,1,1,42,10.8,1,0,133.0,1800,0,1
TKT-00365,2026-06-25 14:59:00,chat,incident,medium,standard,5,27,20,26.7,14,4,1041.1,1200,0,0
TKT-00366,2026-01-07 06:57:00,email,incident,low,standard,5,18,25,46.0,12,0,610.8,1800,0,0
TKT-00367,2026-06-23 03:10:00,portal,account,high,vip,2,49,15,107.0,9,0,1307.7,780,1,2
TKT-00368,2026-01-26 16:59:00,portal,incident,medium,business,6,25,26,36.3,13,3,951.1,1200,0,0
TKT-00369,2026-01-21 12:24:00,email,account,high,standard,0,14,54,11.1,4,0,185.0,780,0,1
TKT-00370,2026-01-22 11:28:00,chat,account,low,vip,4,57,16,133.5,6,0,1276.1,1800,0,2
TKT-00371,2026-01-22 23:06:00,portal,billing,high,standard,2,55,29,111.1,9,1,1294.1,780,1,2
TKT-00372,2026-03-25 09:23:00,portal,incident,medium,standard,3,11,24,12.9,1,0,233.2,1200,0,1
TKT-00373,2026-04-26 05:30:00,portal,how_to,low,standard,1,3,35,13.2,2,0,170.3,1800,0,1
TKT-00374,2026-05-15 00:53:00,portal,billing,low,standard,0,7,42,13.1,1,0,146.7,1800,0,1
TKT-00375,2026-01-03 20:38:00,email,account,low,business,2,12,30,7.5,2,0,155.4,1800,0,1
TKT-00376,2026-02-23 08:38:00,portal,account,low,business,1,14,34,16.1,2,0,111.9,1800,0,1
TKT-00377,2026-01-24 19:39:00,chat,account,medium,business,2,45,30,139.4,6,0,1516.9,1200,1,2
TKT-00378,2026-01-27 06:02:00,chat,technical,medium,standard,4,21,40,36.0,14,2,605.9,1200,0,0
TKT-00379,2026-05-15 08:30:00,phone,how_to,medium,standard,1,10,37,14.1,2,0,153.1,1200,1,1
TKT-00380,2026-04-26 08:06:00,phone,incident,low,standard,5,24,39,41.9,17,5,757.4,1800,0,0
TKT-00381,2026-02-07 18:58:00,email,billing,low,business,6,19,23,46.9,11,0,628.2,1800,0,0
TKT-00382,2026-02-24 05:05:00,portal,technical,low,business,3,51,12,87.2,8,1,1028.6,1800,0,2
TKT-00383,2026-06-16 11:43:00,email,incident,high,standard,2,48,21,189.4,8,0,1306.0,780,1,2
TKT-00384,2026-04-14 12:44:00,chat,billing,medium,vip,6,17,45,31.9,15,0,670.4,1200,0,0
TKT-00385,2026-02-12 23:42:00,portal,how_to,medium,business,2,7,41,12.8,3,0,206.5,1200,0,1
TKT-00386,2026-06-18 01:57:00,email,incident,medium,standard,3,52,11,159.6,7,0,1434.6,1200,1,2
TKT-00387,2026-02-05 18:01:00,email,how_to,low,business,5,23,10,36.0,10,2,846.5,1800,0,0
TKT-00388,2026-02-22 10:37:00,portal,billing,critical,business,3,49,9,83.2,9,0,2066.3,420,1,2
TKT-00389,2026-05-05 16:44:00,email,billing,low,standard,0,14,20,10.3,4,0,178.9,1800,0,1
TKT-00390,2026-04-03 05:57:00,chat,incident,medium,standard,3,49,10,91.8,10,0,1014.8,1200,0,2
TKT-00391,2026-01-13 11:09:00,email,technical,low,business,6,19,24,38.3,13,4,586.8,1800,0,0
TKT-00392,2026-05-26 05:25:00,chat,billing,critical,vip,0,11,37,12.0,4,0,164.2,420,0,1
TKT-00393,2026-02-11 01:39:00,portal,incident,high,business,5,25,13,55.8,16,2,844.0,780,1,0
TKT-00394,2026-05-05 12:13:00,portal,account,high,business,5,17,22,35.5,15,0,828.2,780,1,0
TKT-00395,2026-03-02 04:30:00,portal,billing,critical,business,0,8,38,14.5,4,0,238.2,420,0,1
TKT-00396,2026-05-16 06:23:00,chat,account,low,business,5,12,22,32.2,12,1,568.7,1800,0,0
TKT-00397,2026-06-11 15:51:00,email,account,critical,standard,2,57,4,112.5,7,2,1130.2,420,1,2
TKT-00398,2026-05-20 01:29:00,portal,how_to,low,standard,2,14,43,9.1,3,0,143.8,1800,0,1
TKT-00399,2026-06-15 19:31:00,phone,technical,high,vip,6,25,32,62.3,15,1,793.6,780,1,0
TKT-00400,2026-04-08 04:26:00,email,how_to,medium,vip,5,12,19,30.6,15,1,903.9,1200,0,0
TKT-00401,2026-01-12 17:01:00,portal,account,low,vip,1,11,19,10.8,3,0,221.9,1800,0,1
TKT-00402,2026-04-07 11:47:00,chat,account,critical,standard,3,44,17,157.6,8,0,1738.1,420,1,2
TKT-00403,2026-03-25 00:34:00,phone,account,medium,business,1,46,35,130.1,7,0,966.2,1200,0,2
TKT-00404,2026-05-10 09:36:00,email,how_to,critical,standard,1,11,34,10.6,3,0,243.2,420,0,1
TKT-00405,2026-02-14 18:21:00,phone,technical,medium,standard,4,60,35,155.5,7,0,1141.5,1200,0,2
TKT-00406,2026-05-06 13:50:00,portal,technical,high,standard,2,56,2,109.1,7,1,1700.2,780,1,2
TKT-00407,2026-03-21 11:56:00,email,billing,high,business,2,4,22,10.9,1,1,152.8,780,0,1
TKT-00408,2026-05-01 14:38:00,chat,billing,low,business,2,50,9,133.6,5,2,1742.0,1800,0,2
TKT-00409,2026-03-17 13:24:00,email,how_to,high,business,1,12,51,14.3,3,0,196.0,780,0,1
TKT-00410,2026-03-10 18:49:00,email,incident,high,standard,2,50,44,62.9,8,0,1158.3,780,1,2
TKT-00411,2026-02-08 13:37:00,phone,account,high,business,5,20,22,38.4,18,0,800.9,780,1,0
TKT-00412,2026-05-30 03:18:00,portal,technical,low,standard,5,17,32,42.9,12,2,779.0,1800,0,0
TKT-00413,2026-01-13 08:40:00,portal,how_to,medium,standard,2,6,43,10.4,2,0,127.4,1200,0,1
TKT-00414,2026-02-12 12:23:00,chat,billing,high,business,3,50,8,114.0,9,0,1014.2,780,1,2
TKT-00415,2026-03-18 19:13:00,chat,account,medium,standard,1,11,50,12.1,4,0,125.0,1200,0,1
TKT-00416,2026-01-29 00:45:00,phone,billing,low,vip,1,7,28,11.6,4,0,200.7,1800,0,1
TKT-00417,2026-06-15 00:15:00,chat,how_to,low,standard,1,9,13,13.6,1,0,102.1,1800,0,1
TKT-00418,2026-03-04 03:06:00,portal,incident,critical,standard,3,48,32,127.4,10,2,1179.0,420,1,2
TKT-00419,2026-02-13 15:10:00,chat,how_to,low,standard,0,8,21,12.3,2,0,131.1,1800,0,1
TKT-00420,2026-02-15 16:33:00,email,account,high,business,1,44,13,124.3,7,1,1267.7,780,1,2
TKT-00421,2026-02-04 12:02:00,chat,account,critical,standard,5,19,21,33.3,17,1,954.9,420,1,0
TKT-00422,2026-04-30 08:56:00,portal,billing,low,standard,2,12,25,13.5,5,0,216.7,1800,0,1
TKT-00423,2026-03-28 15:07:00,chat,account,low,standard,2,5,34,12.7,5,0,188.5,1800,0,1
TKT-00424,2026-02-11 13:59:00,email,how_to,medium,standard,0,4,49,13.8,3,0,170.9,1200,0,1
TKT-00425,2026-06-07 04:41:00,chat,incident,low,business,4,22,13,33.6,9,3,681.6,1800,0,0
TKT-00426,2026-04-29 04:02:00,portal,technical,high,business,4,51,21,129.7,8,1,1543.9,780,1,2
TKT-00427,2026-03-14 12:32:00,portal,incident,medium,standard,0,19,48,15.3,5,0,130.8,1200,0,1
TKT-00428,2026-04-03 09:07:00,email,incident,high,vip,3,44,38,79.5,5,0,1130.2,780,1,2
TKT-00429,2026-04-29 02:50:00,portal,technical,low,standard,1,15,30,16.8,2,0,129.1,1800,0,1
TKT-00430,2026-01-28 10:35:00,chat,technical,high,business,3,52,25,123.2,7,0,1441.5,780,1,2
TKT-00431,2026-05-26 12:09:00,email,account,high,standard,4,42,22,131.3,9,0,1714.3,780,1,2
TKT-00432,2026-02-16 12:16:00,email,technical,medium,business,3,47,15,82.4,8,1,1655.7,1200,1,2
TKT-00433,2026-01-06 07:49:00,portal,technical,medium,standard,6,24,16,15.6,13,4,842.1,1200,0,0
TKT-00434,2026-04-04 21:51:00,portal,account,critical,business,4,56,31,129.9,11,0,1063.4,420,1,2
TKT-00435,2026-06-07 18:09:00,email,account,medium,standard,2,8,43,7.7,3,0,164.2,1200,0,1
TKT-00436,2026-05-12 23:00:00,portal,how_to,medium,vip,2,5,40,16.4,4,0,285.8,1200,0,1
TKT-00437,2026-02-25 12:33:00,portal,account,low,standard,0,18,41,12.8,2,0,106.3,1800,0,1
TKT-00438,2026-03-13 16:26:00,portal,billing,low,vip,5,11,30,21.5,13,1,859.8,1800,0,0
TKT-00439,2026-04-18 06:30:00,portal,incident,medium,vip,5,26,25,38.5,14,1,769.4,1200,0,0
TKT-00440,2026-02-11 21:50:00,chat,billing,low,business,6,16,5,33.6,13,0,789.3,1800,0,0
TKT-00441,2026-05-28 14:42:00,portal,billing,critical,standard,3,51,10,83.2,9,2,1338.6,420,1,2
TKT-00442,2026-02-23 02:44:00,portal,account,low,standard,0,11,42,9.5,5,0,153.9,1800,0,1
TKT-00443,2026-02-09 00:03:00,chat,incident,high,vip,6,27,22,30.7,15,2,1057.8,780,1,0
TKT-00444,2026-01-18 02:54:00,email,account,low,business,2,6,32,17.4,1,0,173.8,1800,0,1
TKT-00445,2026-05-05 18:54:00,email,incident,low,standard,1,15,21,12.4,3,0,195.9,1800,0,1
TKT-00446,2026-01-05 12:38:00,email,account,medium,standard,3,27,26,44.2,15,0,917.7,1200,0,0
TKT-00447,2026-05-25 23:37:00,phone,incident,medium,vip,3,56,19,184.9,5,1,816.7,1200,0,2
TKT-00448,2026-06-25 03:55:00,email,account,high,standard,7,26,38,41.1,13,0,602.7,780,0,0
TKT-00449,2026-01-21 00:00:00,portal,billing,high,standard,0,17,40,12.6,4,0,208.8,780,0,1
TKT-00450,2026-01-18 08:29:00,phone,account,high,standard,5,26,37,38.7,17,1,733.5,780,0,0
TKT-00451,2026-06-18 05:04:00,email,how_to,low,standard,2,6,43,12.2,4,0,129.5,1800,0,1
TKT-00452,2026-01-23 11:30:00,chat,technical,high,vip,3,41,21,112.4,8,0,1062.4,780,1,2
TKT-00453,2026-03-15 08:56:00,phone,technical,low,vip,6,23,28,39.5,12,2,658.2,1800,0,0
TKT-00454,2026-06-06 18:33:00,portal,how_to,high,standard,1,12,21,17.7,2,0,199.6,780,0,1
TKT-00455,2026-01-26 00:24:00,chat,technical,medium,standard,2,14,38,12.4,4,0,159.6,1200,0,1
TKT-00456,2026-04-30 10:20:00,email,billing,low,business,1,19,32,9.3,1,0,109.7,1800,0,1
TKT-00457,2026-03-10 20:53:00,email,billing,medium,business,2,53,18,142.0,7,0,1177.3,1200,0,2
TKT-00458,2026-03-20 11:50:00,email,technical,low,standard,6,13,27,30.3,13,1,768.1,1800,0,0
TKT-00459,2026-06-17 14:11:00,portal,billing,medium,standard,4,50,36,122.5,7,1,1049.5,1200,0,2
TKT-00460,2026-04-27 19:46:00,phone,how_to,critical,business,5,20,27,35.3,17,4,924.2,420,1,0
TKT-00461,2026-02-27 11:59:00,portal,technical,high,vip,5,24,17,46.2,16,0,707.7,780,0,0
TKT-00462,2026-06-18 07:08:00,portal,how_to,high,business,1,9,27,11.7,4,0,283.7,780,0,1
TKT-00463,2026-04-15 12:54:00,chat,billing,medium,standard,3,46,25,129.3,9,0,1269.7,1200,1,2
TKT-00464,2026-01-18 21:18:00,email,account,medium,business,1,16,28,12.0,3,0,190.4,1200,0,1
TKT-00465,2026-03-12 16:06:00,portal,how_to,medium,standard,5,14,36,35.9,15,0,1045.2,1200,0,0
TKT-00466,2026-02-13 20:49:00,chat,incident,medium,vip,4,21,24,43.4,17,3,580.7,1200,0,0
TKT-00467,2026-04-26 15:19:00,email,incident,medium,business,5,14,41,23.9,13,2,508.3,1200,0,0
TKT-00468,2026-06-04 20:29:00,chat,billing,medium,standard,3,49,22,170.0,6,0,1060.1,1200,0,2
TKT-00469,2026-01-08 00:56:00,portal,billing,medium,standard,2,10,43,11.9,3,0,168.2,1200,0,1
TKT-00470,2026-05-21 12:21:00,portal,how_to,low,standard,5,27,27,31.0,14,1,762.7,1800,0,0
TKT-00471,2026-06-14 22:28:00,chat,technical,medium,standard,4,9,35,38.7,15,1,725.5,1200,0,0
TKT-00472,2026-06-28 23:11:00,portal,how_to,high,business,6,16,17,20.2,17,1,1059.6,780,1,0
TKT-00473,2026-04-30 00:17:00,email,incident,low,business,1,7,27,11.9,5,0,128.6,1800,0,1
TKT-00474,2026-02-26 12:05:00,portal,how_to,high,business,1,1,37,12.0,2,0,164.5,780,0,1
TKT-00475,2026-01-27 03:46:00,email,account,medium,standard,1,9,52,13.0,2,0,174.6,1200,0,1
TKT-00476,2026-06-20 01:54:00,chat,how_to,medium,standard,1,21,31,15.9,1,0,167.7,1200,0,1
TKT-00477,2026-03-16 06:01:00,chat,billing,high,business,7,23,39,30.2,14,0,419.8,780,0,0
TKT-00478,2026-03-03 20:44:00,phone,account,high,business,5,20,19,40.7,16,1,724.2,780,0,0
TKT-00479,2026-05-13 02:44:00,phone,technical,high,standard,4,18,41,42.1,14,0,915.4,780,1,0
TKT-00480,2026-05-09 17:12:00,email,incident,high,vip,6,24,25,33.8,17,0,633.0,780,0,0
TKT-00481,2026-05-26 16:24:00,email,how_to,high,vip,4,17,35,27.5,15,1,1133.0,780,1,0
TKT-00482,2026-06-08 21:26:00,chat,how_to,low,standard,1,15,42,16.6,2,0,161.0,1800,0,1
TKT-00483,2026-06-07 20:43:00,phone,account,low,vip,5,27,33,36.6,15,0,582.6,1800,0,0
TKT-00484,2026-01-31 17:46:00,phone,billing,medium,business,1,17,29,13.3,1,0,192.7,1200,0,1
TKT-00485,2026-01-31 12:43:00,email,technical,low,standard,0,7,28,12.0,3,0,148.1,1800,0,1
TKT-00486,2026-02-07 00:21:00,portal,incident,medium,business,5,31,23,43.9,14,1,1008.3,1200,0,0
TKT-00487,2026-04-23 21:57:00,phone,incident,low,standard,5,17,20,32.3,15,1,418.4,1800,0,0
TKT-00488,2026-04-15 13:44:00,chat,how_to,medium,standard,2,11,40,16.3,4,0,121.3,1200,0,1
TKT-00489,2026-06-04 07:20:00,chat,account,low,vip,7,19,32,31.0,12,2,1073.9,1800,0,0
TKT-00490,2026-06-01 21:19:00,chat,technical,high,business,5,17,2,41.6,17,0,782.3,780,1,0
TKT-00491,2026-05-27 09:45:00,chat,account,high,standard,6,24,2,38.2,17,0,832.1,780,1,0
TKT-00492,2026-01-15 05:03:00,phone,technical,high,business,5,19,16,29.2,15,0,536.6,780,0,0
TKT-00493,2026-05-06 05:00:00,portal,billing,medium,vip,4,21,29,32.4,13,0,626.4,1200,0,0
TKT-00494,2026-06-03 03:48:00,chat,how_to,medium,standard,0,10,20,14.8,3,0,162.1,1200,0,1
TKT-00495,2026-06-26 19:55:00,portal,incident,high,vip,3,54,2,103.4,8,2,1815.6,780,1,2
TKT-00496,2026-03-03 18:16:00,email,account,medium,vip,5,16,20,29.0,13,3,630.7,1200,0,0
TKT-00497,2026-05-20 19:23:00,portal,incident,high,standard,5,25,27,32.8,15,1,777.9,780,0,0
TKT-00498,2026-03-15 02:53:00,email,account,low,business,4,17,27,39.9,11,1,671.9,1800,0,0
TKT-00499,2026-01-29 22:34:00,portal,how_to,critical,business,0,16,32,13.4,6,0,276.2,420,0,1
TKT-00500,2026-03-03 04:11:00,phone,account,low,vip,5,14,6,39.2,12,3,984.0,1800,0,0
TKT-00501,2026-02-15 05:15:00,email,billing,high,standard,5,19,48,25.7,14,3,880.5,780,0,0
TKT-00502,2026-06-14 01:35:00,chat,technical,high,standard,2,49,8,149.1,8,0,1593.5,780,1,2
TKT-00503,2026-02-01 14:45:00,email,billing,medium,standard,2,55,27,183.7,9,0,1368.4,1200,1,2
TKT-00504,2026-01-24 13:01:00,portal,technical,high,business,5,25,32,34.6,15,1,675.6,780,0,0
TKT-00505,2026-04-15 08:34:00,chat,incident,low,vip,6,17,15,26.7,13,3,602.9,1800,0,0
TKT-00506,2026-04-14 08:51:00,chat,account,high,business,1,58,30,112.9,8,0,1338.1,780,1,2
TKT-00507,2026-04-11 23:58:00,email,how_to,medium,standard,0,0,26,20.8,3,0,301.8,1200,0,1
TKT-00508,2026-01-27 15:49:00,chat,account,medium,standard,3,52,23,63.0,8,0,2411.7,1200,1,2
TKT-00509,2026-03-31 17:47:00,chat,incident,low,standard,4,24,28,33.7,13,3,737.6,1800,0,0
TKT-00510,2026-06-17 03:31:00,email,billing,medium,business,2,3,27,12.2,2,0,145.9,1200,0,1
TKT-00511,2026-01-17 03:58:00,phone,how_to,low,standard,1,2,30,13.7,3,0,177.1,1800,0,1
TKT-00512,2026-05-24 15:03:00,chat,technical,critical,vip,2,45,14,108.8,9,1,1427.5,420,1,2
TKT-00513,2026-01-23 15:23:00,email,billing,medium,standard,1,17,40,13.2,2,0,197.3,1200,0,1
TKT-00514,2026-02-12 02:05:00,portal,how_to,medium,standard,1,13,35,12.2,1,0,141.2,1200,0,1
TKT-00515,2026-06-11 15:57:00,portal,how_to,low,vip,1,8,28,16.8,2,0,200.6,1800,0,1
TKT-00516,2026-02-23 14:24:00,portal,incident,medium,standard,1,7,31,10.2,4,0,125.9,1200,0,1
TKT-00517,2026-04-05 00:49:00,email,how_to,high,standard,1,11,39,8.6,4,0,167.8,780,0,1
TKT-00518,2026-03-10 16:08:00,chat,billing,low,business,5,14,24,46.7,10,2,782.5,1800,0,0
TKT-00519,2026-04-21 13:32:00,portal,how_to,low,standard,1,4,38,17.9,4,0,144.3,1800,0,1
TKT-00520,2026-03-14 23:24:00,chat,technical,medium,vip,3,39,9,123.5,5,0,1192.1,1200,0,2
TKT-00521,2026-03-21 21:20:00,portal,technical,high,vip,3,50,19,153.3,9,0,1301.1,780,0,2
TKT-00522,2026-05-28 02:55:00,portal,how_to,medium,business,3,15,31,11.9,4,0,187.5,1200,0,1
TKT-00523,2026-04-10 17:48:00,chat,billing,medium,standard,0,12,15,12.1,1,0,272.4,1200,0,1
TKT-00524,2026-04-12 14:47:00,email,technical,medium,business,5,26,27,23.6,14,1,544.1,1200,0,0
TKT-00525,2026-05-26 00:05:00,portal,how_to,low,business,1,8,50,14.3,4,0,190.7,1800,0,1
TKT-00526,2026-03-19 00:44:00,portal,technical,low,standard,1,9,40,10.7,2,0,230.2,1800,0,1
TKT-00527,2026-05-29 05:50:00,email,account,medium,vip,2,48,38,102.6,6,0,952.5,1200,0,2
TKT-00528,2026-05-10 12:00:00,chat,billing,critical,business,2,45,14,146.3,8,0,1955.9,420,1,2
TKT-00529,2026-06-09 01:43:00,phone,incident,high,standard,2,48,10,78.5,9,0,1108.5,780,1,2
TKT-00530,2026-03-24 09:58:00,email,account,low,standard,1,8,45,9.9,3,0,157.2,1800,0,1
TKT-00531,2026-04-11 13:25:00,chat,account,high,business,5,20,31,36.1,15,3,1302.5,780,1,0
TKT-00532,2026-01-24 01:59:00,email,incident,low,standard,5,10,6,52.0,14,3,683.0,1800,0,0
TKT-00533,2026-01-21 00:59:00,email,billing,low,standard,1,10,32,10.6,5,0,120.1,1800,0,1
TKT-00534,2026-01-20 08:21:00,email,account,medium,business,4,15,21,34.6,15,0,689.8,1200,0,0
TKT-00535,2026-04-24 22:35:00,portal,account,critical,standard,1,21,29,19.3,4,0,308.4,420,0,1
TKT-00536,2026-02-28 16:07:00,chat,account,medium,standard,1,8,34,10.8,4,0,229.1,1200,0,1
TKT-00537,2026-02-22 00:06:00,email,account,high,business,5,15,27,54.4,16,2,873.8,780,1,0
TKT-00538,2026-04-19 12:23:00,portal,billing,low,business,1,12,39,15.3,2,0,198.4,1800,0,1
TKT-00539,2026-03-13 17:02:00,portal,billing,low,standard,1,10,29,13.2,4,0,202.4,1800,0,1
TKT-00540,2026-01-25 06:30:00,chat,how_to,high,vip,4,44,8,117.5,7,0,1492.2,780,1,2
TKT-00541,2026-04-11 08:10:00,portal,incident,medium,vip,2,52,6,227.2,8,1,1388.7,1200,1,2
TKT-00542,2026-04-10 00:34:00,email,technical,critical,business,5,24,22,47.9,18,0,612.0,420,1,0
TKT-00543,2026-01-26 03:26:00,chat,technical,high,standard,2,59,35,71.9,9,0,1242.5,780,1,2
TKT-00544,2026-02-18 12:42:00,email,technical,high,business,4,56,20,202.4,7,0,1603.6,780,1,2
TKT-00545,2026-02-12 17:00:00,chat,billing,medium,standard,2,6,30,11.6,3,0,188.5,1200,0,1
TKT-00546,2026-05-06 04:11:00,portal,account,critical,vip,6,18,42,34.7,17,2,1035.6,420,1,0
TKT-00547,2026-02-14 20:15:00,email,incident,medium,standard,2,21,32,17.7,4,0,203.1,1200,0,1
TKT-00548,2026-01-06 02:05:00,phone,billing,medium,standard,0,9,43,10.4,3,0,202.6,1200,0,1
TKT-00549,2026-02-18 00:23:00,email,technical,critical,business,3,53,22,148.0,6,0,1412.7,420,1,2
TKT-00550,2026-03-26 10:10:00,chat,account,medium,business,4,23,32,41.2,15,1,786.8,1200,0,0
TKT-00551,2026-05-19 11:48:00,email,account,high,vip,4,18,39,41.9,15,2,850.0,780,1,0
TKT-00552,2026-01-10 09:46:00,email,how_to,low,standard,1,3,35,8.6,2,0,207.7,1800,0,1
TKT-00553,2026-06-08 14:51:00,chat,billing,medium,vip,2,13,36,21.4,2,1,200.4,1200,0,1
TKT-00554,2026-03-01 11:47:00,chat,billing,critical,standard,4,51,21,91.3,8,0,1527.0,420,1,2
TKT-00555,2026-03-03 16:09:00,chat,account,medium,business,1,12,34,9.0,2,0,162.3,1200,0,1
TKT-00556,2026-01-03 19:17:00,email,technical,medium,vip,1,8,30,14.1,3,0,246.2,1200,0,1
TKT-00557,2026-02-19 17:49:00,email,how_to,medium,standard,2,17,46,18.7,4,0,124.8,1200,0,1
TKT-00558,2026-03-26 10:30:00,email,account,low,standard,6,17,30,32.7,11,2,990.9,1800,0,0
TKT-00559,2026-04-23 16:44:00,chat,technical,low,vip,7,20,25,37.1,13,2,643.3,1800,0,0
TKT-00560,2026-05-19 01:30:00,phone,billing,medium,vip,6,24,36,35.8,15,1,747.6,1200,0,0
TKT-00561,2026-04-05 02:08:00,email,technical,medium,standard,1,4,38,17.6,4,0,154.9,1200,0,1
TKT-00562,2026-01-19 00:57:00,portal,billing,low,standard,0,19,25,9.5,3,0,181.5,1800,0,1
TKT-00563,2026-03-12 10:58:00,email,billing,medium,vip,4,47,13,167.1,8,1,1466.7,1200,1,2
TKT-00564,2026-05-13 08:09:00,chat,billing,high,standard,6,21,19,33.5,14,6,1217.8,780,1,0
TKT-00565,2026-04-26 02:50:00,phone,incident,medium,business,5,23,9,47.6,13,1,726.2,1200,0,0
TKT-00566,2026-04-16 03:43:00,portal,billing,medium,business,5,21,21,47.1,14,2,874.1,1200,0,0
TKT-00567,2026-04-02 12:05:00,portal,technical,high,standard,2,51,15,106.6,7,1,1158.9,780,1,2
TKT-00568,2026-04-01 19:53:00,portal,how_to,low,business,2,13,31,14.4,1,0,156.8,1800,0,1
TKT-00569,2026-06-28 17:53:00,portal,how_to,medium,standard,2,13,36,12.9,3,0,184.1,1200,0,1
TKT-00570,2026-04-18 21:46:00,phone,incident,medium,vip,5,22,25,56.1,13,0,637.7,1200,0,0
TKT-00571,2026-04-18 11:28:00,portal,how_to,low,standard,1,1,39,14.3,3,0,99.8,1800,0,1
TKT-00572,2026-03-02 11:04:00,email,how_to,critical,business,2,44,22,171.6,5,1,1389.8,420,1,2
TKT-00573,2026-03-30 04:57:00,portal,technical,high,business,4,22,32,27.9,13,0,516.7,780,0,0
TKT-00574,2026-05-08 20:40:00,email,incident,high,standard,2,48,12,130.6,8,0,1451.5,780,1,2
TKT-00575,2026-06-04 10:39:00,phone,account,critical,vip,2,45,13,97.9,8,0,838.5,420,1,2
TKT-00576,2026-05-21 08:09:00,email,billing,critical,business,6,22,25,46.4,15,2,662.9,420,1,0
TKT-00577,2026-04-30 05:18:00,portal,incident,medium,business,3,48,10,92.6,7,0,1288.5,1200,1,2
TKT-00578,2026-05-21 01:55:00,email,technical,high,business,5,19,37,41.0,13,2,762.5,780,0,0
TKT-00579,2026-01-06 22:17:00,phone,incident,high,standard,2,57,4,89.0,8,0,1478.2,780,1,2
TKT-00580,2026-02-18 12:03:00,phone,account,low,standard,0,9,46,19.6,3,0,132.9,1800,0,1
TKT-00581,2026-02-13 18:04:00,portal,technical,medium,vip,6,27,35,33.1,14,3,570.9,1200,1,0
TKT-00582,2026-04-28 16:52:00,chat,account,low,business,5,12,26,35.6,11,0,996.4,1800,0,0
TKT-00583,2026-05-16 14:27:00,portal,how_to,medium,standard,2,12,25,10.9,3,0,209.0,1200,0,1
TKT-00584,2026-01-27 15:46:00,email,account,medium,standard,2,8,17,11.8,3,0,210.1,1200,0,1
TKT-00585,2026-02-04 17:26:00,portal,technical,high,business,4,45,14,163.5,8,0,793.5,780,1,2
TKT-00586,2026-03-31 04:12:00,chat,incident,medium,business,6,23,30,25.6,12,1,983.7,1200,0,0
TKT-00587,2026-06-24 07:05:00,chat,billing,low,business,1,11,38,19.2,2,0,172.2,1800,0,1
TKT-00588,2026-01-01 11:21:00,portal,how_to,medium,vip,0,14,35,14.0,1,0,113.3,1200,0,1
TKT-00589,2026-06-08 07:15:00,portal,billing,medium,standard,2,5,41,10.5,3,1,152.7,1200,0,1
TKT-00590,2026-02-04 20:17:00,portal,billing,high,standard,1,16,28,16.5,4,0,248.7,780,1,1
TKT-00591,2026-02-18 07:59:00,email,account,critical,standard,2,46,11,90.8,8,0,1518.7,420,1,2
TKT-00592,2026-04-24 17:05:00,portal,incident,critical,vip,5,15,14,30.2,15,2,732.2,420,1,0
TKT-00593,2026-05-12 04:18:00,portal,billing,high,business,1,14,42,14.7,2,0,273.3,780,0,1
TKT-00594,2026-06-07 09:14:00,phone,how_to,critical,business,4,12,18,55.3,19,2,917.1,420,1,0
TKT-00595,2026-01-01 23:45:00,portal,billing,medium,business,3,21,37,13.8,3,0,189.4,1200,0,1
TKT-00596,2026-01-09 19:48:00,chat,billing,low,standard,2,8,22,13.5,2,0,142.0,1800,0,1
TKT-00597,2026-03-28 01:57:00,portal,incident,low,standard,5,25,22,49.0,13,3,806.4,1800,0,0
TKT-00598,2026-04-11 12:56:00,email,account,medium,business,6,14,10,31.3,14,2,1186.4,1200,0,0
TKT-00599,2026-02-16 22:52:00,email,technical,medium,standard,2,54,27,90.5,8,0,1334.1,1200,1,2
TKT-00600,2026-04-25 14:52:00,phone,technical,low,vip,5,22,25,24.3,14,3,770.5,1800,0,0
TKT-00601,2026-02-17 17:51:00,portal,technical,critical,business,5,20,29,24.8,16,1,912.9,420,1,0
TKT-00602,2026-06-17 19:55:00,portal,how_to,medium,business,1,49,7,118.7,7,1,1562.6,1200,1,2
TKT-00603,2026-02-01 22:29:00,chat,incident,critical,vip,3,54,24,65.4,7,0,1468.6,420,1,2
TKT-00604,2026-04-28 22:13:00,chat,incident,high,vip,6,18,41,23.0,16,0,552.4,780,0,0
TKT-00605,2026-04-06 10:58:00,chat,technical,high,business,3,49,17,106.3,9,0,1326.2,780,1,2
TKT-00606,2026-01-19 13:06:00,portal,technical,high,standard,2,48,13,162.2,5,0,1525.1,780,1,2
TKT-00607,2026-04-19 20:53:00,email,how_to,medium,standard,2,51,18,146.0,9,0,1242.1,1200,1,2
TKT-00608,2026-01-27 09:56:00,chat,billing,medium,vip,1,15,19,12.5,4,1,196.8,1200,0,1
TKT-00609,2026-04-08 03:00:00,chat,account,low,vip,5,22,35,39.3,14,1,621.2,1800,0,0
TKT-00610,2026-04-25 10:30:00,chat,technical,critical,vip,6,20,27,45.8,18,2,1115.1,420,1,0
TKT-00611,2026-01-13 23:47:00,email,how_to,medium,standard,5,22,30,46.9,16,4,470.5,1200,0,0
TKT-00612,2026-02-08 19:28:00,email,technical,medium,standard,6,23,30,42.8,15,4,983.1,1200,0,0
TKT-00613,2026-02-23 05:26:00,phone,account,high,vip,2,50,12,159.8,8,0,1938.9,780,1,2
TKT-00614,2026-06-17 02:16:00,chat,technical,high,standard,4,50,19,136.9,8,1,1030.5,780,1,2
TKT-00615,2026-02-09 19:26:00,portal,billing,medium,standard,2,12,33,13.3,4,0,265.5,1200,0,1
TKT-00616,2026-06-15 17:22:00,phone,billing,high,standard,6,19,15,49.5,17,0,858.4,780,1,0
TKT-00617,2026-04-07 02:47:00,chat,account,low,standard,5,15,25,27.3,12,1,525.6,1800,0,0
TKT-00618,2026-06-20 18:11:00,portal,account,medium,business,2,12,24,16.1,4,0,166.2,1200,0,1
TKT-00619,2026-05-30 15:09:00,portal,billing,low,vip,1,10,57,11.7,4,2,162.5,1800,0,1
TKT-00620,2026-02-22 17:33:00,email,how_to,low,business,2,8,32,17.3,3,0,146.5,1800,0,1
TKT-00621,2026-04-11 18:12:00,email,technical,medium,business,3,51,25,98.0,5,0,1191.8,1200,0,2
TKT-00622,2026-05-10 01:13:00,chat,account,medium,business,6,19,12,30.8,12,2,583.5,1200,0,0
TKT-00623,2026-01-15 02:32:00,chat,technical,medium,vip,3,48,20,91.0,6,0,1386.1,1200,1,2
TKT-00624,2026-04-30 08:13:00,portal,technical,medium,business,5,23,29,17.5,12,1,756.3,1200,0,0
TKT-00625,2026-03-24 17:45:00,phone,how_to,medium,business,2,52,24,96.0,7,1,925.6,1200,0,2
TKT-00626,2026-01-07 09:48:00,email,technical,low,business,6,13,21,27.4,12,2,1064.3,1800,0,0
TKT-00627,2026-06-06 01:30:00,email,technical,high,standard,3,46,27,135.3,7,0,1637.3,780,1,2
TKT-00628,2026-02-17 19:14:00,email,account,low,standard,1,17,35,12.9,2,0,144.9,1800,0,1
TKT-00629,2026-06-07 08:29:00,chat,how_to,high,vip,6,17,25,37.6,13,0,954.3,780,1,0
TKT-00630,2026-02-07 05:13:00,email,account,critical,business,1,50,10,114.1,8,0,1191.8,420,1,2
TKT-00631,2026-04-08 11:58:00,chat,account,high,standard,3,52,19,107.5,7,0,778.8,780,0,2
TKT-00632,2026-03-08 17:53:00,phone,billing,critical,standard,3,53,21,175.9,7,0,1321.9,420,1,2
TKT-00633,2026-06-10 17:44:00,chat,billing,low,vip,1,9,51,14.3,2,0,135.9,1800,0,1
TKT-00634,2026-06-21 13:11:00,chat,how_to,low,business,1,10,40,17.3,4,0,195.3,1800,0,1
TKT-00635,2026-05-19 14:40:00,portal,how_to,medium,business,1,7,50,9.2,1,0,166.2,1200,0,1
TKT-00636,2026-06-02 04:59:00,portal,account,medium,standard,1,10,29,12.9,2,0,354.8,1200,0,1
TKT-00637,2026-05-19 09:42:00,email,account,high,vip,6,14,16,39.0,16,3,825.7,780,1,0
TKT-00638,2026-02-22 19:35:00,portal,technical,low,vip,5,26,9,28.0,15,1,593.7,1800,0,0
TKT-00639,2026-06-15 16:07:00,chat,how_to,high,business,1,49,26,121.6,6,0,1179.7,780,1,2
TKT-00640,2026-04-06 09:44:00,email,technical,medium,standard,3,46,24,140.0,8,1,969.9,1200,0,2
TKT-00641,2026-03-03 19:48:00,email,account,medium,business,7,15,31,43.6,13,1,540.4,1200,0,0
TKT-00642,2026-02-04 14:35:00,email,incident,medium,vip,2,49,26,72.6,8,0,871.2,1200,0,2
TKT-00643,2026-05-08 18:12:00,portal,account,critical,business,0,13,46,12.5,5,0,150.2,420,0,1
TKT-00644,2026-02-19 22:30:00,portal,billing,low,vip,0,10,44,12.9,3,0,98.1,1800,0,1
TKT-00645,2026-04-28 11:32:00,chat,technical,high,business,4,12,35,25.8,16,3,785.3,780,1,0
TKT-00646,2026-01-12 16:48:00,email,account,high,standard,2,46,17,109.8,9,0,1393.5,780,1,2
TKT-00647,2026-04-25 06:22:00,portal,billing,medium,standard,0,0,27,9.7,3,0,161.4,1200,1,1
TKT-00648,2026-04-26 16:03:00,portal,how_to,high,vip,6,22,41,43.5,15,4,1057.5,780,1,0
TKT-00649,2026-04-05 10:48:00,chat,account,high,standard,5,15,10,27.3,14,2,888.3,780,1,0
TKT-00650,2026-04-29 05:53:00,portal,how_to,low,standard,0,4,29,14.3,3,1,196.6,1800,0,1
TKT-00651,2026-06-28 21:08:00,email,incident,low,business,5,27,22,47.7,10,2,916.6,1800,0,0
TKT-00652,2026-05-31 22:19:00,email,technical,high,business,3,59,16,162.7,8,0,2113.0,780,1,2
TKT-00653,2026-03-21 02:51:00,chat,technical,medium,vip,5,22,32,41.0,14,2,864.9,1200,0,0
TKT-00654,2026-06-06 21:06:00,chat,billing,low,standard,1,13,24,12.2,3,0,315.4,1800,0,1
TKT-00655,2026-06-21 19:13:00,chat,account,medium,standard,3,47,2,144.1,7,0,1111.4,1200,0,2
TKT-00656,2026-01-29 19:27:00,phone,how_to,low,standard,2,11,11,13.8,5,0,167.7,1800,0,1
TKT-00657,2026-03-06 14:33:00,chat,incident,low,business,3,47,11,112.9,8,0,997.9,1800,0,2
TKT-00658,2026-05-14 17:56:00,portal,account,low,business,0,6,43,11.8,4,0,140.0,1800,1,1
TKT-00659,2026-04-03 16:39:00,email,billing,critical,business,3,16,26,30.1,18,0,571.3,420,0,0
TKT-00660,2026-01-25 05:56:00,portal,account,low,standard,1,12,22,15.2,4,0,237.3,1800,0,1
TKT-00661,2026-03-27 01:15:00,portal,billing,critical,standard,1,2,34,9.6,5,0,267.2,420,0,1
TKT-00662,2026-03-09 06:26:00,email,how_to,critical,business,2,51,26,77.0,8,1,769.5,420,1,2
TKT-00663,2026-05-13 23:41:00,portal,billing,low,vip,1,16,28,13.3,1,0,195.9,1800,0,1
TKT-00664,2026-04-03 19:07:00,portal,how_to,medium,business,1,7,35,11.9,3,0,203.7,1200,0,1
TKT-00665,2026-01-26 04:27:00,portal,how_to,medium,standard,1,6,36,9.9,4,0,202.7,1200,0,1
TKT-00666,2026-01-09 21:42:00,chat,technical,high,business,5,17,10,27.8,16,1,835.5,780,1,0
TKT-00667,2026-02-21 17:09:00,chat,account,low,standard,2,48,33,80.3,5,0,975.1,1800,0,2
TKT-00668,2026-01-29 05:13:00,phone,incident,medium,standard,2,53,20,84.8,7,1,1000.7,1200,0,2
TKT-00669,2026-06-07 17:31:00,portal,account,low,standard,2,5,33,14.3,3,0,154.2,1800,0,1
TKT-00670,2026-02-18 19:13:00,email,incident,high,standard,5,18,23,45.8,16,1,586.1,780,0,0
TKT-00671,2026-04-25 05:01:00,phone,billing,critical,standard,0,16,32,12.6,3,0,218.5,420,1,1
TKT-00672,2026-01-23 22:58:00,chat,incident,high,vip,5,17,30,36.4,15,1,1123.5,780,1,0
TKT-00673,2026-03-21 12:12:00,email,account,high,standard,4,53,12,195.0,6,1,2049.3,780,1,2
TKT-00674,2026-06-18 03:17:00,email,technical,critical,business,4,20,30,23.4,18,6,885.5,420,1,0
TKT-00675,2026-04-26 19:39:00,portal,technical,high,vip,6,17,20,26.7,15,2,999.0,780,1,0
TKT-00676,2026-02-21 21:32:00,chat,technical,low,standard,0,5,42,13.2,2,0,208.4,1800,0,1
TKT-00677,2026-05-15 13:55:00,chat,billing,critical,business,3,56,30,154.5,7,1,2166.2,420,1,2
TKT-00678,2026-04-01 05:03:00,chat,technical,medium,business,6,20,31,38.9,14,5,720.9,1200,0,0
TKT-00679,2026-02-12 07:39:00,email,account,low,standard,1,13,45,17.4,2,0,210.9,1800,0,1
TKT-00680,2026-06-29 09:01:00,portal,billing,medium,standard,2,16,48,14.4,3,0,100.3,1200,0,1
TKT-00681,2026-06-18 18:22:00,portal,technical,high,standard,2,16,42,11.1,4,0,144.4,780,0,1
TKT-00682,2026-04-12 23:53:00,email,billing,low,business,2,2,39,14.6,2,0,158.6,1800,0,1
TKT-00683,2026-01-06 23:19:00,email,how_to,medium,business,1,8,44,10.3,1,0,179.3,1200,0,1
TKT-00684,2026-03-16 01:39:00,portal,technical,low,vip,3,29,23,17.2,12,2,582.4,1800,0,0
TKT-00685,2026-04-03 12:18:00,email,account,low,business,4,15,31,42.5,13,1,590.4,1800,0,0
TKT-00686,2026-06-17 08:42:00,chat,how_to,low,standard,1,9,38,13.4,4,0,119.6,1800,0,1
TKT-00687,2026-05-12 22:31:00,email,how_to,high,vip,6,22,42,43.4,14,2,763.8,780,0,0
TKT-00688,2026-02-10 01:11:00,email,billing,critical,vip,2,54,18,142.3,10,0,1091.2,420,1,2
TKT-00689,2026-04-02 19:17:00,chat,incident,medium,business,3,54,17,111.8,7,1,1802.2,1200,1,2
TKT-00690,2026-02-02 07:26:00,chat,incident,medium,vip,4,14,28,37.6,15,3,762.3,1200,0,0
TKT-00691,2026-03-27 06:59:00,email,billing,low,business,1,12,35,10.9,5,0,151.9,1800,0,1
TKT-00692,2026-04-07 08:46:00,chat,billing,low,business,3,50,5,173.4,7,0,1452.7,1800,0,2
TKT-00693,2026-04-02 18:16:00,portal,billing,medium,standard,1,9,40,11.2,4,1,156.5,1200,0,1
TKT-00694,2026-03-18 21:56:00,chat,technical,medium,standard,1,16,41,16.6,5,0,171.6,1200,0,1
TKT-00695,2026-03-20 16:55:00,phone,incident,high,business,4,60,22,145.0,7,1,1272.6,780,1,2
TKT-00696,2026-05-24 10:58:00,email,account,medium,standard,5,22,42,37.6,16,4,515.2,1200,0,0
TKT-00697,2026-04-02 01:20:00,chat,billing,medium,business,4,17,11,37.3,12,1,1016.1,1200,0,0
TKT-00698,2026-01-08 13:29:00,portal,incident,low,business,4,11,14,27.2,13,3,979.9,1800,0,0
TKT-00699,2026-05-14 08:22:00,email,incident,low,vip,4,16,27,48.7,12,3,1091.8,1800,0,0
TKT-00700,2026-04-22 04:34:00,portal,how_to,high,business,1,8,17,9.0,3,0,179.7,780,0,1
TKT-00701,2026-05-06 05:22:00,portal,account,medium,business,1,14,34,10.7,4,0,167.2,1200,0,1
TKT-00702,2026-05-08 22:08:00,phone,how_to,high,standard,1,6,37,13.8,2,1,245.9,780,0,1
TKT-00703,2026-02-01 04:11:00,portal,how_to,high,standard,1,8,45,10.0,3,0,322.6,780,0,1
TKT-00704,2026-06-24 22:40:00,email,incident,high,business,2,51,16,141.5,7,0,1182.9,780,1,2
TKT-00705,2026-06-28 06:29:00,portal,billing,high,standard,1,7,21,21.6,6,0,197.0,780,0,1
TKT-00706,2026-01-27 05:41:00,email,account,medium,business,5,21,44,19.3,14,1,681.3,1200,0,0
TKT-00707,2026-02-09 09:48:00,email,incident,low,vip,2,51,18,84.0,7,2,1166.2,1800,0,2
TKT-00708,2026-02-14 07:46:00,email,incident,low,business,3,54,18,171.4,7,1,1755.5,1800,0,2
TKT-00709,2026-06-23 23:03:00,chat,how_to,low,business,5,24,23,28.8,11,1,993.1,1800,0,0
TKT-00710,2026-06-17 20:09:00,phone,technical,low,business,4,26,36,32.7,13,2,716.8,1800,0,0
TKT-00711,2026-02-17 16:51:00,email,incident,medium,vip,3,46,16,95.9,7,2,1176.0,1200,0,2
TKT-00712,2026-04-24 12:18:00,phone,technical,high,business,5,22,20,22.5,15,1,802.5,780,1,0
TKT-00713,2026-02-13 19:43:00,chat,incident,critical,business,3,54,34,127.8,9,1,1644.8,420,0,2
TKT-00714,2026-01-07 20:22:00,email,technical,high,standard,2,51,11,133.2,9,1,1669.3,780,1,2
TKT-00715,2026-02-11 10:59:00,portal,billing,medium,business,2,63,27,126.6,7,0,1156.5,1200,0,2
TKT-00716,2026-01-14 22:07:00,portal,how_to,medium,standard,0,9,28,10.8,3,1,327.4,1200,0,1
TKT-00717,2026-06-02 14:14:00,chat,incident,medium,business,5,18,35,35.9,14,3,495.4,1200,0,0
TKT-00718,2026-05-22 09:06:00,email,incident,low,business,1,12,35,7.5,3,0,191.1,1800,0,1
TKT-00719,2026-02-03 04:12:00,email,how_to,medium,standard,5,23,35,37.2,15,4,742.9,1200,0,0
TKT-00720,2026-04-13 03:29:00,chat,billing,medium,business,3,50,27,95.2,7,1,1122.4,1200,0,2
TKT-00721,2026-02-06 22:15:00,email,technical,medium,standard,6,12,18,21.6,15,2,882.5,1200,0,0
TKT-00722,2026-04-12 18:35:00,chat,how_to,high,standard,5,20,23,49.8,15,1,1475.9,780,1,0
TKT-00723,2026-06-11 06:35:00,portal,how_to,medium,standard,1,11,31,5.3,2,0,253.8,1200,0,1
TKT-00724,2026-06-08 09:01:00,phone,incident,high,standard,2,46,20,112.0,8,0,1041.9,780,1,2
TKT-00725,2026-05-30 22:51:00,portal,account,low,vip,2,4,27,16.3,2,0,154.3,1800,0,1
TKT-00726,2026-02-13 09:32:00,portal,technical,medium,vip,1,10,32,9.8,5,0,209.4,1200,0,1
TKT-00727,2026-02-04 08:01:00,email,account,medium,business,0,15,48,7.6,5,0,196.2,1200,0,1
TKT-00728,2026-01-29 21:03:00,portal,how_to,low,business,2,9,37,10.5,4,0,196.9,1800,0,1
TKT-00729,2026-01-23 21:10:00,phone,incident,high,vip,6,20,52,44.9,14,4,768.2,780,0,0
TKT-00730,2026-04-21 11:38:00,chat,account,medium,vip,5,19,22,39.2,14,2,589.5,1200,0,0
TKT-00731,2026-04-29 12:28:00,portal,how_to,low,standard,1,6,42,12.5,1,0,163.9,1800,0,1
TKT-00732,2026-06-08 20:04:00,portal,technical,low,standard,3,4,37,10.1,4,0,289.4,1800,0,1
TKT-00733,2026-01-17 06:15:00,chat,account,medium,business,0,6,41,9.9,3,0,132.2,1200,0,1
TKT-00734,2026-02-17 17:52:00,email,technical,low,vip,1,8,42,10.1,3,0,174.1,1800,0,1
TKT-00735,2026-05-12 00:44:00,chat,how_to,low,standard,2,8,28,8.3,3,0,100.0,1800,0,1
TKT-00736,2026-05-03 15:11:00,portal,incident,low,business,4,16,38,44.2,12,1,500.8,1800,0,0
TKT-00737,2026-03-18 22:29:00,chat,billing,high,standard,0,8,44,16.5,4,0,148.3,780,0,1
TKT-00738,2026-01-28 10:16:00,email,account,low,standard,0,9,23,16.5,2,0,243.1,1800,0,1
TKT-00739,2026-03-29 03:46:00,email,technical,low,business,2,15,24,13.8,2,0,188.4,1800,0,1
TKT-00740,2026-01-31 22:38:00,email,account,medium,standard,4,18,23,25.3,15,1,493.1,1200,0,0
TKT-00741,2026-04-07 09:28:00,portal,account,high,vip,0,20,52,11.5,5,0,309.4,780,0,1
TKT-00742,2026-06-12 06:31:00,chat,account,medium,business,0,13,34,14.0,2,0,164.7,1200,0,1
TKT-00743,2026-02-05 05:22:00,phone,incident,critical,standard,3,48,15,79.2,7,0,2892.5,420,1,2
TKT-00744,2026-01-22 05:36:00,portal,technical,low,business,0,9,53,11.6,4,0,126.4,1800,0,1
TKT-00745,2026-05-13 18:33:00,phone,technical,low,vip,6,24,29,14.7,11,2,617.4,1800,0,0
TKT-00746,2026-01-05 09:10:00,portal,how_to,medium,business,4,27,22,51.5,15,2,799.8,1200,0,0
TKT-00747,2026-06-27 00:18:00,portal,how_to,low,standard,2,11,34,16.2,4,0,251.5,1800,0,1
TKT-00748,2026-05-20 11:44:00,portal,incident,high,vip,4,24,11,33.3,14,3,840.6,780,1,0
TKT-00749,2026-03-14 14:34:00,email,incident,critical,business,4,54,12,138.0,10,1,1787.9,420,1,2
TKT-00750,2026-03-07 06:02:00,portal,incident,high,standard,2,50,9,52.9,8,0,1249.5,780,1,2
TKT-00751,2026-03-11 15:14:00,portal,how_to,critical,standard,0,10,37,11.2,4,0,277.2,420,0,1
TKT-00752,2026-03-13 09:33:00,portal,billing,medium,standard,0,9,44,10.2,3,0,186.3,1200,1,1
TKT-00753,2026-06-01 02:51:00,email,account,low,business,1,7,41,14.9,1,0,136.4,1800,0,1
TKT-00754,2026-05-24 23:23:00,chat,technical,medium,standard,5,13,26,30.4,14,3,541.7,1200,0,0
TKT-00755,2026-02-06 19:47:00,chat,how_to,low,business,5,20,14,26.2,15,2,606.0,1800,0,0
TKT-00756,2026-02-02 09:19:00,portal,billing,medium,standard,1,9,29,17.4,3,0,175.4,1200,0,1
TKT-00757,2026-04-08 07:11:00,email,how_to,low,business,0,10,44,17.8,1,0,113.2,1800,0,1
TKT-00758,2026-04-28 01:24:00,portal,technical,medium,business,3,52,24,83.4,4,0,980.0,1200,0,2
TKT-00759,2026-05-11 21:23:00,email,how_to,medium,vip,0,16,48,13.2,3,1,112.7,1200,0,1
TKT-00760,2026-02-26 10:26:00,chat,how_to,low,vip,6,18,16,31.7,16,2,433.6,1800,0,0
TKT-00761,2026-03-28 20:13:00,email,how_to,low,standard,4,26,14,40.5,13,3,893.5,1800,0,0
TKT-00762,2026-01-19 18:26:00,portal,technical,medium,business,1,10,29,20.7,1,0,129.4,1200,0,1
TKT-00763,2026-03-24 00:48:00,chat,account,low,standard,1,15,40,12.8,3,0,175.7,1800,0,1
TKT-00764,2026-05-04 17:58:00,chat,technical,medium,business,1,7,36,6.6,4,0,166.6,1200,0,1
TKT-00765,2026-02-24 19:04:00,chat,technical,medium,business,3,53,28,163.3,7,0,1228.7,1200,1,2
TKT-00766,2026-02-27 08:37:00,phone,billing,low,standard,2,12,35,10.7,2,0,199.9,1800,0,1
TKT-00767,2026-03-25 05:02:00,chat,billing,low,standard,1,12,24,14.4,2,0,141.8,1800,0,1
TKT-00768,2026-06-05 23:43:00,portal,billing,medium,standard,0,14,35,8.6,3,0,241.0,1200,0,1
TKT-00769,2026-04-19 17:45:00,email,billing,high,business,2,17,36,16.7,3,0,235.4,780,0,1
TKT-00770,2026-06-15 10:14:00,email,technical,low,vip,5,26,29,25.7,12,3,861.6,1800,0,0
TKT-00771,2026-01-12 02:25:00,portal,account,high,standard,2,9,38,22.3,4,1,234.0,780,0,1
TKT-00772,2026-06-02 19:54:00,portal,incident,medium,standard,5,16,9,29.9,14,2,776.7,1200,0,0
TKT-00773,2026-01-08 21:02:00,phone,billing,high,business,5,24,20,26.2,17,4,1194.9,780,1,0
TKT-00774,2026-02-28 00:33:00,chat,technical,high,business,2,45,17,152.1,8,0,1958.5,780,1,2
TKT-00775,2026-03-18 18:48:00,portal,how_to,medium,standard,1,6,22,10.9,6,0,133.4,1200,0,1
TKT-00776,2026-02-12 14:02:00,email,how_to,critical,standard,2,58,6,114.1,8,1,2400.8,420,1,2
TKT-00777,2026-06-28 01:44:00,email,technical,medium,vip,6,26,24,33.1,13,4,805.7,1200,0,0
TKT-00778,2026-06-10 16:53:00,email,billing,medium,standard,0,5,31,17.5,1,0,167.0,1200,0,1
TKT-00779,2026-04-13 19:45:00,phone,technical,medium,business,2,44,36,103.3,7,1,1065.8,1200,0,2
TKT-00780,2026-03-23 12:43:00,email,billing,medium,business,2,52,31,145.1,8,1,807.3,1200,0,2
TKT-00781,2026-05-18 02:47:00,portal,incident,medium,standard,1,13,34,14.2,6,0,141.5,1200,0,1
TKT-00782,2026-05-08 09:26:00,email,incident,low,business,3,52,24,97.5,6,1,1369.3,1800,0,2
TKT-00783,2026-03-28 12:19:00,email,account,medium,standard,5,13,40,45.6,16,0,1115.7,1200,0,0
TKT-00784,2026-05-29 21:20:00,email,incident,low,standard,4,8,20,47.4,13,1,531.4,1800,0,0
TKT-00785,2026-02-04 17:29:00,portal,account,medium,vip,4,43,6,160.0,7,1,1425.7,1200,1,2
TKT-00786,2026-02-19 23:36:00,portal,account,medium,business,2,10,39,7.0,4,0,156.9,1200,0,1
TKT-00787,2026-01-04 04:12:00,email,incident,high,business,4,55,9,159.4,8,2,1192.1,780,1,2
TKT-00788,2026-01-22 10:30:00,chat,account,low,standard,1,7,40,10.1,4,0,122.0,1800,0,1
TKT-00789,2026-02-05 18:44:00,email,incident,low,standard,1,54,14,83.1,8,0,601.4,1800,0,2
TKT-00790,2026-04-23 11:15:00,email,account,medium,standard,4,23,31,27.2,17,2,875.9,1200,0,0
TKT-00791,2026-06-03 23:50:00,email,account,low,vip,1,10,38,9.2,1,1,128.5,1800,0,1
TKT-00792,2026-04-17 05:37:00,phone,technical,high,vip,4,24,15,28.0,17,0,1021.3,780,1,0
TKT-00793,2026-03-22 04:09:00,portal,how_to,medium,standard,1,6,32,14.3,3,0,219.3,1200,0,1
TKT-00794,2026-02-18 15:15:00,portal,how_to,medium,vip,0,12,39,14.9,4,0,141.7,1200,0,1
TKT-00795,2026-01-19 06:10:00,email,account,medium,standard,1,9,23,11.6,1,1,192.0,1200,0,1
TKT-00796,2026-04-16 05:55:00,portal,billing,high,standard,0,19,36,13.3,4,0,204.8,780,0,1
TKT-00797,2026-01-26 08:23:00,email,billing,medium,standard,0,16,45,12.6,1,0,160.4,1200,0,1
TKT-00798,2026-05-23 06:20:00,portal,technical,medium,standard,1,15,41,14.0,4,0,299.4,1200,0,1
TKT-00799,2026-03-15 14:16:00,portal,technical,medium,vip,7,15,11,32.3,14,0,708.5,1200,0,0
TKT-00800,2026-03-05 00:02:00,email,account,low,vip,5,20,25,18.7,12,1,459.8,1800,0,0
TKT-00801,2026-01-05 19:08:00,chat,account,critical,standard,6,20,12,26.9,19,2,1369.6,420,1,0
TKT-00802,2026-02-13 14:48:00,portal,billing,low,standard,1,10,29,11.5,1,0,139.6,1800,0,1
TKT-00803,2026-01-03 09:41:00,portal,incident,medium,business,3,49,21,140.7,8,0,2222.1,1200,1,2
TKT-00804,2026-05-11 12:00:00,email,technical,critical,standard,5,18,36,37.7,17,0,648.7,420,1,0
TKT-00805,2026-03-30 04:15:00,email,billing,medium,standard,0,6,37,7.8,3,0,108.9,1200,0,1
TKT-00806,2026-05-22 10:58:00,portal,account,low,standard,1,17,35,11.8,2,0,118.2,1800,0,1
TKT-00807,2026-04-12 17:49:00,chat,technical,low,standard,6,21,29,49.6,15,1,740.8,1800,0,0
TKT-00808,2026-06-21 18:31:00,email,account,low,standard,1,14,25,13.2,4,0,121.1,1800,0,1
TKT-00809,2026-05-22 01:57:00,email,how_to,medium,standard,6,24,32,39.0,15,2,813.9,1200,0,0
TKT-00810,2026-01-27 13:34:00,phone,incident,low,vip,2,43,7,118.4,6,0,1360.4,1800,0,2
TKT-00811,2026-01-21 23:44:00,chat,billing,high,standard,0,6,38,16.8,4,0,234.9,780,0,1
TKT-00812,2026-06-10 01:37:00,portal,how_to,high,standard,1,17,46,10.5,1,0,195.6,780,0,1
TKT-00813,2026-02-18 10:33:00,portal,technical,high,standard,3,56,17,75.0,8,0,2450.1,780,1,2
TKT-00814,2026-05-18 17:13:00,email,technical,high,business,6,29,22,32.8,14,0,880.6,780,1,0
TKT-00815,2026-04-24 03:26:00,portal,billing,low,standard,2,9,26,11.2,1,0,213.2,1800,0,1
TKT-00816,2026-05-07 08:12:00,email,incident,low,standard,4,59,23,162.3,6,0,1457.1,1800,0,2
TKT-00817,2026-02-18 00:30:00,phone,account,high,business,4,44,23,122.6,8,1,1239.6,780,1,2
TKT-00818,2026-02-26 08:23:00,chat,billing,low,business,6,22,22,26.8,13,3,604.9,1800,0,0
TKT-00819,2026-04-10 20:56:00,email,account,low,standard,4,16,34,33.0,14,1,590.1,1800,0,0
TKT-00820,2026-01-04 23:52:00,portal,billing,low,standard,2,8,49,10.1,3,0,173.4,1800,0,1
TKT-00821,2026-02-26 02:18:00,portal,account,low,vip,2,1,31,15.7,2,0,136.6,1800,0,1
TKT-00822,2026-04-02 08:37:00,email,incident,medium,standard,5,18,35,24.4,15,1,604.2,1200,0,0
TKT-00823,2026-02-06 19:16:00,portal,account,medium,standard,1,14,42,12.2,3,0,148.6,1200,0,1
TKT-00824,2026-02-21 10:31:00,phone,billing,high,business,4,15,37,29.9,15,5,884.1,780,1,0
TKT-00825,2026-06-27 00:52:00,chat,account,high,standard,2,48,33,151.5,9,0,1196.2,780,1,2
TKT-00826,2026-02-22 04:01:00,portal,how_to,high,business,2,16,54,18.3,5,0,213.4,780,0,1
TKT-00827,2026-06-12 10:26:00,chat,technical,medium,business,5,20,36,26.5,14,0,536.6,1200,0,0
TKT-00828,2026-06-16 21:14:00,email,how_to,high,standard,0,13,46,16.9,3,0,194.1,780,0,1
TKT-00829,2026-05-02 07:11:00,chat,technical,high,business,3,54,36,159.3,6,0,1026.4,780,1,2
TKT-00830,2026-01-28 12:49:00,portal,account,low,standard,2,12,54,14.0,1,0,130.6,1800,0,1
TKT-00831,2026-02-07 00:33:00,portal,technical,critical,vip,5,13,24,27.9,17,1,839.4,420,1,0
TKT-00832,2026-06-18 03:53:00,chat,account,medium,standard,4,17,15,28.6,15,2,604.6,1200,1,0
TKT-00833,2026-01-01 06:24:00,portal,how_to,low,standard,2,12,41,14.1,3,0,154.9,1800,0,1
TKT-00834,2026-04-01 16:26:00,chat,technical,medium,business,6,20,37,40.5,16,4,578.3,1200,0,0
TKT-00835,2026-04-18 07:55:00,portal,technical,medium,standard,6,19,5,33.5,11,2,843.9,1200,0,0
TKT-00836,2026-05-31 21:21:00,chat,how_to,medium,standard,5,29,22,41.8,12,4,804.6,1200,0,0
TKT-00837,2026-06-11 02:41:00,chat,incident,high,standard,3,52,26,108.2,8,0,816.5,780,1,2
TKT-00838,2026-02-21 01:05:00,portal,technical,critical,business,4,50,18,142.1,7,0,1320.1,420,1,2
TKT-00839,2026-04-01 10:58:00,email,technical,medium,standard,4,19,41,41.6,16,2,704.1,1200,0,0
TKT-00840,2026-04-25 02:32:00,chat,billing,medium,business,7,29,8,53.6,13,1,850.3,1200,1,0
TKT-00841,2026-06-23 17:35:00,portal,billing,low,business,1,6,36,16.9,2,0,168.9,1800,0,1
TKT-00842,2026-04-11 04:27:00,email,account,critical,business,1,46,14,153.1,9,0,1690.9,420,1,2
TKT-00843,2026-01-22 22:12:00,chat,account,low,standard,4,27,18,36.9,14,2,686.5,1800,0,0
TKT-00844,2026-06-16 08:23:00,email,technical,low,vip,6,21,20,64.2,14,0,537.7,1800,0,0
TKT-00845,2026-04-03 05:46:00,chat,billing,medium,standard,1,11,29,13.9,6,2,191.6,1200,0,1
TKT-00846,2026-02-02 06:34:00,email,incident,high,vip,3,58,9,112.9,8,1,863.3,780,1,2
TKT-00847,2026-02-04 05:59:00,email,incident,medium,business,2,7,31,12.7,2,1,253.4,1200,0,1
TKT-00848,2026-02-06 19:44:00,portal,billing,medium,standard,6,23,29,39.5,16,2,622.8,1200,0,0
TKT-00849,2026-05-10 19:49:00,portal,how_to,medium,business,0,11,27,25.7,3,0,350.0,1200,0,1
TKT-00850,2026-06-20 19:31:00,portal,incident,high,business,3,48,19,126.4,8,0,974.0,780,1,2
TKT-00851,2026-03-21 10:41:00,chat,incident,low,standard,1,10,31,17.3,5,0,204.8,1800,0,1
TKT-00852,2026-01-18 15:12:00,chat,technical,low,standard,1,13,16,23.5,6,0,211.3,1800,0,1
TKT-00853,2026-06-09 22:18:00,chat,how_to,low,business,2,52,21,125.4,6,2,1099.0,1800,0,2
TKT-00854,2026-04-25 05:49:00,portal,account,medium,business,1,48,22,205.7,9,1,1587.9,1200,1,2
TKT-00855,2026-04-13 17:39:00,email,how_to,medium,business,3,4,30,11.3,2,1,212.7,1200,0,1
TKT-00856,2026-01-11 21:38:00,chat,incident,medium,standard,6,24,38,36.5,13,2,863.0,1200,0,0
TKT-00857,2026-06-24 17:00:00,chat,technical,medium,business,6,22,35,22.0,14,3,848.5,1200,0,0
TKT-00858,2026-01-14 20:36:00,portal,technical,high,business,2,45,8,135.2,8,1,965.1,780,1,2
TKT-00859,2026-04-20 20:57:00,chat,billing,medium,business,2,5,23,14.8,5,0,167.4,1200,0,1
TKT-00860,2026-04-18 11:40:00,portal,account,high,business,8,18,28,29.9,16,1,1134.6,780,1,0
TKT-00861,2026-04-03 11:49:00,portal,technical,medium,business,6,26,12,30.5,14,3,1249.1,1200,1,0
TKT-00862,2026-04-10 05:54:00,phone,how_to,medium,vip,5,26,34,40.5,16,1,693.1,1200,0,0
TKT-00863,2026-03-13 14:49:00,email,technical,high,standard,3,58,18,110.8,10,0,1821.2,780,1,2
TKT-00864,2026-04-14 03:28:00,email,technical,medium,standard,4,26,10,22.7,14,1,764.2,1200,0,0
TKT-00865,2026-03-07 11:47:00,email,account,low,standard,1,8,52,15.4,1,0,206.7,1800,0,1
TKT-00866,2026-03-27 06:10:00,phone,account,medium,standard,3,58,9,122.1,6,2,922.2,1200,0,2
TKT-00867,2026-05-03 01:28:00,portal,incident,high,standard,1,42,22,144.3,7,1,1558.7,780,1,2
TKT-00868,2026-05-14 14:59:00,chat,technical,high,standard,3,49,12,119.8,9,0,1921.5,780,1,2
TKT-00869,2026-01-28 14:27:00,portal,how_to,low,business,1,5,41,10.0,7,0,175.7,1800,0,1
TKT-00870,2026-06-28 14:15:00,portal,how_to,low,vip,3,12,27,11.7,3,0,327.7,1800,0,1
TKT-00871,2026-01-18 09:43:00,email,technical,high,business,5,22,24,39.9,14,1,1373.8,780,1,0
TKT-00872,2026-02-19 15:22:00,email,how_to,low,standard,1,15,21,7.2,3,0,183.0,1800,0,1
TKT-00873,2026-03-04 10:16:00,portal,billing,critical,vip,1,59,22,118.9,10,1,2325.4,420,1,2
TKT-00874,2026-02-28 05:15:00,portal,how_to,low,standard,0,13,38,19.1,4,1,118.5,1800,0,1
TKT-00875,2026-03-05 08:05:00,chat,billing,medium,vip,5,22,17,30.5,13,0,588.7,1200,0,0
TKT-00876,2026-02-28 03:34:00,email,technical,high,business,2,48,11,93.5,7,1,2341.0,780,1,2
TKT-00877,2026-03-20 11:35:00,email,billing,low,standard,2,11,30,11.3,1,1,200.2,1800,0,1
TKT-00878,2026-05-18 09:19:00,chat,how_to,high,standard,1,21,31,16.6,4,0,310.3,780,0,1
TKT-00879,2026-05-29 22:38:00,email,technical,medium,standard,4,23,39,37.5,17,2,903.4,1200,0,0
TKT-00880,2026-03-04 15:25:00,email,account,critical,vip,6,19,38,31.9,16,3,851.0,420,1,0
TKT-00881,2026-02-16 12:24:00,email,account,medium,standard,4,18,17,41.1,15,3,951.8,1200,0,0
TKT-00882,2026-05-02 19:30:00,chat,billing,high,vip,6,24,28,50.0,15,6,941.7,780,1,0
TKT-00883,2026-01-11 17:20:00,portal,incident,critical,business,1,51,4,108.5,10,0,1478.7,420,1,2
TKT-00884,2026-03-22 06:14:00,email,incident,medium,vip,4,22,22,44.3,14,1,646.9,1200,0,0
TKT-00885,2026-02-09 14:26:00,portal,billing,low,business,1,3,26,13.6,4,0,148.6,1800,0,1
TKT-00886,2026-04-20 09:42:00,portal,how_to,medium,standard,0,15,23,10.6,5,0,197.0,1200,0,1
TKT-00887,2026-01-15 02:12:00,phone,how_to,medium,standard,1,11,40,16.7,4,0,151.3,1200,0,1
TKT-00888,2026-05-30 05:20:00,email,how_to,high,business,2,12,35,12.6,3,0,149.6,780,0,1
TKT-00889,2026-02-18 14:22:00,portal,technical,low,standard,2,10,39,8.8,5,0,147.1,1800,0,1
TKT-00890,2026-04-03 12:44:00,chat,how_to,medium,standard,5,22,21,21.5,11,3,826.2,1200,0,0
TKT-00891,2026-04-14 00:04:00,email,incident,low,standard,2,15,26,20.2,2,0,195.8,1800,0,1
TKT-00892,2026-03-27 12:44:00,email,technical,high,standard,3,47,19,122.6,7,0,958.5,780,1,2
TKT-00893,2026-03-22 15:20:00,portal,billing,critical,business,2,6,37,9.9,2,0,167.4,420,0,1
TKT-00894,2026-02-18 01:19:00,email,technical,low,standard,1,12,18,12.1,3,0,145.4,1800,0,1
TKT-00895,2026-05-20 01:19:00,portal,how_to,high,business,2,47,34,83.5,8,0,1044.5,780,1,2
TKT-00896,2026-04-03 20:42:00,email,incident,critical,vip,2,42,12,88.7,11,2,2041.5,420,1,2
TKT-00897,2026-02-08 20:09:00,email,how_to,low,standard,0,8,28,12.3,1,1,167.0,1800,0,1
TKT-00898,2026-02-17 05:37:00,email,technical,low,business,0,15,34,13.1,4,0,161.1,1800,0,1
TKT-00899,2026-03-20 22:51:00,phone,billing,medium,standard,2,11,29,8.4,4,0,299.3,1200,0,1
TKT-00900,2026-06-01 20:13:00,chat,how_to,high,standard,6,21,36,29.1,15,4,891.0,780,1,0
TKT-00901,2026-06-23 01:06:00,email,incident,low,standard,3,18,21,39.6,15,0,718.2,1800,0,0
TKT-00902,2026-03-11 23:53:00,portal,how_to,high,standard,1,10,31,14.1,2,0,195.2,780,0,1
TKT-00903,2026-03-13 02:59:00,email,how_to,medium,standard,1,5,37,8.4,4,0,216.0,1200,0,1
TKT-00904,2026-01-24 05:44:00,chat,incident,critical,business,4,25,32,35.5,15,1,851.1,420,1,0
TKT-00905,2026-04-09 05:21:00,phone,technical,critical,standard,1,57,4,121.8,9,1,1660.1,420,1,2
TKT-00906,2026-02-13 04:39:00,chat,incident,high,standard,6,24,20,33.7,17,1,768.8,780,0,0
TKT-00907,2026-05-28 12:28:00,portal,technical,medium,business,3,23,34,52.6,16,2,825.7,1200,0,0
TKT-00908,2026-04-07 05:23:00,email,billing,low,standard,0,10,37,12.2,5,0,154.1,1800,0,1
TKT-00909,2026-02-09 22:28:00,chat,how_to,medium,business,2,11,26,9.7,4,0,120.0,1200,0,1
TKT-00910,2026-06-14 22:21:00,email,how_to,low,vip,0,2,38,13.0,2,0,141.2,1800,0,1
TKT-00911,2026-05-27 18:39:00,chat,incident,high,business,3,49,7,112.8,8,1,1717.7,780,1,2
TKT-00912,2026-02-24 02:25:00,email,billing,medium,business,2,46,3,150.3,7,2,1370.2,1200,1,2
TKT-00913,2026-01-22 14:56:00,chat,technical,high,business,2,48,41,145.6,9,0,1153.0,780,1,2
TKT-00914,2026-02-17 14:08:00,email,account,low,business,1,49,18,132.5,6,0,1001.6,1800,0,2
TKT-00915,2026-03-09 19:19:00,portal,account,medium,vip,3,44,14,72.2,7,1,900.2,1200,0,2
TKT-00916,2026-03-15 04:20:00,chat,technical,medium,vip,3,56,17,139.4,8,0,1188.4,1200,0,2
TKT-00917,2026-05-29 00:23:00,chat,account,medium,standard,2,15,23,10.6,3,1,206.3,1200,0,1
TKT-00918,2026-06-24 04:41:00,chat,account,medium,business,2,10,56,14.4,6,0,108.7,1200,0,1
TKT-00919,2026-05-15 12:15:00,portal,technical,low,business,1,13,23,8.2,5,0,168.5,1800,0,1
TKT-00920,2026-06-02 03:20:00,portal,account,high,standard,6,26,24,44.2,15,0,1172.5,780,1,0
TKT-00921,2026-01-23 12:33:00,portal,billing,high,standard,1,0,37,14.3,4,0,184.8,780,0,1
TKT-00922,2026-01-27 22:33:00,chat,how_to,medium,business,1,57,15,101.4,8,0,1661.2,1200,1,2
TKT-00923,2026-06-13 11:08:00,chat,technical,high,business,6,15,23,48.7,14,2,746.5,780,0,0
TKT-00924,2026-04-21 11:24:00,phone,account,medium,standard,4,9,32,24.0,11,2,572.2,1200,0,0
TKT-00925,2026-02-12 10:19:00,portal,billing,low,standard,1,1,25,10.8,2,0,134.0,1800,0,1
TKT-00926,2026-05-23 12:51:00,email,how_to,medium,standard,2,3,34,16.1,3,0,150.0,1200,0,1
TKT-00927,2026-02-01 11:51:00,chat,account,low,standard,1,13,35,13.1,3,0,134.6,1800,0,1
TKT-00928,2026-05-19 05:48:00,portal,incident,critical,vip,2,53,29,99.0,7,0,1087.6,420,1,2
TKT-00929,2026-06-08 23:02:00,phone,incident,critical,vip,7,18,16,24.6,16,2,804.6,420,1,0
TKT-00930,2026-03-29 23:48:00,chat,how_to,high,standard,5,20,22,41.6,15,0,930.3,780,1,0
TKT-00931,2026-04-29 03:32:00,portal,incident,medium,standard,0,7,24,13.2,2,0,116.6,1200,0,1
TKT-00932,2026-05-12 17:30:00,portal,how_to,medium,business,1,12,31,10.7,3,0,237.7,1200,1,1
TKT-00933,2026-06-08 11:07:00,phone,account,critical,business,5,20,23,34.4,17,2,775.5,420,1,0
TKT-00934,2026-04-16 01:05:00,chat,account,medium,business,1,45,20,135.7,6,0,989.7,1200,0,2
TKT-00935,2026-02-22 19:52:00,chat,account,low,standard,3,55,14,115.4,6,0,1549.1,1800,0,2
TKT-00936,2026-02-06 06:14:00,email,billing,medium,standard,0,8,42,8.6,2,0,189.3,1200,0,1
TKT-00937,2026-03-05 23:56:00,email,account,medium,vip,2,49,15,102.8,9,1,1017.3,1200,0,2
TKT-00938,2026-01-11 02:09:00,chat,billing,low,business,0,8,28,16.7,1,0,151.7,1800,0,1
TKT-00939,2026-05-06 18:13:00,phone,technical,low,standard,2,47,26,58.9,8,2,1467.9,1800,0,2
TKT-00940,2026-03-08 12:14:00,portal,account,medium,vip,1,7,19,23.0,3,0,259.9,1200,0,1
TKT-00941,2026-05-09 01:57:00,email,account,low,business,1,13,15,13.0,3,2,178.3,1800,0,1
TKT-00942,2026-01-12 03:34:00,email,technical,medium,vip,2,51,25,170.4,8,0,1040.3,1200,0,2
TKT-00943,2026-02-27 22:28:00,portal,how_to,low,standard,1,10,30,9.7,3,0,123.3,1800,0,1
TKT-00944,2026-03-13 02:27:00,email,incident,medium,business,5,23,22,26.4,15,1,693.4,1200,0,0
TKT-00945,2026-01-16 18:12:00,chat,how_to,high,vip,5,17,21,22.0,14,4,820.1,780,1,0
TKT-00946,2026-05-30 04:45:00,portal,how_to,low,vip,0,2,46,21.2,2,0,106.9,1800,0,1
TKT-00947,2026-04-18 13:25:00,email,how_to,high,vip,5,20,23,40.1,16,1,711.0,780,0,0
TKT-00948,2026-06-01 23:21:00,chat,technical,high,vip,1,48,13,143.0,8,1,1274.0,780,1,2
TKT-00949,2026-05-25 08:00:00,portal,account,medium,business,1,49,21,108.1,7,0,918.9,1200,0,2
TKT-00950,2026-01-07 03:11:00,chat,account,medium,standard,2,13,29,12.5,4,0,191.3,1200,0,1
TKT-00951,2026-06-05 18:18:00,phone,account,high,business,5,25,14,28.4,16,2,511.7,780,0,0
TKT-00952,2026-01-13 12:23:00,portal,billing,medium,vip,1,12,23,15.2,4,0,184.7,1200,0,1
TKT-00953,2026-06-06 19:25:00,portal,billing,low,standard,1,15,32,15.3,3,0,246.8,1800,0,1
TKT-00954,2026-05-01 13:49:00,phone,how_to,low,business,2,16,46,15.2,2,0,86.0,1800,0,1
TKT-00955,2026-05-28 11:56:00,portal,account,critical,vip,3,58,8,202.0,7,0,1342.1,420,1,2
TKT-00956,2026-03-31 23:59:00,portal,technical,critical,vip,3,53,11,130.8,7,0,1111.7,420,1,2
TKT-00957,2026-01-29 19:51:00,phone,technical,critical,vip,2,55,13,110.8,10,0,1149.6,420,1,2
TKT-00958,2026-01-27 21:13:00,phone,how_to,critical,business,6,25,20,33.4,17,1,792.8,420,1,0
TKT-00959,2026-01-22 08:52:00,chat,technical,low,business,5,13,23,37.0,14,1,672.6,1800,0,0
TKT-00960,2026-05-25 23:53:00,email,account,high,vip,4,18,42,34.5,14,1,618.9,780,0,0
TKT-00961,2026-04-07 01:03:00,phone,how_to,medium,standard,6,18,15,26.3,14,1,879.2,1200,0,0
TKT-00962,2026-02-08 23:15:00,chat,billing,high,standard,7,25,37,24.4,15,3,813.9,780,1,0
TKT-00963,2026-01-23 11:21:00,email,billing,low,vip,0,13,40,13.1,3,0,159.5,1800,0,1
TKT-00964,2026-01-15 01:36:00,chat,how_to,low,business,2,13,40,12.7,3,0,152.8,1800,0,1
TKT-00965,2026-02-16 10:57:00,chat,technical,high,business,2,52,12,140.5,9,1,1300.8,780,1,2
TKT-00966,2026-05-15 21:52:00,email,billing,high,standard,5,22,31,22.6,18,2,1159.9,780,1,0
TKT-00967,2026-06-10 15:13:00,email,incident,high,business,2,50,27,90.9,7,1,936.7,780,1,2
TKT-00968,2026-04-20 11:06:00,email,how_to,low,vip,1,10,25,7.0,3,1,130.0,1800,0,1
TKT-00969,2026-06-29 05:27:00,email,technical,medium,business,5,17,16,35.2,15,0,708.6,1200,0,0
TKT-00970,2026-03-12 23:59:00,portal,account,high,standard,2,8,44,20.2,4,0,179.2,780,0,1
TKT-00971,2026-03-01 20:27:00,portal,billing,low,standard,1,14,44,12.6,3,0,195.4,1800,0,1
TKT-00972,2026-05-05 16:34:00,chat,how_to,low,business,2,12,33,15.4,2,0,209.4,1800,0,1
TKT-00973,2026-01-25 05:47:00,portal,billing,medium,vip,0,13,45,13.3,3,0,188.6,1200,0,1
TKT-00974,2026-06-14 01:09:00,portal,incident,high,standard,3,46,16,102.1,8,1,1630.2,780,1,2
TKT-00975,2026-05-21 10:13:00,portal,incident,medium,business,1,15,30,14.8,4,1,151.5,1200,0,1
TKT-00976,2026-01-07 03:40:00,portal,billing,medium,standard,6,21,35,48.2,13,1,521.4,1200,0,0
TKT-00977,2026-02-03 16:51:00,chat,technical,high,business,4,12,14,20.8,14,1,867.3,780,1,0
TKT-00978,2026-04-23 23:34:00,email,account,critical,standard,5,12,18,30.9,16,2,783.6,420,1,0
TKT-00979,2026-05-13 22:31:00,email,billing,critical,business,4,19,26,32.0,19,6,973.3,420,1,0
TKT-00980,2026-02-09 06:28:00,chat,account,medium,standard,3,11,18,10.6,1,0,318.5,1200,0,1
TKT-00981,2026-05-15 10:47:00,portal,technical,high,standard,0,44,26,113.4,7,0,1086.9,780,1,2
TKT-00982,2026-03-27 08:16:00,portal,technical,high,standard,3,49,4,115.2,7,0,1559.4,780,1,2
TKT-00983,2026-05-02 13:00:00,chat,incident,high,standard,5,17,24,42.9,16,1,1128.5,780,1,0
TKT-00984,2026-03-18 07:35:00,email,account,medium,standard,5,17,20,37.8,12,2,1016.0,1200,0,0
TKT-00985,2026-03-23 18:21:00,email,account,medium,business,1,12,28,12.1,1,0,125.8,1200,0,1
TKT-00986,2026-03-12 04:42:00,chat,account,high,standard,3,51,18,94.4,8,0,1182.0,780,1,2
TKT-00987,2026-01-29 06:00:00,chat,how_to,medium,standard,0,12,36,13.8,3,0,203.0,1200,0,1
TKT-00988,2026-02-04 06:20:00,portal,billing,medium,vip,2,6,17,14.1,2,0,159.6,1200,0,1
TKT-00989,2026-01-31 04:21:00,chat,incident,low,standard,1,4,51,9.3,1,0,152.9,1800,0,1
TKT-00990,2026-05-25 11:26:00,chat,technical,high,vip,2,54,18,160.9,6,0,1159.5,780,1,2
TKT-00991,2026-03-18 04:29:00,portal,billing,medium,business,5,12,15,26.4,15,2,1067.3,1200,0,0
TKT-00992,2026-03-10 07:31:00,phone,technical,low,business,2,52,19,101.5,7,0,1052.5,1800,0,2
TKT-00993,2026-06-04 00:28:00,email,incident,critical,business,3,51,23,173.8,11,1,1621.2,420,0,2
TKT-00994,2026-06-09 16:41:00,chat,technical,medium,standard,1,9,47,9.5,4,0,155.6,1200,0,1
TKT-00995,2026-02-12 02:47:00,email,technical,medium,vip,2,52,28,167.1,6,0,1108.6,1200,0,2
TKT-00996,2026-03-05 20:10:00,email,account,high,vip,4,28,36,47.9,13,0,903.5,780,1,0
TKT-00997,2026-03-16 02:42:00,portal,technical,high,standard,5,17,21,37.2,14,2,766.9,780,0,0
TKT-00998,2026-06-01 03:33:00,chat,account,medium,business,2,10,46,13.0,1,0,220.1,1200,0,1
TKT-00999,2026-05-01 21:26:00,email,incident,high,business,2,46,28,140.1,9,0,732.1,780,0,2
TKT-01000,2026-04-09 00:05:00,portal,account,high,vip,0,6,20,11.3,4,0,192.7,780,0,1
TKT-01001,2026-02-12 07:44:00,portal,billing,low,business,0,11,32,10.0,4,0,109.7,1800,0,1
TKT-01002,2026-03-11 09:54:00,chat,billing,medium,standard,5,17,26,23.1,14,2,557.8,1200,0,0
TKT-01003,2026-01-06 04:37:00,portal,billing,low,business,1,14,27,13.1,2,0,177.3,1800,0,1
TKT-01004,2026-05-07 17:25:00,email,how_to,medium,vip,0,7,47,17.7,4,0,192.5,1200,0,1
TKT-01005,2026-06-15 09:27:00,chat,how_to,high,business,4,19,46,30.0,16,1,834.5,780,1,0
TKT-01006,2026-05-22 14:20:00,portal,billing,medium,standard,1,10,23,6.5,2,0,248.6,1200,0,1
TKT-01007,2026-02-25 16:09:00,email,technical,high,vip,3,52,25,151.1,7,0,986.5,780,1,2
TKT-01008,2026-03-28 21:13:00,portal,technical,medium,business,2,1,35,16.9,4,0,228.6,1200,0,1
TKT-01009,2026-06-22 08:50:00,phone,incident,high,standard,3,27,27,46.0,13,0,606.0,780,0,0
TKT-01010,2026-03-18 13:48:00,chat,incident,medium,vip,4,19,29,39.0,14,3,907.7,1200,0,0
TKT-01011,2026-06-01 00:59:00,email,technical,critical,business,6,9,33,26.7,17,3,920.6,420,1,0
TKT-01012,2026-04-14 22:26:00,email,technical,high,vip,7,14,2,28.7,15,2,774.0,780,1,0
TKT-01013,2026-03-31 19:22:00,email,how_to,critical,business,5,23,27,37.0,17,2,1066.1,420,1,0
TKT-01014,2026-04-16 07:54:00,phone,technical,critical,standard,3,42,16,86.4,9,0,1529.2,420,1,2
TKT-01015,2026-02-10 05:59:00,portal,how_to,high,vip,0,13,33,17.8,5,0,294.6,780,0,1
TKT-01016,2026-03-18 14:04:00,email,how_to,medium,standard,2,11,30,10.7,3,0,149.2,1200,0,1
TKT-01017,2026-02-24 18:48:00,phone,billing,high,business,4,18,26,37.6,16,3,775.7,780,0,0
TKT-01018,2026-05-17 09:06:00,portal,incident,medium,standard,3,46,16,182.3,7,0,1466.1,1200,1,2
TKT-01019,2026-04-21 05:28:00,email,account,medium,standard,0,10,36,14.3,3,0,186.6,1200,0,1
TKT-01020,2026-03-13 22:47:00,portal,incident,high,business,7,17,12,21.7,17,1,769.1,780,0,0
TKT-01021,2026-05-29 01:12:00,chat,incident,high,business,2,55,11,97.7,8,0,1366.8,780,1,2
TKT-01022,2026-03-23 12:57:00,email,incident,high,vip,5,23,11,30.3,15,5,760.2,780,0,0
TKT-01023,2026-06-21 14:15:00,phone,billing,medium,vip,3,40,11,135.1,8,1,921.5,1200,0,2
TKT-01024,2026-04-19 22:58:00,email,incident,medium,vip,4,10,31,56.6,14,2,1152.6,1200,0,0
TKT-01025,2026-06-09 10:17:00,portal,incident,medium,standard,5,21,25,41.8,13,2,932.2,1200,0,0
TKT-01026,2026-06-27 15:11:00,chat,technical,low,business,0,12,31,13.4,3,0,220.8,1800,0,1
TKT-01027,2026-02-28 20:37:00,chat,billing,medium,standard,4,53,14,118.8,7,0,1609.2,1200,1,2
TKT-01028,2026-02-16 22:09:00,email,how_to,low,business,2,16,45,18.5,5,1,249.4,1800,0,1
TKT-01029,2026-05-31 09:55:00,chat,incident,high,business,5,12,24,40.0,13,2,872.3,780,1,0
TKT-01030,2026-02-11 18:02:00,email,billing,medium,vip,5,22,34,49.4,14,4,629.3,1200,0,0
TKT-01031,2026-05-16 09:03:00,chat,account,low,standard,5,22,22,21.3,12,3,747.7,1800,0,0
TKT-01032,2026-02-01 20:09:00,portal,account,low,standard,5,23,22,42.6,14,3,700.6,1800,0,0
TKT-01033,2026-06-06 13:44:00,portal,billing,medium,vip,6,14,10,37.4,14,1,646.9,1200,0,0
TKT-01034,2026-05-05 02:23:00,phone,how_to,medium,business,3,58,14,89.9,9,3,1327.7,1200,1,2
TKT-01035,2026-04-04 18:53:00,chat,incident,high,vip,4,20,23,42.1,15,2,1372.1,780,1,0
TKT-01036,2026-03-22 20:05:00,portal,incident,high,vip,5,19,37,37.5,14,2,804.3,780,1,0
TKT-01037,2026-04-25 16:58:00,portal,technical,low,standard,0,10,33,12.1,3,0,147.3,1800,0,1
TKT-01038,2026-03-11 22:46:00,phone,account,medium,business,5,16,23,39.9,14,2,752.1,1200,0,0
TKT-01039,2026-03-13 14:28:00,portal,billing,low,business,5,23,23,34.4,11,2,601.5,1800,0,0
TKT-01040,2026-02-06 17:40:00,portal,billing,low,business,2,7,18,10.4,3,0,117.9,1800,0,1
TKT-01041,2026-01-29 09:53:00,portal,billing,high,vip,2,14,26,10.5,5,0,228.5,780,0,1
TKT-01042,2026-06-10 09:43:00,portal,how_to,medium,standard,5,10,19,40.6,14,1,1470.2,1200,1,0
TKT-01043,2026-05-15 20:33:00,email,technical,high,business,5,17,16,29.0,15,1,901.8,780,1,0
TKT-01044,2026-03-21 18:30:00,phone,incident,medium,standard,5,16,18,41.8,12,3,778.9,1200,0,0
TKT-01045,2026-05-30 17:02:00,portal,billing,low,business,0,13,31,13.9,1,0,174.3,1800,0,1
TKT-01046,2026-04-20 09:14:00,email,billing,medium,business,2,7,36,15.6,5,0,170.2,1200,0,1
TKT-01047,2026-04-18 20:01:00,email,billing,medium,business,1,7,25,8.1,3,0,270.0,1200,0,1
TKT-01048,2026-01-21 06:07:00,email,billing,critical,business,3,45,10,171.5,7,0,1369.6,420,1,2
TKT-01049,2026-04-07 21:21:00,chat,account,medium,standard,2,57,24,122.8,9,1,1674.1,1200,1,2
TKT-01050,2026-01-20 10:26:00,email,billing,high,standard,1,15,30,15.8,4,0,185.9,780,0,1
TKT-01051,2026-05-04 02:35:00,chat,account,high,standard,6,22,17,34.3,17,1,653.0,780,0,0
TKT-01052,2026-01-13 02:58:00,email,billing,medium,standard,2,17,35,14.7,3,0,152.6,1200,0,1
TKT-01053,2026-04-03 13:31:00,chat,technical,low,business,1,10,19,14.4,3,0,219.5,1800,0,1
TKT-01054,2026-03-08 02:56:00,email,how_to,medium,standard,1,4,29,19.4,2,0,107.8,1200,0,1
TKT-01055,2026-01-24 13:09:00,chat,how_to,low,standard,0,6,52,15.1,3,0,195.7,1800,0,1
TKT-01056,2026-03-27 02:52:00,portal,how_to,high,business,6,29,9,33.3,15,1,880.4,780,1,0
TKT-01057,2026-02-06 02:54:00,chat,billing,high,standard,4,55,30,87.6,7,0,996.1,780,1,2
TKT-01058,2026-02-14 00:34:00,email,billing,high,standard,0,6,24,26.7,4,0,213.0,780,0,1
TKT-01059,2026-06-10 04:20:00,email,incident,high,vip,6,12,15,26.4,14,3,851.9,780,1,0
TKT-01060,2026-03-04 22:36:00,chat,incident,medium,standard,5,17,32,17.8,13,2,815.5,1200,0,0
TKT-01061,2026-03-14 17:00:00,email,technical,high,standard,3,51,21,121.5,10,1,1304.4,780,1,2
TKT-01062,2026-01-02 03:02:00,email,account,medium,business,4,17,33,42.6,12,4,776.6,1200,0,0
TKT-01063,2026-02-24 02:15:00,chat,how_to,high,standard,2,5,44,14.2,4,1,269.3,780,0,1
TKT-01064,2026-03-05 04:42:00,email,account,low,standard,5,18,36,43.8,13,2,430.9,1800,0,0
TKT-01065,2026-05-10 10:45:00,portal,how_to,critical,standard,2,14,46,12.0,3,0,216.9,420,0,1
TKT-01066,2026-01-22 10:49:00,email,incident,critical,standard,3,54,30,137.3,7,0,1051.2,420,1,2
TKT-01067,2026-06-17 09:03:00,chat,billing,high,business,2,10,20,20.6,4,0,229.8,780,0,1
TKT-01068,2026-01-24 02:37:00,email,billing,medium,business,5,23,29,31.3,13,5,786.0,1200,0,0
TKT-01069,2026-04-28 12:05:00,email,how_to,high,standard,1,5,25,12.7,7,1,182.8,780,0,1
TKT-01070,2026-01-01 19:27:00,chat,billing,medium,business,4,22,20,45.1,11,1,796.4,1200,0,0
TKT-01071,2026-05-28 12:40:00,chat,incident,high,vip,3,45,19,81.9,8,1,1241.5,780,1,2
TKT-01072,2026-05-06 08:21:00,phone,how_to,low,standard,4,27,22,40.2,13,0,596.0,1800,0,0
TKT-01073,2026-05-31 18:15:00,chat,how_to,medium,vip,5,24,20,32.4,13,1,915.1,1200,0,0
TKT-01074,2026-06-17 15:08:00,email,billing,high,standard,2,49,23,134.1,6,0,1183.9,780,1,2
TKT-01075,2026-05-31 02:50:00,phone,incident,medium,vip,3,51,13,106.9,7,0,1542.0,1200,1,2
TKT-01076,2026-04-22 21:04:00,email,billing,low,standard,2,9,43,12.9,1,0,159.4,1800,0,1
TKT-01077,2026-05-31 22:10:00,portal,technical,high,standard,4,19,25,37.6,15,2,945.1,780,1,0
TKT-01078,2026-01-18 07:35:00,email,account,medium,business,4,17,25,31.7,12,4,525.5,1200,0,0
TKT-01079,2026-04-27 03:19:00,chat,how_to,high,standard,5,13,10,33.6,18,5,947.4,780,1,0
TKT-01080,2026-06-28 03:17:00,portal,technical,low,business,0,11,40,19.8,4,0,185.1,1800,0,1
TKT-01081,2026-03-09 21:29:00,email,how_to,medium,business,1,16,22,11.6,3,1,246.7,1200,1,1
TKT-01082,2026-06-25 14:31:00,email,how_to,critical,business,3,55,26,117.1,9,1,1723.1,420,1,2
TKT-01083,2026-04-02 04:46:00,email,technical,high,standard,3,45,34,118.9,10,1,590.3,780,0,2
TKT-01084,2026-03-26 06:46:00,portal,billing,high,business,2,52,10,100.6,7,0,1165.0,780,1,2
TKT-01085,2026-02-24 00:31:00,chat,billing,critical,standard,3,51,22,133.4,7,0,1306.8,420,1,2
TKT-01086,2026-01-20 09:59:00,email,incident,high,vip,6,27,33,29.9,14,2,442.2,780,0,0
TKT-01087,2026-06-07 17:52:00,portal,technical,high,business,1,50,8,108.1,6,0,1832.9,780,1,2
TKT-01088,2026-05-10 17:35:00,email,account,high,business,3,54,14,185.4,6,0,1081.5,780,1,2
TKT-01089,2026-03-14 00:52:00,email,account,high,vip,4,22,15,26.1,16,3,1031.1,780,1,0
TKT-01090,2026-06-23 01:32:00,chat,technical,medium,business,5,18,25,23.9,14,2,613.7,1200,0,0
TKT-01091,2026-02-03 02:09:00,email,how_to,medium,standard,1,10,21,10.2,4,0,152.4,1200,0,1
TKT-01092,2026-05-21 03:58:00,portal,billing,medium,standard,6,25,25,26.2,13,1,724.1,1200,0,0
TKT-01093,2026-03-23 09:32:00,chat,billing,medium,business,1,13,27,15.9,3,0,131.0,1200,0,1
TKT-01094,2026-04-23 08:33:00,portal,billing,low,standard,2,4,20,14.6,3,0,151.8,1800,1,1
TKT-01095,2026-01-07 16:52:00,portal,incident,low,standard,6,21,26,24.6,12,2,744.9,1800,0,0
TKT-01096,2026-04-20 22:47:00,chat,account,critical,vip,6,21,20,33.5,17,2,896.9,420,1,0
TKT-01097,2026-05-03 06:00:00,email,how_to,high,standard,0,13,24,18.8,5,0,126.0,780,0,1
TKT-01098,2026-06-26 00:36:00,chat,technical,critical,business,2,51,24,107.6,7,0,1637.8,420,0,2
TKT-01099,2026-03-04 07:13:00,email,technical,critical,standard,2,48,2,113.3,10,1,1424.3,420,1,2
TKT-01100,2026-01-14 03:52:00,portal,how_to,low,standard,2,11,39,14.0,5,0,172.2,1800,0,1
TKT-01101,2026-01-12 02:26:00,email,billing,low,business,0,13,29,12.3,2,0,180.0,1800,0,1
TKT-01102,2026-01-27 22:04:00,portal,how_to,low,standard,1,8,43,9.8,5,0,117.4,1800,0,1
TKT-01103,2026-02-23 21:35:00,email,incident,high,business,2,58,18,163.0,8,0,1523.9,780,1,2
TKT-01104,2026-05-30 13:06:00,phone,incident,medium,business,1,49,20,135.4,7,2,2300.9,1200,1,2
TKT-01105,2026-02-05 03:12:00,email,billing,high,business,1,10,31,13.9,4,0,184.7,780,0,1
TKT-01106,2026-01-27 02:53:00,email,incident,low,standard,3,57,16,183.0,6,1,1141.5,1800,0,2
TKT-01107,2026-01-06 17:41:00,portal,incident,low,business,0,14,54,14.3,3,0,162.1,1800,0,1
TKT-01108,2026-03-10 23:50:00,email,how_to,low,standard,1,11,20,11.1,4,0,187.4,1800,0,1
TKT-01109,2026-04-19 15:02:00,email,account,medium,business,1,43,23,104.9,5,0,1520.7,1200,1,2
TKT-01110,2026-02-20 16:04:00,portal,billing,low,standard,1,12,25,7.9,3,1,174.7,1800,0,1
TKT-01111,2026-03-31 04:29:00,portal,how_to,medium,standard,2,12,46,12.4,3,0,106.6,1200,0,1
TKT-01112,2026-02-13 19:40:00,chat,account,medium,business,5,13,21,39.0,14,2,697.3,1200,0,0
TKT-01113,2026-05-25 00:01:00,chat,account,high,standard,6,19,24,32.1,15,2,827.5,780,1,0
TKT-01114,2026-01-05 15:07:00,portal,incident,critical,business,2,40,19,97.7,8,0,834.7,420,1,2
TKT-01115,2026-02-06 02:59:00,portal,account,high,business,4,48,24,158.9,8,0,1049.0,780,1,2
TKT-01116,2026-04-12 22:12:00,email,account,medium,standard,1,12,30,16.6,1,0,196.7,1200,0,1
TKT-01117,2026-06-01 15:16:00,email,billing,low,standard,0,11,26,14.1,1,0,167.9,1800,0,1
TKT-01118,2026-03-14 05:21:00,chat,billing,medium,standard,3,55,10,100.5,7,0,2185.6,1200,1,2
TKT-01119,2026-01-13 12:53:00,portal,technical,low,standard,0,11,49,13.3,3,0,187.5,1800,0,1
TKT-01120,2026-04-10 06:52:00,chat,how_to,critical,business,2,45,20,151.3,8,1,1374.9,420,1,2
TKT-01121,2026-02-18 16:05:00,phone,how_to,high,vip,4,15,32,29.8,15,1,694.8,780,0,0
TKT-01122,2026-02-24 19:28:00,email,billing,low,standard,0,7,32,13.3,3,0,156.8,1800,0,1
TKT-01123,2026-06-16 00:08:00,portal,technical,high,business,2,46,28,100.8,5,1,1222.3,780,1,2
TKT-01124,2026-06-19 11:06:00,email,billing,high,standard,0,21,36,17.5,5,0,239.7,780,0,1
TKT-01125,2026-02-16 13:57:00,email,how_to,high,vip,6,24,24,35.2,15,0,781.4,780,1,0
TKT-01126,2026-04-17 10:37:00,portal,account,medium,standard,5,28,13,44.1,16,1,722.8,1200,0,0
TKT-01127,2026-04-08 08:24:00,email,billing,high,standard,5,12,40,25.1,14,2,718.4,780,0,0
TKT-01128,2026-06-23 00:24:00,phone,how_to,high,standard,4,20,11,33.5,12,0,825.6,780,1,0
TKT-01129,2026-06-20 07:37:00,email,technical,high,standard,5,15,29,39.6,15,0,665.7,780,0,0
TKT-01130,2026-03-05 00:01:00,chat,billing,medium,vip,2,49,28,93.1,6,0,1215.4,1200,1,2
TKT-01131,2026-01-05 13:49:00,email,account,medium,standard,3,39,13,122.4,6,0,1201.5,1200,1,2
TKT-01132,2026-01-01 09:53:00,email,technical,critical,standard,6,19,29,35.5,18,2,742.6,420,1,0
TKT-01133,2026-01-01 20:04:00,portal,account,medium,standard,2,9,57,12.9,3,0,157.6,1200,0,1
TKT-01134,2026-05-21 15:04:00,chat,account,medium,vip,6,17,32,42.4,13,0,790.2,1200,0,0
TKT-01135,2026-05-14 04:21:00,portal,account,high,vip,0,49,25,108.1,7,0,1056.6,780,1,2
TKT-01136,2026-05-29 22:16:00,portal,how_to,low,vip,1,18,29,13.6,5,0,151.4,1800,0,1
TKT-01137,2026-01-26 02:49:00,email,incident,high,vip,7,18,38,33.2,14,2,891.5,780,1,0
TKT-01138,2026-01-11 13:35:00,email,billing,low,vip,4,20,34,41.5,10,1,524.0,1800,0,0
TKT-01139,2026-01-31 16:10:00,email,how_to,medium,standard,0,19,34,9.1,4,0,137.2,1200,0,1
TKT-01140,2026-04-23 13:35:00,portal,account,medium,standard,6,15,25,31.9,14,3,681.4,1200,0,0
TKT-01141,2026-01-02 14:50:00,portal,how_to,low,standard,1,11,45,9.4,4,0,96.4,1800,0,1
TKT-01142,2026-04-29 23:35:00,phone,billing,low,standard,2,47,12,80.1,7,1,944.3,1800,0,2
TKT-01143,2026-06-10 00:04:00,portal,billing,critical,business,2,54,13,70.2,9,1,1526.9,420,1,2
TKT-01144,2026-01-27 05:34:00,email,technical,medium,standard,2,53,34,117.0,7,0,1010.6,1200,0,2
TKT-01145,2026-05-13 23:52:00,email,technical,low,standard,5,30,27,28.8,13,1,590.7,1800,0,0
TKT-01146,2026-04-10 10:54:00,portal,account,medium,business,1,11,51,12.7,2,0,98.3,1200,0,1
TKT-01147,2026-06-19 22:47:00,chat,technical,medium,standard,5,27,33,41.7,15,1,670.4,1200,0,0
TKT-01148,2026-02-13 18:37:00,portal,account,high,standard,2,43,23,156.7,10,0,1093.0,780,1,2
TKT-01149,2026-02-10 20:11:00,email,incident,medium,standard,4,19,21,27.6,13,4,755.7,1200,0,0
TKT-01150,2026-01-03 23:04:00,chat,technical,critical,business,2,53,33,167.7,7,1,1535.7,420,1,2
TKT-01151,2026-05-07 22:08:00,portal,account,low,standard,0,8,41,9.4,3,0,166.8,1800,0,1
TKT-01152,2026-06-06 01:03:00,phone,technical,medium,standard,3,47,22,149.4,7,0,1376.6,1200,1,2
TKT-01153,2026-01-04 09:08:00,phone,billing,low,standard,0,10,27,17.9,4,0,217.1,1800,0,1
TKT-01154,2026-03-30 12:07:00,portal,how_to,low,business,1,8,31,8.4,4,0,110.7,1800,0,1
TKT-01155,2026-05-11 08:08:00,email,account,medium,standard,4,20,20,40.2,13,3,749.4,1200,0,0
TKT-01156,2026-05-21 16:56:00,portal,how_to,low,standard,0,7,51,12.7,3,1,133.9,1800,0,1
TKT-01157,2026-06-17 10:52:00,portal,billing,low,vip,1,13,20,16.0,2,1,117.6,1800,0,1
TKT-01158,2026-05-11 02:53:00,portal,how_to,low,business,2,15,44,9.0,3,0,118.2,1800,0,1
TKT-01159,2026-06-15 16:45:00,chat,how_to,high,standard,4,17,14,47.8,15,2,739.3,780,0,0
TKT-01160,2026-06-28 20:48:00,email,incident,low,standard,3,44,28,83.4,9,0,1074.9,1800,1,2
TKT-01161,2026-06-16 22:49:00,portal,account,low,standard,1,5,27,16.9,4,0,180.6,1800,0,1
TKT-01162,2026-03-20 19:57:00,email,technical,critical,business,5,23,26,31.6,18,1,607.9,420,1,0
TKT-01163,2026-03-15 06:23:00,phone,account,critical,standard,3,51,20,159.5,9,0,1776.0,420,1,2
TKT-01164,2026-03-18 23:01:00,chat,billing,medium,vip,3,7,41,12.1,5,0,181.9,1200,0,1
TKT-01165,2026-06-21 03:04:00,portal,technical,low,business,1,11,28,19.0,2,0,218.3,1800,0,1
TKT-01166,2026-02-20 17:11:00,chat,technical,high,business,2,50,14,137.5,9,0,1153.8,780,1,2
TKT-01167,2026-05-16 10:06:00,email,technical,medium,standard,2,58,11,94.2,4,2,1689.1,1200,1,2
TKT-01168,2026-04-23 12:38:00,chat,account,low,vip,4,13,27,23.0,12,0,718.2,1800,0,0
TKT-01169,2026-01-12 02:39:00,email,account,medium,business,3,53,28,99.6,6,0,1095.8,1200,0,2
TKT-01170,2026-03-29 12:00:00,chat,account,medium,business,0,8,30,14.9,4,0,195.6,1200,0,1
TKT-01171,2026-02-05 01:13:00,portal,incident,low,standard,1,11,26,14.4,3,0,155.1,1800,0,1
TKT-01172,2026-05-12 04:14:00,email,account,high,business,6,22,25,27.7,15,1,966.3,780,1,0
TKT-01173,2026-03-22 12:31:00,phone,billing,low,business,1,6,33,13.5,4,0,173.0,1800,0,1
TKT-01174,2026-03-06 04:07:00,portal,account,medium,vip,4,50,23,118.4,6,2,741.8,1200,0,2
TKT-01175,2026-01-12 19:30:00,portal,account,high,business,4,21,28,36.3,13,0,616.7,780,0,0
TKT-01176,2026-01-24 13:14:00,chat,incident,critical,business,4,48,8,115.2,8,0,1750.2,420,1,2
TKT-01177,2026-05-18 12:36:00,chat,technical,medium,business,6,21,6,27.6,13,1,698.3,1200,0,0
TKT-01178,2026-06-05 05:43:00,email,billing,medium,business,0,14,34,13.8,2,1,208.9,1200,0,1
TKT-01179,2026-02-22 09:41:00,email,billing,low,vip,2,6,47,11.1,2,0,297.5,1800,0,1
TKT-01180,2026-05-30 01:09:00,email,billing,low,standard,1,13,34,10.9,6,0,91.6,1800,0,1
TKT-01181,2026-04-10 08:38:00,portal,how_to,high,standard,0,51,24,97.0,8,1,1039.7,780,1,2
TKT-01182,2026-03-05 04:19:00,email,billing,low,standard,2,15,32,8.7,3,0,154.6,1800,0,1
TKT-01183,2026-03-23 06:20:00,email,account,low,business,2,14,39,11.9,6,0,176.9,1800,0,1
TKT-01184,2026-05-05 06:19:00,chat,account,medium,business,1,18,23,16.4,1,0,247.7,1200,0,1
TKT-01185,2026-06-13 15:20:00,portal,how_to,low,standard,1,10,31,19.2,2,0,175.5,1800,0,1
TKT-01186,2026-03-30 15:10:00,portal,technical,low,standard,2,45,14,116.0,8,0,1172.5,1800,0,2
TKT-01187,2026-03-04 09:21:00,email,account,low,vip,1,5,37,11.9,3,0,149.3,1800,0,1
TKT-01188,2026-05-17 23:23:00,email,account,critical,business,3,49,11,110.6,8,0,1929.3,420,1,2
TKT-01189,2026-04-05 12:24:00,portal,billing,medium,standard,2,6,34,15.5,1,0,189.7,1200,0,1
TKT-01190,2026-03-12 05:22:00,chat,technical,medium,standard,6,24,5,55.0,13,1,588.9,1200,0,0
TKT-01191,2026-03-24 18:14:00,email,incident,low,business,5,17,36,31.8,14,2,422.2,1800,0,0
TKT-01192,2026-04-07 09:57:00,portal,how_to,medium,standard,3,9,34,14.8,4,0,159.2,1200,0,1
TKT-01193,2026-01-26 05:45:00,portal,billing,low,business,2,50,17,93.0,6,0,1325.1,1800,0,2
TKT-01194,2026-01-11 09:45:00,portal,technical,high,business,2,52,31,135.7,8,0,1630.7,780,1,2
TKT-01195,2026-04-30 15:48:00,chat,how_to,high,business,2,49,23,117.4,7,0,1017.0,780,1,2
TKT-01196,2026-02-01 11:36:00,portal,billing,low,business,1,10,50,19.3,3,0,125.6,1800,0,1
TKT-01197,2026-04-06 16:38:00,portal,account,low,standard,1,9,31,19.5,3,0,145.0,1800,0,1
TKT-01198,2026-05-21 17:13:00,email,billing,low,standard,6,25,15,29.3,13,3,792.3,1800,0,0
TKT-01199,2026-02-08 16:42:00,portal,billing,low,standard,2,7,58,18.6,1,0,184.4,1800,0,1
TKT-01200,2026-03-10 16:21:00,portal,incident,medium,standard,5,10,11,34.1,13,5,720.6,1200,0,0
TKT-01201,2026-06-26 02:14:00,email,technical,high,business,5,12,21,37.5,14,3,935.7,780,1,0
TKT-01202,2026-01-07 07:39:00,email,technical,medium,standard,3,24,20,30.9,12,1,812.9,1200,0,0
TKT-01203,2026-05-17 00:43:00,portal,technical,high,business,3,47,27,100.1,8,1,1152.5,780,1,2
TKT-01204,2026-01-31 04:11:00,email,billing,high,standard,6,21,25,38.9,16,2,1060.3,780,1,0
TKT-01205,2026-06-13 00:30:00,portal,how_to,low,standard,2,8,18,8.0,3,1,153.0,1800,0,1
TKT-01206,2026-03-16 02:06:00,portal,account,low,standard,0,6,46,9.0,5,0,240.1,1800,0,1
TKT-01207,2026-01-02 05:18:00,portal,account,medium,business,5,18,27,40.1,13,2,603.7,1200,0,0
TKT-01208,2026-05-10 05:23:00,portal,account,high,business,5,20,33,49.5,16,1,890.8,780,1,0
TKT-01209,2026-01-27 12:07:00,portal,how_to,low,business,2,2,50,10.2,3,0,160.5,1800,0,1
TKT-01210,2026-03-07 10:15:00,email,incident,high,standard,5,16,29,33.5,14,3,623.1,780,0,0
TKT-01211,2026-04-01 10:04:00,chat,how_to,critical,business,3,49,15,114.9,6,0,1924.5,420,1,2
TKT-01212,2026-05-15 03:12:00,portal,incident,high,business,3,50,29,106.2,7,0,1279.7,780,1,2
TKT-01213,2026-03-17 09:48:00,chat,account,critical,standard,4,20,30,41.8,17,2,677.7,420,1,0
TKT-01214,2026-06-04 10:49:00,email,billing,medium,standard,2,10,29,12.7,4,0,177.8,1200,0,1
TKT-01215,2026-03-28 16:57:00,portal,how_to,high,standard,1,11,22,10.1,3,0,208.3,780,0,1
TKT-01216,2026-03-03 09:42:00,portal,billing,high,standard,5,17,20,34.5,13,0,1082.6,780,1,0
TKT-01217,2026-03-02 16:13:00,portal,billing,medium,business,1,12,45,10.5,1,0,203.8,1200,0,1
TKT-01218,2026-05-25 01:37:00,portal,technical,high,standard,5,20,15,36.1,14,0,1220.4,780,1,0
TKT-01219,2026-04-30 16:13:00,email,billing,critical,business,6,19,36,29.2,15,2,772.7,420,0,0
TKT-01220,2026-01-23 20:07:00,portal,billing,medium,business,0,7,38,17.3,5,0,193.1,1200,0,1
TKT-01221,2026-05-16 01:36:00,chat,billing,medium,standard,1,13,47,19.1,4,0,139.1,1200,0,1
TKT-01222,2026-03-16 18:01:00,portal,how_to,medium,business,1,2,20,11.1,3,0,126.5,1200,0,1
TKT-01223,2026-03-04 18:57:00,chat,technical,critical,standard,2,50,8,123.3,6,0,1617.2,420,1,2
TKT-01224,2026-01-18 13:28:00,chat,billing,medium,business,4,22,25,36.2,14,2,786.9,1200,0,0
TKT-01225,2026-06-29 16:17:00,email,billing,medium,standard,1,9,53,11.4,4,0,163.7,1200,0,1
TKT-01226,2026-01-10 10:55:00,phone,billing,critical,standard,2,56,17,239.2,7,0,1705.3,420,1,2
TKT-01227,2026-06-29 09:29:00,phone,technical,critical,standard,6,20,23,38.6,16,1,789.5,420,1,0
TKT-01228,2026-01-12 14:45:00,email,account,medium,business,4,21,28,32.5,13,0,525.5,1200,0,0
TKT-01229,2026-04-01 23:02:00,portal,technical,high,business,3,46,2,124.2,9,0,1099.3,780,1,2
TKT-01230,2026-01-19 20:31:00,portal,billing,medium,business,1,10,24,10.3,2,0,170.8,1200,0,1
TKT-01231,2026-03-30 17:02:00,portal,technical,high,standard,1,3,29,12.4,4,0,169.9,780,0,1
TKT-01232,2026-05-31 10:20:00,email,technical,critical,vip,7,25,9,34.0,17,1,987.6,420,1,0
TKT-01233,2026-04-17 05:00:00,portal,account,medium,standard,0,7,29,11.5,4,0,131.5,1200,0,1
TKT-01234,2026-04-08 20:41:00,email,billing,medium,vip,4,20,10,44.9,14,1,1145.7,1200,0,0
TKT-01235,2026-01-22 09:56:00,email,billing,low,business,1,7,30,12.0,4,0,222.2,1800,0,1
TKT-01236,2026-06-20 12:43:00,portal,how_to,critical,standard,1,5,27,13.9,4,0,173.6,420,0,1
TKT-01237,2026-03-09 13:41:00,email,billing,low,standard,1,12,17,17.4,3,0,120.1,1800,0,1
TKT-01238,2026-04-07 20:09:00,email,technical,high,business,5,14,14,34.0,14,2,925.7,780,1,0
TKT-01239,2026-06-11 14:03:00,email,account,medium,business,0,10,33,16.5,2,0,183.3,1200,0,1
TKT-01240,2026-04-24 04:01:00,email,billing,low,standard,3,13,33,10.4,4,0,138.9,1800,0,1
TKT-01241,2026-05-13 06:59:00,portal,technical,medium,vip,3,56,19,90.4,9,0,1974.0,1200,1,2
TKT-01242,2026-02-03 04:58:00,email,how_to,low,standard,2,9,41,11.2,6,0,109.3,1800,0,1
TKT-01243,2026-03-24 19:32:00,portal,how_to,high,standard,1,11,39,12.3,3,0,181.0,780,0,1
TKT-01244,2026-04-08 07:18:00,email,account,medium,business,1,10,22,20.3,3,0,209.0,1200,0,1
TKT-01245,2026-02-01 15:09:00,email,how_to,low,business,0,14,33,16.5,5,0,130.9,1800,0,1
TKT-01246,2026-03-11 08:30:00,portal,how_to,medium,standard,1,12,41,9.1,4,0,248.9,1200,0,1
TKT-01247,2026-05-30 15:54:00,chat,incident,medium,standard,4,24,26,41.5,13,1,818.5,1200,1,0
TKT-01248,2026-06-17 15:48:00,chat,incident,high,standard,1,21,42,16.3,4,0,362.0,780,0,1
TKT-01249,2026-05-29 04:53:00,chat,technical,medium,standard,2,48,2,137.8,8,0,915.5,1200,0,2
TKT-01250,2026-06-18 02:32:00,email,account,medium,business,3,50,30,153.5,6,0,1072.8,1200,0,2
TKT-01251,2026-06-29 17:31:00,email,account,low,standard,0,3,38,16.3,3,0,136.3,1800,0,1
TKT-01252,2026-02-05 17:30:00,portal,how_to,medium,business,2,15,32,10.0,4,1,125.1,1200,0,1
TKT-01253,2026-06-03 23:47:00,email,billing,medium,standard,2,8,33,15.8,2,0,141.3,1200,0,1
TKT-01254,2026-04-22 14:57:00,chat,account,high,standard,6,27,23,28.1,13,2,1060.0,780,1,0
TKT-01255,2026-06-04 14:24:00,portal,technical,medium,standard,2,6,36,10.7,4,0,155.9,1200,0,1
TKT-01256,2026-04-25 20:55:00,portal,incident,medium,standard,3,54,32,139.7,6,1,1247.6,1200,1,2
TKT-01257,2026-01-23 11:46:00,email,technical,medium,standard,3,50,21,138.2,9,0,1406.7,1200,1,2
TKT-01258,2026-04-12 06:09:00,portal,billing,medium,standard,4,55,17,87.7,9,0,1347.6,1200,1,2
TKT-01259,2026-05-17 20:54:00,email,technical,critical,business,5,21,32,33.3,17,2,744.8,420,1,0
TKT-01260,2026-01-23 09:06:00,portal,account,medium,standard,3,58,26,138.9,7,1,1240.1,1200,1,2
TKT-01261,2026-04-01 19:30:00,email,technical,critical,standard,0,9,46,9.3,4,0,140.6,420,0,1
TKT-01262,2026-04-28 17:20:00,portal,billing,medium,vip,5,24,28,28.4,15,0,977.1,1200,0,0
TKT-01263,2026-03-25 13:41:00,portal,how_to,low,standard,1,10,37,11.6,4,1,105.1,1800,0,1
TKT-01264,2026-05-24 20:02:00,chat,technical,medium,standard,3,58,8,129.8,9,0,1336.6,1200,1,2
TKT-01265,2026-01-23 20:34:00,email,account,low,standard,4,22,45,28.2,14,1,592.5,1800,0,0
TKT-01266,2026-03-04 03:22:00,email,incident,critical,standard,2,44,13,131.5,9,0,1128.7,420,1,2
TKT-01267,2026-06-21 05:35:00,chat,how_to,medium,standard,0,7,37,16.4,3,0,164.3,1200,0,1
TKT-01268,2026-04-03 14:51:00,phone,incident,medium,business,3,52,15,129.6,8,0,1067.8,1200,0,2
TKT-01269,2026-02-02 13:52:00,chat,how_to,high,standard,7,18,23,27.6,15,2,619.2,780,0,0
TKT-01270,2026-01-21 22:32:00,portal,how_to,high,standard,5,18,16,28.2,17,2,603.3,780,0,0
TKT-01271,2026-04-17 18:27:00,portal,technical,critical,standard,3,51,13,147.2,10,1,1545.7,420,1,2
TKT-01272,2026-06-17 12:34:00,phone,how_to,high,standard,1,6,43,7.4,2,0,157.8,780,0,1
TKT-01273,2026-01-09 20:23:00,email,billing,medium,vip,1,12,40,15.1,6,0,160.6,1200,0,1
TKT-01274,2026-01-20 17:12:00,chat,how_to,high,standard,5,19,21,35.3,14,1,637.5,780,0,0
TKT-01275,2026-03-09 12:58:00,email,how_to,medium,standard,2,9,33,13.3,3,0,135.4,1200,0,1
TKT-01276,2026-02-07 12:11:00,portal,account,medium,standard,1,14,45,16.7,3,1,154.5,1200,0,1
TKT-01277,2026-01-22 19:03:00,portal,how_to,medium,standard,1,6,33,14.6,2,0,170.8,1200,0,1
TKT-01278,2026-02-23 17:25:00,chat,account,low,standard,2,13,39,14.1,3,0,117.1,1800,0,1
TKT-01279,2026-04-26 16:54:00,chat,incident,high,standard,2,54,23,159.0,9,1,1419.3,780,1,2
TKT-01280,2026-05-29 15:24:00,portal,how_to,critical,standard,6,21,34,31.4,14,1,710.3,420,1,0
TKT-01281,2026-02-25 03:36:00,email,account,low,standard,2,4,45,9.7,2,0,140.5,1800,0,1
TKT-01282,2026-05-07 02:50:00,portal,account,high,business,5,23,41,36.2,16,1,636.0,780,0,0
TKT-01283,2026-05-29 03:59:00,phone,account,critical,business,6,13,27,29.7,16,3,693.6,420,1,0
TKT-01284,2026-01-02 06:18:00,email,how_to,medium,standard,6,21,27,41.3,14,1,815.7,1200,0,0
TKT-01285,2026-06-03 12:13:00,chat,incident,high,vip,2,50,21,158.1,7,1,1942.1,780,1,2
TKT-01286,2026-02-03 00:59:00,portal,technical,critical,standard,3,45,18,130.2,7,0,995.0,420,1,2
TKT-01287,2026-05-04 07:26:00,email,billing,high,vip,1,13,31,12.8,2,0,333.8,780,0,1
TKT-01288,2026-05-16 00:39:00,email,incident,low,vip,2,14,38,22.0,1,0,189.8,1800,0,1
TKT-01289,2026-06-02 03:40:00,email,account,medium,business,5,26,33,22.7,15,0,972.9,1200,0,0
TKT-01290,2026-03-14 16:33:00,chat,incident,high,standard,5,26,6,41.4,15,3,1300.0,780,1,0
TKT-01291,2026-04-29 17:06:00,phone,technical,medium,vip,6,17,10,33.1,12,6,679.7,1200,0,0
TKT-01292,2026-01-05 17:14:00,chat,incident,medium,standard,6,15,32,33.9,14,1,514.5,1200,0,0
TKT-01293,2026-03-22 10:41:00,email,incident,low,standard,4,20,28,24.0,13,4,485.2,1800,0,0
TKT-01294,2026-06-23 12:07:00,email,incident,low,standard,1,13,38,8.5,2,0,125.9,1800,0,1
TKT-01295,2026-01-29 12:50:00,email,how_to,medium,standard,2,13,24,12.0,2,0,241.3,1200,0,1
TKT-01296,2026-01-28 05:19:00,email,account,medium,business,2,15,36,17.2,6,0,153.0,1200,0,1
TKT-01297,2026-05-07 00:33:00,portal,account,medium,business,2,8,38,14.1,2,0,133.4,1200,0,1
TKT-01298,2026-04-02 21:12:00,email,account,medium,business,2,2,31,16.6,5,0,126.0,1200,0,1
TKT-01299,2026-03-23 21:21:00,portal,account,medium,business,4,19,41,27.8,12,2,431.4,1200,0,0
TKT-01300,2026-02-14 16:43:00,portal,incident,low,business,1,10,37,11.6,1,0,180.0,1800,0,1
TKT-01301,2026-01-31 19:53:00,portal,how_to,low,standard,0,12,25,12.4,7,0,171.7,1800,0,1
TKT-01302,2026-05-13 17:52:00,email,technical,low,vip,4,18,10,31.0,13,1,1107.1,1800,0,0
TKT-01303,2026-03-06 09:31:00,portal,technical,medium,vip,2,51,11,126.8,8,0,1390.0,1200,1,2
TKT-01304,2026-05-20 19:27:00,portal,how_to,low,business,2,9,31,17.6,1,0,122.9,1800,0,1
TKT-01305,2026-03-21 19:13:00,chat,technical,low,business,3,56,12,202.9,6,1,1258.7,1800,0,2
TKT-01306,2026-03-13 11:59:00,email,billing,medium,business,2,44,40,123.6,9,0,1209.8,1200,1,2
TKT-01307,2026-02-11 10:07:00,portal,technical,high,standard,6,20,31,32.2,16,1,761.4,780,0,0
TKT-01308,2026-04-29 12:30:00,chat,incident,high,vip,5,24,30,53.3,15,2,1005.8,780,1,0
TKT-01309,2026-02-21 05:40:00,chat,billing,high,standard,3,7,42,13.9,2,0,320.5,780,0,1
TKT-01310,2026-06-13 15:11:00,chat,technical,critical,standard,1,44,28,193.5,10,1,1204.6,420,1,2
TKT-01311,2026-03-15 11:59:00,chat,how_to,medium,standard,2,9,39,10.3,5,0,139.3,1200,0,1
TKT-01312,2026-05-27 15:58:00,phone,incident,medium,business,2,59,35,131.5,7,0,763.4,1200,0,2
TKT-01313,2026-03-26 14:11:00,chat,incident,medium,business,5,16,13,18.6,11,2,785.1,1200,0,0
TKT-01314,2026-03-16 16:21:00,phone,how_to,low,standard,0,10,27,13.1,3,0,128.4,1800,0,1
TKT-01315,2026-03-23 13:47:00,chat,account,low,standard,1,17,36,14.5,3,0,138.4,1800,0,1
TKT-01316,2026-03-21 11:10:00,email,technical,medium,standard,5,23,19,33.5,13,2,748.5,1200,0,0
TKT-01317,2026-03-28 05:11:00,chat,technical,medium,standard,7,17,27,46.2,13,0,738.7,1200,0,0
TKT-01318,2026-06-09 15:18:00,chat,account,low,standard,2,11,47,15.1,1,0,145.3,1800,0,1
TKT-01319,2026-05-07 13:17:00,chat,technical,high,business,6,23,22,50.2,17,0,783.0,780,1,0
TKT-01320,2026-01-07 04:29:00,chat,technical,critical,standard,4,53,18,111.1,7,1,1369.3,420,0,2
TKT-01321,2026-01-11 11:31:00,email,billing,high,standard,5,18,23,36.6,18,2,890.2,780,1,0
TKT-01322,2026-01-05 02:32:00,email,account,high,standard,6,18,19,54.0,12,0,674.0,780,0,0
TKT-01323,2026-05-05 08:46:00,email,technical,medium,standard,0,6,26,12.4,5,0,108.2,1200,0,1
TKT-01324,2026-02-07 01:02:00,chat,billing,low,vip,2,49,25,139.4,6,0,1516.1,1800,0,2
TKT-01325,2026-03-11 08:25:00,chat,billing,medium,standard,1,15,41,13.8,3,0,178.1,1200,0,1
TKT-01326,2026-05-29 23:19:00,chat,billing,high,standard,4,49,15,102.9,5,2,1409.2,780,1,2
TKT-01327,2026-01-24 17:19:00,email,technical,low,business,1,19,37,8.5,2,1,128.6,1800,0,1
TKT-01328,2026-01-28 13:52:00,phone,technical,medium,standard,5,25,14,31.5,14,2,818.3,1200,0,0
TKT-01329,2026-01-15 07:10:00,portal,billing,high,business,1,14,41,13.5,5,0,198.9,780,0,1
TKT-01330,2026-02-21 08:24:00,chat,how_to,medium,vip,1,20,28,11.0,3,0,206.6,1200,0,1
TKT-01331,2026-01-17 03:07:00,portal,account,high,business,2,52,17,107.4,8,0,1452.2,780,1,2
TKT-01332,2026-04-24 05:34:00,email,incident,high,vip,4,24,14,29.2,14,1,1279.7,780,1,0
TKT-01333,2026-05-13 14:50:00,portal,technical,medium,business,4,21,30,32.5,12,3,649.5,1200,0,0
TKT-01334,2026-02-03 03:55:00,email,technical,high,standard,2,52,26,118.4,6,1,1709.1,780,1,2
TKT-01335,2026-04-05 09:04:00,email,incident,medium,standard,3,44,31,144.1,7,0,1793.3,1200,1,2
TKT-01336,2026-02-24 13:27:00,portal,account,high,standard,3,55,12,72.3,8,2,858.3,780,1,2
TKT-01337,2026-01-15 10:49:00,email,billing,medium,standard,1,19,54,14.3,4,0,195.7,1200,0,1
TKT-01338,2026-03-26 01:03:00,chat,account,low,business,6,15,22,41.9,14,3,672.3,1800,0,0
TKT-01339,2026-05-06 12:14:00,portal,billing,critical,business,3,51,22,142.7,8,0,1648.4,420,1,2
TKT-01340,2026-02-11 01:25:00,email,account,low,standard,1,11,36,10.2,6,0,131.4,1800,0,1
TKT-01341,2026-05-22 20:36:00,portal,technical,medium,business,1,13,34,14.9,2,0,188.3,1200,0,1
TKT-01342,2026-06-28 15:13:00,portal,incident,high,standard,2,58,22,111.7,6,2,1551.1,780,1,2
TKT-01343,2026-01-11 03:11:00,portal,incident,high,standard,4,31,25,34.2,16,0,798.6,780,1,0
TKT-01344,2026-01-30 10:05:00,chat,account,high,standard,4,20,24,29.4,15,2,642.1,780,0,0
TKT-01345,2026-02-22 02:14:00,chat,account,critical,business,4,56,35,114.5,9,0,2117.2,420,1,2
TKT-01346,2026-06-02 23:43:00,chat,technical,medium,business,5,18,30,36.2,14,1,454.1,1200,0,0
TKT-01347,2026-01-26 13:54:00,chat,incident,high,business,5,17,26,31.4,15,2,740.5,780,0,0
TKT-01348,2026-03-26 14:49:00,email,account,medium,standard,3,12,45,13.5,2,0,149.2,1200,0,1
TKT-01349,2026-04-07 17:30:00,chat,technical,medium,business,3,21,27,31.0,12,0,698.3,1200,0,0
TKT-01350,2026-01-24 05:48:00,phone,account,low,vip,1,6,39,14.1,2,0,155.4,1800,0,1
TKT-01351,2026-01-08 13:26:00,email,incident,high,standard,4,52,18,141.8,8,0,1285.2,780,0,2
TKT-01352,2026-01-22 07:51:00,portal,incident,medium,standard,3,48,8,141.7,6,1,1728.9,1200,1,2
TKT-01353,2026-01-11 02:48:00,portal,account,low,standard,2,11,64,13.1,5,0,213.1,1800,0,1
TKT-01354,2026-04-01 01:16:00,email,billing,low,standard,1,10,34,16.4,3,0,128.3,1800,0,1
TKT-01355,2026-06-18 13:59:00,email,account,high,business,1,54,28,99.9,6,1,1559.8,780,1,2
TKT-01356,2026-03-05 15:12:00,portal,billing,low,standard,1,10,33,11.4,5,0,155.0,1800,0,1
TKT-01357,2026-02-16 05:01:00,phone,account,high,business,7,17,26,36.8,17,2,725.0,780,0,0
TKT-01358,2026-02-12 05:28:00,phone,incident,medium,vip,4,17,29,38.9,14,0,751.2,1200,0,0
TKT-01359,2026-06-26 15:25:00,email,technical,high,standard,6,21,16,26.1,14,1,1197.6,780,1,0
TKT-01360,2026-06-22 14:37:00,portal,billing,low,standard,1,7,25,19.3,2,0,128.0,1800,0,1
TKT-01361,2026-04-27 17:35:00,portal,account,medium,vip,5,23,11,31.3,15,5,921.0,1200,0,0
TKT-01362,2026-03-25 09:48:00,portal,billing,low,standard,0,5,28,8.4,2,1,180.6,1800,0,1
TKT-01363,2026-01-29 18:23:00,chat,technical,high,vip,6,21,34,45.5,16,3,803.4,780,1,0
TKT-01364,2026-06-17 04:27:00,email,how_to,low,standard,2,7,49,11.7,2,0,117.9,1800,0,1
TKT-01365,2026-01-01 05:51:00,portal,incident,critical,business,4,17,50,40.3,15,1,607.7,420,1,0
TKT-01366,2026-01-30 12:28:00,email,account,medium,vip,6,27,7,24.3,18,4,787.8,1200,0,0
TKT-01367,2026-05-03 03:43:00,portal,billing,medium,standard,1,9,31,11.7,5,0,154.3,1200,0,1
TKT-01368,2026-02-03 00:34:00,portal,how_to,low,business,1,10,40,10.2,2,0,193.2,1800,0,1
TKT-01369,2026-01-20 11:31:00,portal,billing,medium,business,2,6,40,15.7,3,0,176.0,1200,0,1
TKT-01370,2026-04-18 06:50:00,email,account,medium,business,1,11,31,14.6,3,0,247.9,1200,0,1
TKT-01371,2026-01-05 17:20:00,email,technical,low,standard,1,5,41,12.2,2,0,186.6,1800,0,1
TKT-01372,2026-02-18 13:51:00,chat,how_to,medium,business,2,43,28,75.8,8,0,1387.1,1200,1,2
TKT-01373,2026-04-26 16:36:00,portal,incident,low,standard,5,21,20,39.3,12,0,910.5,1800,0,0
TKT-01374,2026-02-03 06:55:00,chat,technical,medium,vip,0,41,23,100.6,7,0,886.3,1200,0,2
TKT-01375,2026-05-17 16:17:00,portal,account,critical,standard,2,43,2,149.8,10,1,1456.0,420,1,2
TKT-01376,2026-01-18 01:02:00,portal,how_to,low,standard,1,10,35,12.6,4,0,131.2,1800,0,1
TKT-01377,2026-04-21 09:18:00,chat,account,low,vip,6,18,17,28.2,13,4,656.7,1800,0,0
TKT-01378,2026-01-14 17:29:00,chat,incident,critical,standard,2,46,25,145.6,8,1,1671.1,420,1,2
TKT-01379,2026-05-12 17:19:00,portal,account,low,business,5,13,37,29.2,11,2,678.4,1800,0,0
TKT-01380,2026-05-16 13:41:00,email,account,medium,standard,5,23,25,41.2,14,1,751.2,1200,0,0
TKT-01381,2026-05-24 01:38:00,chat,technical,high,business,5,33,39,24.9,15,1,830.3,780,1,0
TKT-01382,2026-02-20 18:56:00,chat,technical,high,standard,1,0,20,19.8,2,0,198.5,780,0,1
TKT-01383,2026-02-12 12:49:00,chat,technical,high,business,4,19,11,26.8,17,1,767.3,780,0,0
TKT-01384,2026-06-26 02:46:00,portal,incident,high,business,2,54,10,97.6,7,0,1477.1,780,1,2
TKT-01385,2026-05-12 07:23:00,email,billing,critical,standard,2,56,30,100.8,7,3,852.8,420,1,2
TKT-01386,2026-02-02 23:04:00,portal,technical,low,standard,0,3,35,12.0,3,0,184.8,1800,0,1
TKT-01387,2026-01-06 06:04:00,portal,account,critical,standard,4,17,33,28.2,18,2,542.8,420,1,0
TKT-01388,2026-03-05 19:12:00,email,how_to,high,business,1,16,22,18.1,4,0,177.6,780,0,1
TKT-01389,2026-04-30 17:21:00,chat,incident,critical,standard,2,47,15,89.1,8,0,2189.6,420,1,2
TKT-01390,2026-03-09 11:36:00,portal,how_to,low,standard,2,12,33,13.2,3,0,184.0,1800,0,1
TKT-01391,2026-05-26 09:28:00,chat,billing,medium,standard,1,57,2,123.2,7,2,1209.4,1200,1,2
TKT-01392,2026-04-01 00:39:00,chat,technical,high,business,5,51,30,80.4,8,0,1523.1,780,1,2
TKT-01393,2026-06-28 10:23:00,email,how_to,medium,business,1,18,36,12.0,4,0,169.5,1200,0,1
TKT-01394,2026-06-06 17:08:00,portal,how_to,medium,standard,0,12,24,15.7,3,0,169.2,1200,0,1
TKT-01395,2026-03-26 19:44:00,email,technical,critical,vip,4,52,29,231.6,10,0,1305.2,420,1,2
TKT-01396,2026-05-31 06:12:00,portal,account,medium,business,2,6,34,15.7,1,0,223.9,1200,0,1
TKT-01397,2026-03-22 16:02:00,portal,incident,medium,vip,5,18,11,35.5,14,1,835.8,1200,0,0
TKT-01398,2026-01-02 19:00:00,email,billing,high,business,2,48,26,100.1,6,0,1097.3,780,1,2
TKT-01399,2026-02-25 10:40:00,email,technical,low,standard,5,11,14,22.3,10,1,817.8,1800,0,0
TKT-01400,2026-03-15 15:58:00,portal,account,low,vip,1,8,37,17.8,1,0,168.4,1800,0,1
TKT-01401,2026-06-25 18:15:00,portal,billing,low,vip,5,20,6,30.3,11,0,591.6,1800,0,0
TKT-01402,2026-05-30 00:41:00,chat,how_to,medium,standard,1,8,41,14.8,2,0,162.8,1200,0,1
TKT-01403,2026-01-27 09:22:00,chat,how_to,high,standard,2,53,9,164.6,4,1,1543.7,780,1,2
TKT-01404,2026-01-01 00:51:00,portal,billing,medium,standard,1,8,33,12.9,1,0,206.4,1200,0,1
TKT-01405,2026-04-06 04:21:00,chat,how_to,low,business,2,10,48,25.6,1,0,129.3,1800,0,1
TKT-01406,2026-04-07 01:19:00,portal,account,medium,standard,2,16,54,12.7,2,0,175.3,1200,0,1
TKT-01407,2026-05-13 08:51:00,email,incident,critical,business,2,45,24,71.8,9,1,1084.2,420,1,2
TKT-01408,2026-02-16 16:56:00,chat,how_to,high,standard,2,17,28,18.9,3,0,307.0,780,0,1
TKT-01409,2026-05-27 04:39:00,email,technical,high,business,2,47,13,155.9,7,1,1430.3,780,1,2
TKT-01410,2026-03-16 07:09:00,portal,billing,high,standard,5,24,16,41.0,16,2,883.2,780,1,0
TKT-01411,2026-03-02 05:22:00,email,how_to,high,standard,2,49,21,158.7,10,1,1263.4,780,1,2
TKT-01412,2026-03-17 15:42:00,email,incident,high,standard,2,46,28,58.2,9,2,1050.1,780,1,2
TKT-01413,2026-06-20 00:13:00,chat,account,critical,vip,3,55,40,144.0,9,1,1355.3,420,1,2
TKT-01414,2026-03-12 12:22:00,email,incident,high,business,2,58,16,157.1,10,1,1402.4,780,1,2
TKT-01415,2026-04-11 21:41:00,portal,billing,low,vip,2,5,35,19.9,3,0,112.5,1800,0,1
TKT-01416,2026-06-10 13:13:00,email,billing,medium,business,2,46,16,92.6,7,1,1168.0,1200,0,2
TKT-01417,2026-01-04 06:59:00,email,account,medium,vip,6,21,36,53.4,14,2,660.2,1200,0,0
TKT-01418,2026-04-07 13:31:00,portal,billing,medium,business,4,22,10,34.1,15,1,537.6,1200,0,0
TKT-01419,2026-05-08 12:01:00,chat,incident,high,vip,3,49,19,109.1,9,0,1419.8,780,1,2
TKT-01420,2026-06-12 16:11:00,chat,technical,high,vip,2,55,10,97.7,9,0,1303.4,780,1,2
TKT-01421,2026-01-12 01:44:00,email,account,low,business,6,20,20,42.3,16,1,560.4,1800,0,0
TKT-01422,2026-05-11 19:31:00,chat,technical,high,standard,6,21,35,20.4,16,5,675.1,780,0,0
TKT-01423,2026-05-25 11:01:00,portal,technical,medium,business,6,16,27,33.4,13,0,708.3,1200,0,0
TKT-01424,2026-03-05 04:50:00,portal,account,high,standard,0,14,21,10.3,2,0,228.3,780,0,1
TKT-01425,2026-05-15 07:14:00,portal,how_to,low,standard,1,11,25,13.0,1,0,183.8,1800,0,1
TKT-01426,2026-03-30 20:11:00,portal,how_to,medium,business,0,11,41,12.0,4,0,206.4,1200,0,1
TKT-01427,2026-04-29 10:58:00,email,how_to,medium,business,1,15,37,8.5,3,0,142.6,1200,0,1
TKT-01428,2026-03-12 04:11:00,phone,billing,medium,standard,1,6,52,12.0,2,0,151.5,1200,0,1
TKT-01429,2026-02-01 21:26:00,email,technical,medium,standard,2,50,17,191.3,7,1,1259.1,1200,1,2
TKT-01430,2026-05-30 03:26:00,email,billing,critical,vip,5,14,13,36.6,15,0,935.5,420,1,0
TKT-01431,2026-02-08 23:02:00,chat,account,high,standard,3,47,13,134.0,7,0,1128.9,780,1,2
TKT-01432,2026-02-03 18:25:00,email,account,medium,standard,5,18,16,25.3,17,0,725.1,1200,0,0
TKT-01433,2026-06-09 11:53:00,portal,how_to,medium,business,0,13,27,12.6,6,0,157.1,1200,0,1
TKT-01434,2026-06-18 13:18:00,phone,technical,low,business,1,7,41,13.3,4,0,202.8,1800,0,1
TKT-01435,2026-04-20 16:15:00,chat,billing,medium,standard,3,12,29,13.2,4,0,207.4,1200,0,1
TKT-01436,2026-04-15 11:26:00,phone,account,medium,business,3,54,10,193.0,8,0,1953.2,1200,1,2
TKT-01437,2026-03-06 22:37:00,portal,billing,low,standard,1,9,32,7.4,4,0,230.1,1800,0,1
TKT-01438,2026-04-21 02:47:00,portal,account,high,standard,6,20,22,36.6,15,0,529.1,780,0,0
TKT-01439,2026-04-20 15:50:00,email,incident,high,business,3,44,22,145.0,7,2,1340.6,780,1,2
TKT-01440,2026-04-04 00:34:00,phone,technical,low,vip,3,59,21,153.1,5,0,1361.0,1800,0,2
TKT-01441,2026-04-28 22:11:00,portal,billing,low,standard,1,14,36,12.1,1,0,220.9,1800,0,1
TKT-01442,2026-04-10 19:25:00,portal,technical,low,standard,0,15,33,16.1,4,0,158.1,1800,0,1
TKT-01443,2026-06-08 06:14:00,portal,account,low,standard,1,11,37,18.8,3,0,105.7,1800,0,1
TKT-01444,2026-05-01 04:21:00,email,account,medium,standard,1,8,29,17.9,6,0,172.5,1200,0,1
TKT-01445,2026-03-11 08:06:00,email,how_to,low,standard,1,12,35,17.4,1,0,119.8,1800,0,1
TKT-01446,2026-04-28 21:45:00,chat,billing,high,standard,6,21,30,37.0,16,1,541.4,780,0,0
TKT-01447,2026-02-11 10:02:00,portal,technical,medium,vip,1,48,23,175.4,7,0,697.1,1200,0,2
TKT-01448,2026-02-08 13:06:00,chat,account,low,standard,5,23,22,42.8,13,0,1001.3,1800,0,0
TKT-01449,2026-05-29 19:54:00,email,technical,high,business,6,24,29,28.0,18,5,995.2,780,1,0
TKT-01450,2026-04-15 20:08:00,portal,account,low,standard,1,12,26,12.1,3,1,132.7,1800,0,1
TKT-01451,2026-01-10 16:10:00,email,account,high,vip,2,51,3,151.0,8,0,1430.8,780,1,2
TKT-01452,2026-03-05 19:59:00,email,account,critical,vip,4,18,36,36.6,15,0,816.6,420,1,0
TKT-01453,2026-06-27 03:56:00,email,technical,critical,standard,3,53,20,195.8,8,0,2088.7,420,1,2
TKT-01454,2026-04-25 15:58:00,phone,account,high,standard,3,57,9,161.2,7,0,2152.4,780,1,2
TKT-01455,2026-06-06 08:20:00,portal,account,low,business,2,11,41,9.2,3,0,197.1,1800,0,1
TKT-01456,2026-04-09 14:38:00,portal,account,medium,standard,0,13,31,16.5,3,0,190.7,1200,0,1
TKT-01457,2026-01-08 16:02:00,email,billing,critical,standard,1,14,39,11.5,4,0,269.7,420,0,1
TKT-01458,2026-02-02 08:13:00,chat,technical,critical,standard,5,22,8,34.7,17,3,1384.6,420,1,0
TKT-01459,2026-01-17 13:57:00,portal,technical,medium,vip,4,46,14,109.8,7,0,2019.1,1200,1,2
TKT-01460,2026-05-13 06:03:00,email,account,low,standard,0,6,39,13.9,2,0,129.3,1800,0,1
TKT-01461,2026-05-17 04:37:00,portal,account,medium,business,5,55,32,200.1,7,1,2070.7,1200,1,2
TKT-01462,2026-03-24 06:17:00,email,technical,low,business,4,15,15,30.9,11,4,424.9,1800,0,0
TKT-01463,2026-05-11 09:32:00,email,account,medium,business,1,9,43,13.9,1,2,150.5,1200,0,1
TKT-01464,2026-04-10 06:13:00,email,how_to,low,standard,1,4,36,12.8,3,0,160.0,1800,0,1
TKT-01465,2026-05-14 04:00:00,email,technical,medium,vip,5,17,14,37.8,15,6,943.1,1200,0,0
TKT-01466,2026-05-02 01:49:00,portal,incident,low,business,5,22,26,64.5,12,4,606.5,1800,0,0
TKT-01467,2026-03-24 00:13:00,email,billing,medium,business,6,25,37,35.7,14,3,613.8,1200,0,0
TKT-01468,2026-04-28 12:24:00,portal,account,low,standard,0,11,31,14.8,5,0,191.2,1800,0,1
TKT-01469,2026-02-27 08:23:00,phone,incident,medium,vip,5,16,17,34.4,14,6,767.3,1200,0,0
TKT-01470,2026-05-15 19:22:00,email,technical,low,business,1,10,40,11.5,3,0,167.5,1800,0,1
TKT-01471,2026-06-14 10:59:00,chat,account,critical,standard,2,52,30,176.1,9,0,2377.0,420,1,2
TKT-01472,2026-02-07 05:10:00,portal,billing,low,standard,1,9,30,15.3,1,0,200.1,1800,0,1
TKT-01473,2026-05-01 01:36:00,chat,incident,medium,standard,0,9,44,14.4,6,0,148.2,1200,0,1
TKT-01474,2026-01-20 20:53:00,portal,technical,low,standard,3,22,8,26.8,12,3,845.7,1800,0,0
TKT-01475,2026-03-09 22:47:00,email,billing,low,standard,6,18,38,26.4,12,2,968.2,1800,0,0
TKT-01476,2026-05-01 10:51:00,portal,how_to,low,standard,6,25,31,27.2,13,5,783.9,1800,0,0
TKT-01477,2026-02-19 22:24:00,portal,incident,low,standard,4,29,18,45.9,14,1,554.7,1800,0,0
TKT-01478,2026-02-12 11:27:00,phone,account,medium,vip,3,50,13,169.5,4,1,1015.3,1200,0,2
TKT-01479,2026-03-11 02:22:00,chat,billing,medium,vip,5,30,6,28.0,16,2,841.7,1200,0,0
TKT-01480,2026-01-21 15:05:00,chat,account,high,vip,7,21,27,33.3,17,2,710.9,780,0,0
TKT-01481,2026-04-23 13:54:00,email,technical,low,business,6,17,26,24.0,14,5,839.2,1800,0,0
TKT-01482,2026-01-24 14:56:00,email,billing,low,business,1,8,41,19.5,3,0,165.2,1800,0,1
TKT-01483,2026-03-01 23:15:00,chat,incident,medium,standard,5,21,39,45.5,13,1,910.4,1200,0,0
TKT-01484,2026-02-26 07:17:00,chat,account,low,business,2,18,12,23.2,4,0,203.2,1800,0,1
TKT-01485,2026-06-24 05:16:00,chat,incident,medium,standard,5,24,13,16.5,14,2,843.0,1200,0,0
TKT-01486,2026-06-28 12:31:00,email,technical,low,standard,2,15,28,17.9,3,0,164.9,1800,0,1
TKT-01487,2026-01-15 06:36:00,email,account,medium,vip,3,51,8,73.5,8,0,1163.7,1200,0,2
TKT-01488,2026-01-29 07:21:00,phone,technical,medium,vip,5,20,27,25.6,15,3,857.7,1200,0,0
TKT-01489,2026-05-12 19:02:00,portal,how_to,critical,standard,2,56,16,144.3,5,0,1277.2,420,1,2
TKT-01490,2026-02-23 17:40:00,email,incident,critical,business,5,21,25,28.9,15,1,788.1,420,1,0
TKT-01491,2026-04-26 22:30:00,chat,how_to,critical,standard,0,15,14,15.3,3,0,429.9,420,1,1
TKT-01492,2026-06-15 17:34:00,portal,technical,high,standard,3,52,14,90.7,5,1,1524.6,780,1,2
TKT-01493,2026-01-30 07:30:00,portal,incident,low,standard,5,18,37,34.2,12,2,568.0,1800,0,0
TKT-01494,2026-06-23 09:29:00,email,billing,medium,standard,3,53,32,134.9,8,0,1080.1,1200,0,2
TKT-01495,2026-01-10 10:44:00,email,incident,medium,business,6,26,25,33.6,15,0,705.9,1200,0,0
TKT-01496,2026-02-11 04:36:00,phone,how_to,low,standard,5,16,29,26.7,11,0,467.9,1800,0,0
TKT-01497,2026-04-02 08:42:00,chat,technical,low,standard,2,51,17,125.9,7,1,1191.9,1800,0,2
TKT-01498,2026-06-08 11:33:00,email,technical,medium,vip,5,21,33,22.5,14,1,616.0,1200,0,0
TKT-01499,2026-04-10 16:47:00,phone,billing,low,standard,1,9,46,18.7,3,0,112.2,1800,0,1
TKT-01500,2026-01-26 00:07:00,chat,technical,low,business,5,18,26,22.1,11,1,649.9,1800,0,0
TKT-01501,2026-02-14 19:20:00,chat,incident,high,business,5,21,25,31.4,17,2,845.5,780,1,0
TKT-01502,2026-05-18 01:50:00,portal,account,medium,business,3,50,11,115.0,9,2,1127.9,1200,0,2
TKT-01503,2026-04-12 02:00:00,portal,billing,high,standard,2,15,24,13.4,3,0,226.8,780,0,1
TKT-01504,2026-01-03 08:11:00,portal,incident,medium,business,5,16,33,27.4,13,5,625.6,1200,0,0
TKT-01505,2026-04-01 06:46:00,portal,incident,high,vip,2,51,3,129.2,7,1,1107.3,780,1,2
TKT-01506,2026-03-15 04:35:00,chat,how_to,low,standard,5,21,17,32.8,15,3,1040.4,1800,0,0
TKT-01507,2026-01-01 02:30:00,portal,incident,medium,business,5,24,7,26.4,14,2,659.1,1200,0,0
TKT-01508,2026-02-14 12:29:00,email,how_to,low,standard,4,18,13,34.8,14,3,646.3,1800,0,0
TKT-01509,2026-06-18 08:39:00,email,billing,low,business,1,7,23,12.2,1,0,178.9,1800,0,1
TKT-01510,2026-05-07 17:18:00,portal,technical,high,standard,5,15,24,33.3,16,1,757.4,780,0,0
TKT-01511,2026-01-13 17:50:00,portal,account,low,standard,0,11,35,9.4,3,0,152.2,1800,0,1
TKT-01512,2026-01-03 21:21:00,email,how_to,low,vip,1,7,41,15.7,1,0,141.2,1800,0,1
TKT-01513,2026-03-04 06:27:00,phone,billing,critical,business,4,21,35,45.9,18,1,620.1,420,1,0
TKT-01514,2026-03-25 16:22:00,email,technical,low,standard,5,18,35,26.2,13,2,710.5,1800,0,0
TKT-01515,2026-03-23 14:59:00,phone,billing,high,standard,2,54,26,104.5,6,0,905.1,780,1,2
TKT-01516,2026-05-06 09:52:00,chat,billing,medium,standard,1,2,42,7.9,3,0,130.3,1200,0,1
TKT-01517,2026-02-01 04:55:00,email,account,low,vip,2,8,34,17.3,2,0,247.3,1800,0,1
TKT-01518,2026-01-09 09:45:00,email,technical,high,business,2,53,27,72.8,6,1,1109.8,780,1,2
TKT-01519,2026-05-02 01:57:00,email,how_to,low,standard,0,15,33,14.1,4,0,201.6,1800,0,1
TKT-01520,2026-06-11 12:46:00,chat,how_to,medium,standard,1,8,44,12.2,4,0,150.0,1200,0,1
TKT-01521,2026-01-31 04:37:00,portal,incident,low,standard,1,9,51,19.2,2,0,211.7,1800,0,1
TKT-01522,2026-03-07 00:22:00,phone,account,low,standard,4,24,25,24.0,12,3,1003.8,1800,0,0
TKT-01523,2026-04-23 19:08:00,phone,how_to,medium,vip,2,48,42,85.4,8,1,841.7,1200,0,2
TKT-01524,2026-01-30 17:56:00,email,account,critical,standard,3,53,22,121.2,8,0,1139.6,420,1,2
TKT-01525,2026-06-04 18:59:00,chat,account,high,vip,6,22,16,39.6,15,2,558.8,780,0,0
TKT-01526,2026-02-10 14:00:00,email,incident,high,business,0,6,39,11.0,5,1,187.7,780,0,1
TKT-01527,2026-04-06 20:48:00,email,how_to,medium,standard,1,12,40,12.7,3,0,182.5,1200,0,1
TKT-01528,2026-03-03 00:04:00,chat,how_to,high,business,5,23,27,20.0,15,3,649.1,780,0,0
TKT-01529,2026-05-01 03:13:00,portal,billing,medium,business,4,0,37,12.2,4,0,155.4,1200,0,1
TKT-01530,2026-02-05 16:58:00,portal,how_to,high,business,1,10,39,14.0,3,0,192.3,780,0,1
TKT-01531,2026-01-18 16:20:00,portal,how_to,medium,standard,1,13,29,14.8,1,0,209.4,1200,0,1
TKT-01532,2026-04-02 21:42:00,chat,incident,low,standard,0,7,24,12.5,3,0,231.1,1800,0,1
TKT-01533,2026-06-05 17:45:00,email,technical,high,standard,4,18,11,34.7,15,1,1168.7,780,1,0
TKT-01534,2026-04-24 22:15:00,phone,how_to,medium,business,4,21,18,26.9,14,3,508.0,1200,0,0
TKT-01535,2026-05-17 00:11:00,portal,billing,low,standard,2,5,40,20.4,5,0,189.0,1800,0,1
TKT-01536,2026-03-20 00:25:00,email,billing,medium,standard,5,16,24,34.1,13,2,716.3,1200,0,0
TKT-01537,2026-01-26 05:19:00,phone,billing,medium,business,2,41,13,79.8,6,1,938.0,1200,0,2
TKT-01538,2026-03-18 20:46:00,chat,technical,high,standard,7,14,35,30.5,16,2,624.0,780,0,0
TKT-01539,2026-06-27 17:59:00,email,technical,medium,vip,1,49,20,179.6,10,1,1157.0,1200,0,2
TKT-01540,2026-05-21 16:56:00,portal,technical,high,vip,4,21,14,37.2,14,4,754.7,780,0,0
TKT-01541,2026-05-07 15:16:00,portal,incident,high,vip,2,44,23,100.0,10,0,840.6,780,1,2
TKT-01542,2026-02-24 04:23:00,portal,how_to,medium,standard,0,11,33,17.9,3,0,158.5,1200,0,1
TKT-01543,2026-04-18 22:32:00,portal,technical,low,standard,1,11,36,14.6,4,0,159.1,1800,0,1
TKT-01544,2026-04-23 02:21:00,email,billing,high,business,2,16,28,22.8,2,0,168.9,780,0,1
TKT-01545,2026-04-28 18:07:00,email,account,medium,standard,5,20,31,34.5,14,2,1142.0,1200,0,0
TKT-01546,2026-06-10 17:25:00,portal,technical,low,business,1,11,26,16.4,3,0,264.4,1800,0,1
TKT-01547,2026-05-03 16:24:00,portal,how_to,low,standard,2,20,38,15.0,2,0,220.4,1800,0,1
TKT-01548,2026-02-09 20:56:00,email,technical,medium,standard,4,54,18,122.1,8,2,1401.7,1200,1,2
TKT-01549,2026-02-09 21:10:00,phone,account,low,standard,0,12,41,14.9,3,0,130.2,1800,0,1
TKT-01550,2026-04-22 13:58:00,portal,how_to,medium,business,0,10,46,12.8,3,0,253.2,1200,0,1
TKT-01551,2026-06-05 21:59:00,portal,technical,high,standard,0,8,23,8.6,3,1,150.5,780,0,1
TKT-01552,2026-06-20 15:14:00,chat,billing,high,vip,5,13,25,43.4,16,2,1078.7,780,1,0
TKT-01553,2026-04-20 17:43:00,chat,account,medium,standard,2,11,33,14.4,3,0,175.7,1200,0,1
TKT-01554,2026-04-06 08:42:00,email,how_to,low,standard,1,14,16,14.2,1,0,158.1,1800,0,1
TKT-01555,2026-05-27 21:12:00,chat,how_to,medium,business,1,10,41,15.2,3,0,113.9,1200,0,1
TKT-01556,2026-06-25 20:11:00,phone,account,critical,business,3,52,2,91.1,8,0,2060.4,420,1,2
TKT-01557,2026-01-06 00:24:00,chat,incident,medium,standard,1,57,13,144.6,7,0,1128.6,1200,0,2
TKT-01558,2026-02-25 19:23:00,phone,billing,critical,vip,5,24,22,34.4,16,1,464.1,420,1,0
TKT-01559,2026-03-02 02:15:00,portal,incident,medium,business,6,20,39,34.8,15,2,566.9,1200,0,0
TKT-01560,2026-04-12 13:44:00,chat,account,critical,business,3,56,22,92.0,7,1,1309.2,420,1,2
TKT-01561,2026-02-23 01:54:00,chat,technical,critical,vip,4,46,11,71.0,8,0,1712.1,420,1,2
TKT-01562,2026-02-25 23:40:00,phone,account,high,business,5,23,20,20.4,14,1,602.8,780,0,0
TKT-01563,2026-01-05 09:26:00,email,billing,medium,business,4,43,24,96.6,9,1,2197.7,1200,1,2
TKT-01564,2026-01-01 16:04:00,chat,incident,high,standard,3,48,13,94.1,10,0,1498.7,780,1,2
TKT-01565,2026-03-22 23:56:00,portal,account,medium,standard,2,43,20,168.5,9,0,1694.8,1200,1,2
TKT-01566,2026-06-29 12:22:00,chat,technical,high,business,5,26,14,29.9,14,3,1293.1,780,1,0
TKT-01567,2026-02-23 05:09:00,portal,billing,low,standard,2,12,47,10.1,6,0,142.1,1800,0,1
TKT-01568,2026-02-13 05:03:00,email,billing,medium,business,0,10,35,13.8,5,0,232.1,1200,0,1
TKT-01569,2026-02-17 14:22:00,chat,technical,critical,business,6,23,24,21.9,17,2,1101.9,420,1,0
TKT-01570,2026-06-25 03:48:00,email,incident,low,business,5,15,12,37.5,12,1,823.2,1800,0,0
TKT-01571,2026-04-30 11:49:00,portal,technical,medium,vip,5,17,33,39.3,13,1,779.0,1200,0,0
TKT-01572,2026-04-28 13:06:00,email,technical,high,vip,6,25,29,29.7,15,0,650.2,780,0,0
TKT-01573,2026-02-04 02:05:00,chat,technical,medium,standard,6,18,20,52.8,13,2,1063.5,1200,0,0
TKT-01574,2026-06-12 16:59:00,chat,technical,medium,vip,2,49,17,132.7,8,0,1184.7,1200,0,2
TKT-01575,2026-02-05 09:48:00,email,billing,low,business,1,10,22,14.0,2,1,173.0,1800,0,1
TKT-01576,2026-06-24 02:18:00,portal,billing,low,standard,1,18,53,6.7,4,0,163.6,1800,0,1
TKT-01577,2026-06-21 10:35:00,chat,technical,high,standard,3,57,6,136.0,6,0,2472.6,780,1,2
TKT-01578,2026-04-13 05:01:00,chat,incident,high,standard,2,55,29,121.4,5,0,1225.0,780,1,2
TKT-01579,2026-06-06 06:32:00,portal,incident,medium,business,2,49,27,134.3,8,1,1559.9,1200,1,2
TKT-01580,2026-06-29 22:39:00,email,incident,high,business,2,49,28,92.2,7,1,1008.5,780,1,2
TKT-01581,2026-04-15 11:09:00,email,incident,medium,business,3,40,24,99.7,7,1,1218.2,1200,1,2
TKT-01582,2026-05-19 02:51:00,portal,billing,low,business,1,11,26,9.6,4,1,198.0,1800,0,1
TKT-01583,2026-04-17 07:37:00,portal,technical,high,standard,4,17,32,26.4,16,2,929.8,780,1,0
TKT-01584,2026-04-05 06:52:00,portal,how_to,low,standard,0,13,35,13.0,3,0,247.2,1800,0,1
TKT-01585,2026-03-02 05:51:00,portal,technical,medium,vip,6,18,19,24.6,13,3,605.1,1200,0,0
TKT-01586,2026-04-28 21:21:00,portal,account,critical,vip,2,50,30,116.8,8,0,1831.3,420,1,2
TKT-01587,2026-02-18 02:37:00,portal,how_to,medium,business,1,10,26,10.3,1,0,170.4,1200,0,1
TKT-01588,2026-02-04 23:15:00,chat,incident,high,standard,5,21,12,38.6,17,3,1277.7,780,1,0
TKT-01589,2026-02-19 13:57:00,email,technical,low,standard,1,2,41,11.4,2,0,103.4,1800,0,1
TKT-01590,2026-01-02 23:39:00,portal,billing,low,standard,1,10,46,9.2,2,0,142.1,1800,0,1
TKT-01591,2026-06-18 02:14:00,email,how_to,low,standard,1,8,43,17.0,1,0,212.0,1800,0,1
TKT-01592,2026-02-16 05:19:00,email,account,medium,standard,1,10,35,17.0,4,0,219.4,1200,0,1
TKT-01593,2026-05-24 23:44:00,portal,account,critical,vip,4,48,3,119.8,10,0,1654.7,420,1,2
TKT-01594,2026-03-20 07:04:00,portal,incident,low,business,5,13,34,32.1,16,0,572.3,1800,0,0
TKT-01595,2026-03-03 02:21:00,portal,incident,medium,standard,2,50,43,184.6,5,0,1250.1,1200,1,2
TKT-01596,2026-02-11 01:11:00,chat,account,medium,standard,4,26,17,37.4,14,1,658.3,1200,0,0
TKT-01597,2026-05-28 17:28:00,portal,how_to,medium,standard,3,5,24,14.2,3,1,242.9,1200,0,1
TKT-01598,2026-04-03 12:38:00,portal,how_to,medium,standard,0,11,33,13.9,4,1,189.5,1200,0,1
TKT-01599,2026-03-22 22:46:00,email,billing,high,business,3,50,20,108.4,6,0,1639.5,780,1,2
TKT-01600,2026-04-29 10:19:00,phone,billing,high,standard,2,5,43,8.7,1,0,120.2,780,0,1
TKT-01601,2026-05-25 11:19:00,email,how_to,medium,vip,3,56,29,144.1,6,0,908.1,1200,0,2
TKT-01602,2026-04-29 01:01:00,email,how_to,medium,standard,2,5,46,7.7,3,0,172.4,1200,0,1
TKT-01603,2026-03-26 05:06:00,email,account,medium,standard,5,16,28,32.5,16,4,871.7,1200,0,0
TKT-01604,2026-06-10 21:03:00,chat,billing,medium,vip,3,54,19,141.5,6,0,1589.9,1200,1,2
TKT-01605,2026-06-11 05:13:00,email,account,high,standard,0,9,48,16.1,1,0,179.0,780,0,1
TKT-01606,2026-06-23 22:29:00,email,how_to,low,standard,1,9,34,13.2,3,0,138.6,1800,0,1
TKT-01607,2026-01-17 09:08:00,portal,incident,high,business,2,58,14,76.9,7,1,2285.8,780,1,2
TKT-01608,2026-06-10 07:48:00,portal,how_to,medium,standard,1,10,43,11.9,3,0,139.4,1200,0,1
TKT-01609,2026-02-04 18:31:00,chat,billing,critical,standard,3,17,50,20.7,16,2,767.8,420,1,0
TKT-01610,2026-04-22 15:09:00,email,how_to,medium,standard,6,19,17,32.2,14,3,693.9,1200,0,0
TKT-01611,2026-04-29 10:30:00,phone,account,low,standard,1,11,43,17.2,4,0,140.6,1800,0,1
TKT-01612,2026-02-07 00:54:00,email,account,critical,business,1,58,15,140.4,7,0,1185.0,420,1,2
TKT-01613,2026-01-02 11:06:00,email,technical,high,standard,3,48,15,95.3,9,0,1692.0,780,1,2
TKT-01614,2026-06-19 19:42:00,portal,how_to,medium,business,2,9,31,12.3,2,0,203.3,1200,0,1
TKT-01615,2026-06-10 10:07:00,email,incident,high,vip,4,51,18,112.9,6,1,1427.1,780,1,2
TKT-01616,2026-02-01 11:23:00,chat,how_to,low,standard,3,7,34,12.1,3,1,188.1,1800,0,1
TKT-01617,2026-04-19 05:44:00,portal,billing,medium,standard,1,15,29,7.6,6,0,194.9,1200,0,1
TKT-01618,2026-01-28 06:09:00,chat,incident,high,standard,5,20,30,21.3,16,7,626.5,780,0,0
TKT-01619,2026-04-12 23:28:00,chat,account,medium,standard,3,51,16,122.4,6,1,1172.2,1200,0,2
TKT-01620,2026-02-27 03:53:00,chat,how_to,medium,standard,1,0,16,11.1,3,0,176.6,1200,0,1
TKT-01621,2026-05-16 07:12:00,email,account,high,business,2,4,27,10.1,4,0,293.7,780,0,1
TKT-01622,2026-04-14 05:58:00,phone,account,high,standard,5,21,13,35.7,16,2,741.5,780,0,0
TKT-01623,2026-03-31 15:40:00,chat,how_to,critical,business,2,43,19,105.3,7,0,1146.7,420,1,2
TKT-01624,2026-05-03 15:57:00,portal,billing,low,business,1,21,34,15.9,3,0,186.7,1800,0,1
TKT-01625,2026-03-27 15:23:00,chat,how_to,critical,business,2,2,42,13.6,6,0,189.1,420,0,1
TKT-01626,2026-01-03 09:25:00,phone,incident,low,standard,6,18,13,43.3,10,2,1085.4,1800,0,0
TKT-01627,2026-04-18 06:30:00,portal,account,medium,standard,1,14,31,11.0,2,0,300.2,1200,0,1
TKT-01628,2026-05-21 01:03:00,email,billing,medium,vip,0,12,37,15.5,2,0,243.8,1200,0,1
TKT-01629,2026-03-30 06:24:00,portal,how_to,medium,standard,0,4,29,13.5,5,0,258.2,1200,0,1
TKT-01630,2026-02-01 12:05:00,chat,technical,critical,business,5,24,31,35.5,16,1,950.6,420,1,0
TKT-01631,2026-01-02 09:52:00,portal,technical,high,business,5,18,14,39.7,18,5,941.5,780,1,0
TKT-01632,2026-02-23 08:48:00,chat,how_to,high,business,3,49,5,95.8,9,0,1355.6,780,1,2
TKT-01633,2026-05-19 05:56:00,email,incident,medium,standard,5,21,20,28.3,14,3,621.3,1200,0,0
TKT-01634,2026-02-27 23:24:00,chat,technical,medium,standard,3,20,29,47.4,13,1,458.1,1200,0,0
TKT-01635,2026-06-22 02:34:00,portal,incident,high,business,3,53,6,119.7,9,0,1018.0,780,1,2
TKT-01636,2026-03-01 20:10:00,chat,account,low,business,4,14,28,49.3,12,0,591.6,1800,0,0
TKT-01637,2026-03-18 23:18:00,email,billing,medium,vip,6,11,36,28.7,14,1,641.5,1200,0,0
TKT-01638,2026-05-17 20:47:00,chat,technical,critical,business,3,55,9,153.5,8,3,2562.2,420,1,2
TKT-01639,2026-04-21 12:13:00,portal,account,medium,vip,1,12,36,9.5,2,0,148.1,1200,0,1
TKT-01640,2026-01-08 08:52:00,portal,account,high,vip,6,23,11,30.8,16,2,910.7,780,1,0
TKT-01641,2026-01-14 17:31:00,email,how_to,high,business,3,51,10,175.5,8,0,1294.7,780,1,2
TKT-01642,2026-02-05 08:57:00,chat,account,medium,standard,2,13,37,9.6,4,0,222.4,1200,0,1
TKT-01643,2026-06-06 21:26:00,portal,billing,low,business,5,20,22,62.9,11,1,661.1,1800,0,0
TKT-01644,2026-01-05 00:25:00,email,how_to,low,business,2,4,29,12.8,4,1,215.3,1800,0,1
TKT-01645,2026-01-13 21:19:00,portal,billing,medium,standard,1,14,22,8.4,3,0,236.0,1200,0,1
TKT-01646,2026-05-21 02:15:00,chat,how_to,medium,standard,4,26,30,33.0,14,1,752.1,1200,0,0
TKT-01647,2026-04-23 02:43:00,portal,how_to,low,standard,1,8,21,13.3,4,0,206.1,1800,0,1
TKT-01648,2026-06-27 01:40:00,email,how_to,high,standard,3,54,19,78.4,7,1,1891.9,780,1,2
TKT-01649,2026-02-09 12:39:00,email,incident,high,standard,4,52,9,98.1,8,1,1336.8,780,1,2
TKT-01650,2026-04-29 17:14:00,portal,account,high,vip,3,47,27,115.1,9,0,996.5,780,1,2
TKT-01651,2026-01-25 05:08:00,portal,account,low,standard,1,13,40,18.9,2,0,205.3,1800,0,1
TKT-01652,2026-04-17 05:24:00,portal,incident,medium,standard,1,12,34,6.1,2,0,204.0,1200,0,1
TKT-01653,2026-01-20 02:41:00,email,account,low,standard,2,9,38,12.5,3,0,174.7,1800,0,1
TKT-01654,2026-06-13 10:50:00,phone,billing,medium,standard,0,17,38,17.6,4,0,212.9,1200,0,1
TKT-01655,2026-03-16 21:04:00,email,technical,high,standard,3,52,30,219.5,7,0,1319.4,780,1,2
TKT-01656,2026-02-15 21:24:00,phone,account,low,business,4,17,2,30.6,13,2,978.6,1800,0,0
TKT-01657,2026-06-27 05:03:00,portal,billing,high,standard,1,10,14,12.4,3,0,262.0,780,0,1
TKT-01658,2026-01-12 23:07:00,portal,incident,low,business,3,51,24,94.1,7,1,768.6,1800,0,2
TKT-01659,2026-05-24 23:32:00,portal,account,medium,standard,1,9,36,15.3,6,0,210.7,1200,0,1
TKT-01660,2026-04-02 19:04:00,portal,billing,low,vip,4,4,37,9.2,4,0,163.3,1800,0,1
TKT-01661,2026-05-04 18:27:00,portal,how_to,medium,business,2,8,16,14.4,2,0,189.5,1200,0,1
TKT-01662,2026-02-16 20:42:00,chat,incident,medium,business,5,16,27,42.6,16,1,1148.1,1200,0,0
TKT-01663,2026-06-08 15:25:00,chat,billing,critical,standard,2,48,26,105.9,7,1,1413.1,420,1,2
TKT-01664,2026-03-23 04:40:00,email,technical,low,standard,2,7,27,17.0,1,0,139.9,1800,0,1
TKT-01665,2026-03-17 08:10:00,email,account,high,business,3,53,11,99.7,9,1,1561.0,780,1,2
TKT-01666,2026-03-24 03:12:00,email,technical,medium,business,2,52,26,193.8,6,0,842.7,1200,0,2
TKT-01667,2026-02-23 08:22:00,chat,incident,low,business,3,49,21,117.8,7,0,1040.7,1800,0,2
TKT-01668,2026-02-27 09:21:00,portal,billing,low,business,0,9,23,13.1,4,0,159.8,1800,0,1
TKT-01669,2026-01-26 05:13:00,portal,how_to,medium,standard,1,10,30,11.8,1,0,266.0,1200,0,1
TKT-01670,2026-03-29 12:55:00,email,incident,high,business,3,47,22,125.5,8,2,1463.2,780,1,2
TKT-01671,2026-03-27 10:49:00,portal,billing,high,standard,0,7,38,16.4,3,0,320.9,780,0,1
TKT-01672,2026-03-10 10:15:00,chat,account,high,business,5,28,38,26.1,17,2,732.5,780,0,0
TKT-01673,2026-06-27 09:50:00,portal,technical,critical,business,3,54,10,179.4,7,1,2041.8,420,1,2
TKT-01674,2026-01-21 08:24:00,portal,billing,low,business,2,17,34,13.9,4,0,86.3,1800,0,1
TKT-01675,2026-06-13 20:27:00,phone,technical,critical,standard,4,46,27,161.9,10,0,1224.5,420,1,2
TKT-01676,2026-06-06 00:15:00,phone,billing,high,standard,1,53,11,86.9,8,1,1624.3,780,1,2
TKT-01677,2026-01-05 00:10:00,email,account,high,standard,6,22,33,26.5,15,0,799.5,780,1,0
TKT-01678,2026-05-07 05:30:00,email,incident,critical,vip,5,17,21,47.7,17,2,570.6,420,1,0
TKT-01679,2026-02-07 15:43:00,chat,how_to,high,business,3,52,14,142.6,8,0,1719.5,780,1,2
TKT-01680,2026-01-08 10:27:00,portal,account,high,standard,4,21,11,29.1,16,3,476.7,780,0,0
TKT-01681,2026-06-04 23:33:00,email,technical,high,business,5,19,21,37.1,16,0,778.2,780,0,0
TKT-01682,2026-01-21 20:11:00,portal,incident,medium,business,2,55,16,117.4,7,1,937.1,1200,0,2
TKT-01683,2026-02-23 19:13:00,email,technical,high,vip,5,18,4,36.9,16,1,765.3,780,0,0
TKT-01684,2026-01-18 08:56:00,phone,account,medium,vip,1,6,40,13.2,4,0,113.3,1200,0,1
TKT-01685,2026-01-26 13:14:00,email,how_to,high,business,2,20,41,14.7,2,1,245.4,780,0,1
TKT-01686,2026-01-12 02:43:00,phone,billing,medium,business,2,7,38,14.2,1,0,176.0,1200,0,1
TKT-01687,2026-06-01 14:58:00,chat,incident,low,standard,5,28,34,30.5,13,3,990.7,1800,1,0
TKT-01688,2026-01-11 15:07:00,chat,incident,low,standard,5,14,13,29.1,12,2,574.3,1800,0,0
TKT-01689,2026-05-17 15:56:00,chat,technical,low,business,6,25,14,30.4,12,2,961.8,1800,0,0
TKT-01690,2026-01-29 06:43:00,email,billing,medium,business,1,9,29,10.8,3,0,156.6,1200,0,1
TKT-01691,2026-06-14 16:23:00,email,technical,low,standard,3,50,28,111.5,6,0,843.6,1800,0,2
TKT-01692,2026-06-02 14:47:00,email,how_to,high,business,3,57,21,140.9,7,0,1775.3,780,1,2
TKT-01693,2026-04-24 07:12:00,email,technical,medium,standard,3,14,39,15.7,2,0,123.2,1200,0,1
TKT-01694,2026-05-30 01:58:00,email,incident,high,standard,5,18,25,33.5,17,2,595.0,780,0,0
TKT-01695,2026-02-23 16:48:00,email,account,medium,standard,4,21,35,22.4,12,0,597.1,1200,0,0
TKT-01696,2026-05-21 23:11:00,portal,account,medium,vip,5,23,5,37.5,12,0,638.6,1200,0,0
TKT-01697,2026-02-09 21:13:00,email,billing,low,business,2,10,24,12.2,4,0,140.5,1800,0,1
TKT-01698,2026-04-21 15:31:00,portal,billing,critical,business,3,50,28,89.8,7,1,1977.3,420,1,2
TKT-01699,2026-06-15 11:47:00,email,technical,medium,vip,2,51,9,203.1,9,0,1875.6,1200,1,2
TKT-01700,2026-05-11 05:29:00,email,technical,low,vip,6,20,34,29.4,12,0,920.3,1800,0,0
TKT-01701,2026-02-18 12:39:00,portal,account,medium,standard,2,51,15,129.5,8,1,1046.8,1200,0,2
TKT-01702,2026-05-13 22:14:00,phone,technical,critical,vip,4,55,37,115.1,7,0,836.2,420,1,2
TKT-01703,2026-06-08 23:56:00,portal,incident,low,standard,0,0,43,7.7,6,0,180.0,1800,0,1
TKT-01704,2026-06-10 01:49:00,email,billing,high,business,5,18,31,24.2,17,3,735.6,780,0,0
TKT-01705,2026-05-14 01:13:00,portal,account,high,standard,6,14,25,36.5,19,0,795.2,780,1,0
TKT-01706,2026-05-12 19:43:00,chat,technical,high,business,2,53,20,117.2,7,1,1344.1,780,1,2
TKT-01707,2026-05-22 06:29:00,email,how_to,low,standard,0,15,29,13.2,2,0,138.3,1800,0,1
TKT-01708,2026-05-13 13:30:00,email,technical,low,standard,6,25,24,29.1,14,2,451.5,1800,0,0
TKT-01709,2026-01-25 01:45:00,portal,technical,high,business,2,43,6,136.0,8,0,1258.6,780,0,2
TKT-01710,2026-05-25 17:37:00,email,how_to,low,business,2,6,36,14.3,4,0,132.4,1800,0,1
TKT-01711,2026-02-02 09:28:00,phone,billing,high,business,2,42,11,107.6,7,1,1560.6,780,1,2
TKT-01712,2026-04-11 03:27:00,portal,technical,low,standard,0,11,42,12.7,2,0,227.0,1800,0,1
TKT-01713,2026-03-03 02:27:00,portal,account,high,standard,2,49,32,118.1,9,0,760.5,780,0,2
TKT-01714,2026-02-08 08:17:00,portal,technical,medium,standard,2,46,26,203.2,5,0,1495.5,1200,1,2
TKT-01715,2026-02-20 17:53:00,portal,billing,medium,business,1,6,46,13.7,2,0,216.1,1200,0,1
TKT-01716,2026-01-16 05:13:00,chat,incident,medium,vip,2,51,31,81.8,8,0,776.1,1200,0,2
TKT-01717,2026-03-21 03:19:00,phone,account,medium,standard,2,6,34,16.2,1,0,199.3,1200,0,1
TKT-01718,2026-03-17 10:16:00,phone,incident,low,business,5,14,27,35.2,14,1,811.4,1800,0,0
TKT-01719,2026-03-14 14:49:00,chat,technical,critical,business,5,13,35,29.7,16,1,1018.3,420,1,0
TKT-01720,2026-01-17 12:04:00,portal,technical,high,vip,3,47,25,110.3,8,0,1280.8,780,1,2
TKT-01721,2026-04-20 05:23:00,phone,billing,low,standard,0,13,32,14.4,4,0,161.3,1800,0,1
TKT-01722,2026-01-31 11:23:00,portal,billing,low,standard,0,12,30,20.0,1,0,185.7,1800,0,1
TKT-01723,2026-06-04 01:32:00,email,account,medium,business,4,25,31,32.6,14,1,760.0,1200,0,0
TKT-01724,2026-01-05 06:59:00,chat,billing,low,standard,6,19,18,38.0,14,3,992.6,1800,0,0
TKT-01725,2026-01-10 22:45:00,portal,account,low,standard,6,12,38,29.2,13,0,1058.8,1800,0,0
TKT-01726,2026-02-24 00:53:00,chat,billing,high,standard,3,9,31,10.5,3,1,150.7,780,0,1
TKT-01727,2026-03-15 10:03:00,phone,how_to,medium,standard,1,12,26,13.6,1,0,284.6,1200,0,1
TKT-01728,2026-06-24 14:23:00,chat,account,medium,business,2,51,30,168.5,6,2,1213.4,1200,1,2
TKT-01729,2026-04-05 13:18:00,email,account,medium,business,1,11,25,10.6,3,0,204.6,1200,0,1
TKT-01730,2026-03-10 04:58:00,portal,billing,low,standard,0,10,48,10.2,1,0,180.5,1800,0,1
TKT-01731,2026-05-31 18:27:00,portal,incident,critical,vip,1,56,26,102.4,10,0,3143.6,420,1,2
TKT-01732,2026-02-13 08:39:00,chat,billing,low,standard,1,0,26,14.4,3,0,262.9,1800,0,1
TKT-01733,2026-06-11 11:03:00,chat,incident,high,vip,7,22,13,31.8,15,3,1079.3,780,1,0
TKT-01734,2026-03-14 14:54:00,chat,account,medium,standard,1,12,40,25.5,3,0,157.0,1200,0,1
TKT-01735,2026-02-26 06:55:00,portal,billing,low,vip,3,55,14,191.7,8,1,929.1,1800,0,2
TKT-01736,2026-02-24 05:46:00,email,incident,low,vip,5,8,31,23.8,14,2,699.4,1800,0,0
TKT-01737,2026-01-02 17:52:00,email,how_to,high,vip,2,50,8,109.1,7,0,1244.6,780,1,2
TKT-01738,2026-05-02 07:08:00,email,billing,high,business,0,0,31,14.7,4,0,108.7,780,0,1
TKT-01739,2026-04-14 21:54:00,chat,incident,medium,standard,4,18,33,25.5,14,1,695.5,1200,0,0
TKT-01740,2026-04-25 04:53:00,phone,account,high,business,3,49,39,163.4,7,1,840.3,780,1,2
TKT-01741,2026-04-28 07:53:00,portal,billing,medium,standard,1,16,40,15.5,3,0,203.0,1200,0,1
TKT-01742,2026-01-05 22:07:00,portal,billing,medium,standard,1,8,30,17.7,5,0,159.2,1200,0,1
TKT-01743,2026-06-07 23:28:00,portal,how_to,medium,vip,1,2,53,13.5,4,0,96.4,1200,0,1
TKT-01744,2026-04-03 00:54:00,email,how_to,high,standard,2,54,2,98.0,9,1,1296.7,780,1,2
TKT-01745,2026-05-05 10:55:00,email,how_to,high,business,5,32,24,38.0,18,2,618.2,780,1,0
TKT-01746,2026-01-07 12:22:00,chat,how_to,medium,vip,5,18,26,49.2,14,2,1226.8,1200,1,0
TKT-01747,2026-05-17 23:43:00,email,technical,high,standard,5,25,30,63.0,14,2,827.6,780,1,0
TKT-01748,2026-05-02 22:12:00,email,technical,low,standard,6,22,38,38.9,14,1,861.5,1800,0,0
TKT-01749,2026-03-08 07:37:00,chat,account,low,standard,5,21,20,40.6,13,4,841.3,1800,0,0
TKT-01750,2026-06-18 10:41:00,chat,technical,high,business,4,20,18,19.9,15,1,1409.8,780,1,0
TKT-01751,2026-04-28 02:55:00,email,how_to,medium,vip,6,15,26,24.5,14,1,1309.3,1200,1,0
TKT-01752,2026-06-13 08:20:00,portal,how_to,low,standard,1,12,46,16.6,3,0,173.0,1800,0,1
TKT-01753,2026-05-28 21:22:00,chat,incident,medium,business,2,42,8,87.3,6,0,954.8,1200,0,2
TKT-01754,2026-02-07 00:40:00,chat,incident,high,business,3,51,11,163.8,10,0,1679.6,780,1,2
TKT-01755,2026-06-29 08:45:00,chat,billing,high,business,1,16,36,15.5,3,0,227.6,780,0,1
TKT-01756,2026-05-14 16:13:00,portal,how_to,low,business,5,16,5,27.1,14,3,757.6,1800,0,0
TKT-01757,2026-02-04 03:33:00,email,account,low,vip,0,0,20,16.7,4,0,256.2,1800,0,1
TKT-01758,2026-05-23 18:02:00,phone,incident,high,standard,1,49,24,156.4,9,1,1617.2,780,1,2
TKT-01759,2026-03-19 05:17:00,email,account,critical,standard,5,41,11,116.7,8,0,1558.8,420,1,2
TKT-01760,2026-06-05 14:04:00,email,account,medium,business,4,48,9,171.1,8,0,1469.8,1200,0,2
TKT-01761,2026-02-01 04:41:00,phone,how_to,high,standard,0,10,20,14.8,5,0,267.7,780,0,1
TKT-01762,2026-02-16 17:27:00,portal,billing,high,standard,2,6,43,14.5,4,0,145.7,780,0,1
TKT-01763,2026-03-04 13:44:00,email,technical,low,standard,1,6,36,14.0,1,0,126.1,1800,0,1
TKT-01764,2026-03-23 03:36:00,chat,account,medium,standard,2,20,40,9.7,4,1,281.8,1200,0,1
TKT-01765,2026-04-24 15:15:00,portal,how_to,medium,vip,1,14,13,12.3,1,0,236.1,1200,0,1
TKT-01766,2026-02-09 20:53:00,email,account,medium,standard,2,6,24,10.0,3,1,94.2,1200,0,1
TKT-01767,2026-05-08 00:05:00,email,incident,high,business,3,50,20,104.2,9,0,1499.7,780,1,2
TKT-01768,2026-01-05 09:01:00,chat,billing,medium,business,2,13,38,18.9,2,0,142.8,1200,0,1
TKT-01769,2026-03-01 13:57:00,chat,account,medium,standard,2,9,28,20.8,3,0,306.3,1200,0,1
TKT-01770,2026-04-29 14:56:00,chat,account,high,standard,4,52,22,118.5,7,0,1031.6,780,1,2
TKT-01771,2026-02-17 16:22:00,portal,account,critical,standard,5,22,24,25.4,17,4,1268.5,420,1,0
TKT-01772,2026-03-19 15:55:00,chat,technical,high,business,3,51,19,152.8,7,0,883.6,780,1,2
TKT-01773,2026-04-20 02:10:00,phone,account,high,standard,5,14,35,46.0,13,1,809.2,780,1,0
TKT-01774,2026-02-14 15:51:00,chat,incident,critical,business,2,56,17,217.5,9,0,1886.4,420,1,2
TKT-01775,2026-06-23 13:57:00,chat,technical,low,standard,6,24,23,28.2,10,0,518.7,1800,0,0
TKT-01776,2026-06-02 11:29:00,portal,account,low,standard,5,18,33,31.4,12,3,989.4,1800,0,0
TKT-01777,2026-06-24 18:50:00,chat,account,medium,standard,5,15,38,22.5,13,4,835.1,1200,0,0
TKT-01778,2026-03-31 05:20:00,portal,technical,high,standard,5,37,9,22.9,15,0,1162.9,780,1,0
TKT-01779,2026-03-03 19:29:00,portal,billing,low,standard,0,10,38,11.0,1,0,163.4,1800,0,1
TKT-01780,2026-06-29 00:55:00,phone,technical,high,vip,6,14,12,42.2,16,4,603.3,780,0,0
TKT-01781,2026-05-12 03:05:00,chat,billing,low,standard,0,13,24,12.0,5,0,169.6,1800,0,1
TKT-01782,2026-05-23 19:18:00,phone,account,medium,business,1,57,25,158.1,9,0,1820.6,1200,1,2
TKT-01783,2026-02-02 21:15:00,portal,billing,medium,standard,0,14,32,12.2,4,0,135.0,1200,0,1
TKT-01784,2026-06-06 10:59:00,portal,how_to,low,business,1,4,45,14.5,1,0,211.9,1800,0,1
TKT-01785,2026-04-06 01:32:00,portal,account,high,business,0,10,42,13.7,3,0,181.3,780,0,1
TKT-01786,2026-05-20 04:47:00,portal,technical,medium,standard,2,55,13,153.5,8,0,1467.3,1200,1,2
TKT-01787,2026-05-29 12:06:00,chat,billing,high,business,1,9,40,7.5,3,0,245.2,780,0,1
TKT-01788,2026-01-20 01:35:00,chat,technical,low,standard,5,20,12,33.7,10,2,816.9,1800,0,0
TKT-01789,2026-01-18 20:01:00,email,incident,critical,business,3,47,24,95.3,7,2,1413.0,420,1,2
TKT-01790,2026-01-12 16:55:00,portal,technical,medium,standard,1,7,44,9.8,2,0,158.8,1200,0,1
TKT-01791,2026-04-26 17:30:00,email,account,low,business,3,56,19,64.5,8,0,1087.5,1800,0,2
TKT-01792,2026-06-14 17:08:00,chat,how_to,low,business,0,12,39,11.9,2,0,163.5,1800,0,1
TKT-01793,2026-01-06 10:05:00,email,account,low,business,1,5,34,10.3,4,0,220.2,1800,0,1
TKT-01794,2026-01-25 21:00:00,portal,technical,medium,standard,5,25,22,44.5,13,2,1189.2,1200,0,0
TKT-01795,2026-03-29 11:09:00,portal,technical,critical,business,2,51,16,106.7,7,0,1755.2,420,1,2
TKT-01796,2026-03-12 10:05:00,portal,billing,low,business,1,4,40,11.5,2,0,203.7,1800,0,1
TKT-01797,2026-01-19 12:57:00,portal,technical,medium,business,4,20,24,38.8,17,1,734.7,1200,0,0
TKT-01798,2026-04-20 18:48:00,chat,how_to,medium,standard,0,12,25,14.5,4,0,226.0,1200,0,1
TKT-01799,2026-06-12 23:29:00,chat,technical,medium,standard,6,21,19,31.4,13,3,834.6,1200,0,0
TKT-01800,2026-02-08 03:24:00,portal,billing,high,standard,5,18,19,25.0,16,4,964.1,780,1,0
TKT-01801,2026-01-01 12:14:00,chat,account,medium,vip,5,29,48,30.0,15,1,613.5,1200,0,0
TKT-01802,2026-02-10 13:13:00,email,technical,high,business,5,22,19,27.1,17,2,511.1,780,0,0
TKT-01803,2026-02-03 05:29:00,portal,billing,critical,business,0,7,32,9.5,2,0,135.1,420,0,1
TKT-01804,2026-03-25 22:09:00,chat,account,medium,business,5,24,43,38.9,16,1,631.4,1200,0,0
TKT-01805,2026-01-20 07:36:00,portal,incident,low,business,4,24,26,25.2,11,0,561.1,1800,0,0
TKT-01806,2026-03-06 23:04:00,email,technical,low,business,6,19,40,26.1,13,1,680.9,1800,0,0
TKT-01807,2026-01-22 12:00:00,chat,billing,medium,business,2,12,24,15.0,2,0,178.8,1200,0,1
TKT-01808,2026-05-02 18:48:00,phone,incident,medium,business,6,18,21,25.9,14,4,529.5,1200,0,0
TKT-01809,2026-03-26 10:55:00,email,account,critical,standard,5,24,15,32.0,16,1,796.6,420,1,0
TKT-01810,2026-01-14 12:19:00,email,account,medium,business,2,10,39,13.0,3,0,234.0,1200,0,1
TKT-01811,2026-01-08 20:49:00,portal,how_to,medium,vip,2,9,38,21.8,5,1,132.3,1200,0,1
TKT-01812,2026-03-29 23:26:00,chat,account,high,business,6,23,23,34.7,15,0,761.7,780,0,0
TKT-01813,2026-04-17 12:33:00,email,account,medium,vip,5,14,24,43.0,14,2,885.9,1200,0,0
TKT-01814,2026-02-01 08:48:00,email,how_to,medium,vip,0,8,50,12.7,4,0,120.3,1200,0,1
TKT-01815,2026-02-28 05:36:00,portal,technical,low,business,3,49,9,122.6,6,1,1416.1,1800,0,2
TKT-01816,2026-04-20 05:03:00,phone,billing,high,business,5,20,18,33.6,16,2,748.3,780,0,0
TKT-01817,2026-03-26 19:29:00,chat,technical,critical,business,2,47,11,99.7,9,0,1742.6,420,1,2
TKT-01818,2026-01-21 22:02:00,email,billing,high,standard,5,21,24,43.0,15,4,681.1,780,0,0
TKT-01819,2026-03-12 10:16:00,chat,billing,high,standard,5,19,21,49.5,14,1,612.8,780,0,0
TKT-01820,2026-02-05 13:46:00,portal,incident,medium,business,5,23,33,32.0,16,1,632.6,1200,0,0
TKT-01821,2026-06-16 19:30:00,chat,technical,critical,vip,3,58,3,106.6,6,0,1088.4,420,1,2
TKT-01822,2026-05-25 16:48:00,email,incident,medium,standard,6,25,19,38.9,15,1,721.7,1200,0,0
TKT-01823,2026-02-26 03:57:00,portal,technical,high,vip,6,15,30,40.8,14,1,943.4,780,1,0
TKT-01824,2026-02-12 07:55:00,chat,how_to,low,business,5,21,37,23.9,11,3,585.9,1800,0,0
TKT-01825,2026-01-25 05:39:00,email,technical,low,business,8,25,27,39.4,13,2,692.3,1800,0,0
TKT-01826,2026-05-13 16:07:00,email,billing,medium,standard,1,18,33,10.7,3,0,190.4,1200,0,1
TKT-01827,2026-06-15 06:50:00,email,how_to,low,business,4,19,19,30.7,12,3,811.2,1800,0,0
TKT-01828,2026-02-19 03:37:00,portal,incident,high,standard,5,14,16,25.3,16,1,664.9,780,0,0
TKT-01829,2026-04-26 03:49:00,portal,technical,critical,standard,3,48,24,85.3,7,1,1340.7,420,1,2
TKT-01830,2026-02-12 07:19:00,chat,technical,critical,standard,7,13,34,39.0,17,2,845.8,420,1,0
TKT-01831,2026-06-15 01:32:00,chat,technical,low,standard,5,18,13,36.0,11,1,742.5,1800,0,0
TKT-01832,2026-02-23 20:20:00,portal,technical,critical,standard,2,47,22,167.1,9,2,1450.2,420,1,2
TKT-01833,2026-01-18 07:05:00,email,account,low,business,4,21,28,36.2,13,4,789.9,1800,0,0
TKT-01834,2026-06-08 13:37:00,email,incident,medium,standard,1,8,30,11.2,4,1,187.0,1200,0,1
TKT-01835,2026-06-20 04:39:00,email,billing,high,standard,2,12,31,11.0,6,0,232.1,780,0,1
TKT-01836,2026-03-13 11:45:00,chat,how_to,low,business,0,9,24,12.5,2,0,196.3,1800,0,1
TKT-01837,2026-06-13 07:31:00,portal,how_to,low,standard,1,8,27,11.6,2,1,201.2,1800,0,1
TKT-01838,2026-02-13 21:02:00,email,technical,low,vip,5,18,25,31.1,15,1,431.0,1800,0,0
TKT-01839,2026-02-18 18:15:00,email,incident,high,business,1,49,13,112.7,7,0,771.5,780,0,2
TKT-01840,2026-04-07 14:16:00,email,incident,high,standard,5,19,24,46.6,14,3,700.1,780,0,0
TKT-01841,2026-04-19 01:50:00,portal,account,low,vip,1,14,47,11.6,4,0,153.3,1800,0,1
TKT-01842,2026-03-11 09:58:00,portal,incident,low,vip,5,25,32,36.6,13,2,906.8,1800,0,0
TKT-01843,2026-05-24 22:18:00,chat,account,medium,business,0,2,40,10.6,5,0,137.6,1200,0,1
TKT-01844,2026-05-23 05:39:00,portal,account,medium,business,2,36,23,143.4,8,0,1354.6,1200,1,2
TKT-01845,2026-01-22 18:30:00,email,billing,medium,standard,1,5,28,13.2,4,0,189.0,1200,0,1
TKT-01846,2026-06-28 06:43:00,chat,how_to,critical,business,4,18,15,37.8,18,0,726.1,420,1,0
TKT-01847,2026-01-29 15:40:00,portal,how_to,medium,business,2,12,25,20.8,3,0,194.3,1200,0,1
TKT-01848,2026-04-05 18:48:00,chat,account,high,business,5,22,16,34.8,16,0,962.7,780,1,0
TKT-01849,2026-03-18 03:31:00,chat,billing,medium,standard,5,18,19,24.2,13,0,849.4,1200,0,0
TKT-01850,2026-03-23 07:33:00,portal,incident,critical,standard,3,50,18,92.4,8,0,1450.9,420,1,2
TKT-01851,2026-01-24 03:00:00,email,incident,low,standard,2,12,29,13.6,2,0,269.7,1800,0,1
TKT-01852,2026-03-03 17:54:00,email,account,low,standard,3,51,15,96.4,7,1,1078.3,1800,0,2
TKT-01853,2026-01-06 11:04:00,email,technical,high,standard,6,19,32,27.1,14,2,514.9,780,0,0
TKT-01854,2026-06-25 04:49:00,chat,account,low,vip,2,55,18,124.9,6,0,2276.2,1800,1,2
TKT-01855,2026-01-26 21:26:00,chat,billing,critical,standard,3,53,21,120.4,10,1,1930.6,420,1,2
TKT-01856,2026-03-28 23:47:00,email,account,high,standard,3,47,26,140.9,10,0,2555.8,780,1,2
TKT-01857,2026-02-08 21:13:00,phone,how_to,high,standard,1,1,15,13.9,5,0,170.1,780,0,1
TKT-01858,2026-02-02 00:56:00,email,how_to,low,standard,1,9,47,18.8,1,0,116.6,1800,0,1
TKT-01859,2026-03-12 05:43:00,email,how_to,medium,business,1,8,38,19.8,2,0,118.9,1200,0,1
TKT-01860,2026-06-24 11:00:00,portal,how_to,medium,standard,0,9,27,14.1,3,0,184.7,1200,0,1
TKT-01861,2026-03-28 01:46:00,email,billing,medium,vip,5,18,22,39.9,14,2,511.9,1200,0,0
TKT-01862,2026-06-22 23:00:00,email,incident,high,vip,2,51,22,86.6,9,0,1374.2,780,1,2
TKT-01863,2026-05-29 20:49:00,chat,billing,high,vip,3,41,10,118.7,7,1,1610.1,780,1,2
TKT-01864,2026-03-20 10:19:00,email,account,critical,vip,4,26,13,36.0,15,0,739.9,420,1,0
TKT-01865,2026-06-12 05:06:00,chat,technical,high,standard,5,28,15,23.0,19,3,766.2,780,0,0
TKT-01866,2026-03-04 16:09:00,email,account,medium,business,5,52,21,146.4,6,0,841.6,1200,0,2
TKT-01867,2026-04-01 06:11:00,chat,technical,high,standard,3,44,17,106.9,7,1,855.5,780,1,2
TKT-01868,2026-05-03 11:29:00,chat,how_to,medium,business,2,12,37,14.1,2,0,146.8,1200,0,1
TKT-01869,2026-04-17 02:18:00,chat,technical,low,standard,4,21,16,36.4,11,0,790.3,1800,0,0
TKT-01870,2026-05-30 04:57:00,chat,technical,high,standard,1,42,13,244.6,10,0,1707.1,780,1,2
TKT-01871,2026-01-30 07:42:00,chat,account,low,standard,1,14,28,14.2,4,0,220.5,1800,0,1
TKT-01872,2026-03-31 17:39:00,portal,technical,low,business,5,28,22,55.7,12,0,795.3,1800,0,0
TKT-01873,2026-04-30 15:35:00,chat,account,high,business,2,46,17,83.4,8,1,1714.4,780,1,2
TKT-01874,2026-03-01 13:06:00,phone,account,medium,standard,0,45,11,74.2,5,0,1939.4,1200,1,2
TKT-01875,2026-06-06 01:03:00,email,account,high,business,4,52,19,140.5,8,3,1788.4,780,1,2
TKT-01876,2026-02-24 06:01:00,portal,technical,medium,standard,2,47,22,90.6,7,0,635.0,1200,0,2
TKT-01877,2026-02-24 04:58:00,phone,how_to,medium,business,1,12,38,12.6,5,0,175.0,1200,0,1
TKT-01878,2026-02-28 18:54:00,portal,how_to,low,standard,2,5,27,18.3,2,0,135.1,1800,0,1
TKT-01879,2026-05-02 18:23:00,email,technical,high,standard,6,17,19,34.5,14,3,1238.8,780,1,0
TKT-01880,2026-01-22 05:54:00,portal,billing,low,business,5,20,12,35.4,12,3,809.0,1800,0,0
TKT-01881,2026-01-26 17:12:00,email,how_to,medium,business,5,21,20,37.9,13,1,660.5,1200,0,0
TKT-01882,2026-05-21 03:38:00,email,technical,medium,vip,6,14,24,32.4,15,3,685.4,1200,0,0
TKT-01883,2026-02-07 07:35:00,email,account,medium,business,4,19,19,53.7,15,2,877.8,1200,0,0
TKT-01884,2026-01-19 21:25:00,phone,incident,medium,vip,6,14,20,32.6,17,2,628.2,1200,0,0
TKT-01885,2026-02-17 10:59:00,portal,technical,high,standard,1,16,35,12.1,5,0,148.8,780,0,1
TKT-01886,2026-03-13 16:43:00,email,incident,high,standard,1,0,33,10.9,5,0,117.8,780,0,1
TKT-01887,2026-01-06 23:04:00,chat,billing,low,vip,3,16,28,17.8,2,0,246.6,1800,0,1
TKT-01888,2026-05-31 06:57:00,chat,how_to,low,standard,0,12,25,15.6,2,0,163.9,1800,0,1
TKT-01889,2026-01-22 03:35:00,portal,technical,high,vip,1,47,11,113.2,6,1,1333.9,780,1,2
TKT-01890,2026-03-14 17:44:00,portal,technical,medium,standard,6,21,25,32.5,14,0,937.0,1200,0,0
TKT-01891,2026-02-06 09:11:00,email,billing,low,standard,2,7,40,14.2,2,0,168.5,1800,0,1
TKT-01892,2026-02-23 01:22:00,chat,account,high,standard,2,47,10,110.8,8,0,1090.1,780,1,2
TKT-01893,2026-01-09 03:28:00,email,how_to,medium,business,5,19,25,30.5,13,3,863.6,1200,0,0
TKT-01894,2026-06-20 16:27:00,portal,how_to,medium,business,0,5,23,12.2,2,0,287.5,1200,0,1
TKT-01895,2026-06-18 17:25:00,email,how_to,low,standard,1,5,41,11.1,4,0,139.4,1800,0,1
TKT-01896,2026-01-23 18:40:00,email,how_to,low,standard,0,5,18,22.9,4,0,137.6,1800,0,1
TKT-01897,2026-02-05 12:15:00,chat,incident,low,standard,4,20,21,39.4,12,0,821.8,1800,0,0
TKT-01898,2026-06-09 06:34:00,chat,how_to,medium,standard,0,0,32,12.0,1,0,126.9,1200,0,1
TKT-01899,2026-03-16 16:35:00,email,billing,low,standard,0,9,31,13.2,2,0,139.9,1800,0,1
TKT-01900,2026-01-12 04:10:00,email,incident,medium,vip,1,10,32,19.8,3,0,180.9,1200,0,1
TKT-01901,2026-01-25 10:57:00,chat,account,high,standard,7,21,4,40.5,13,2,802.4,780,1,0
TKT-01902,2026-03-16 10:26:00,email,billing,medium,standard,0,11,26,12.1,2,0,152.2,1200,0,1
TKT-01903,2026-04-11 10:18:00,email,technical,low,business,3,55,17,129.7,6,1,1412.6,1800,0,2
TKT-01904,2026-04-24 17:02:00,portal,how_to,low,standard,2,9,24,21.3,2,1,295.3,1800,0,1
TKT-01905,2026-01-28 13:50:00,chat,technical,medium,standard,5,15,12,49.6,14,3,748.1,1200,0,0
TKT-01906,2026-03-08 14:33:00,chat,incident,medium,business,4,26,9,28.1,13,1,547.9,1200,0,0
TKT-01907,2026-02-16 23:50:00,email,technical,critical,business,5,18,27,29.0,16,3,1484.9,420,1,0
TKT-01908,2026-04-07 05:29:00,portal,account,low,business,1,11,35,12.1,5,0,119.7,1800,0,1
TKT-01909,2026-02-27 20:38:00,chat,incident,critical,standard,1,48,4,136.9,8,0,1442.4,420,1,2
TKT-01910,2026-02-06 17:17:00,chat,account,medium,business,2,54,28,142.6,7,0,763.0,1200,0,2
TKT-01911,2026-05-27 17:41:00,portal,account,low,business,0,3,22,17.4,3,0,123.5,1800,0,1
TKT-01912,2026-04-13 10:13:00,portal,billing,low,business,1,9,41,12.6,3,0,130.2,1800,0,1
TKT-01913,2026-03-27 07:27:00,portal,technical,high,vip,3,47,12,128.5,7,1,1173.8,780,1,2
TKT-01914,2026-01-25 05:17:00,phone,technical,low,standard,5,24,35,62.3,12,2,609.8,1800,0,0
TKT-01915,2026-01-13 17:53:00,chat,account,low,vip,1,22,35,16.4,6,0,240.7,1800,0,1
TKT-01916,2026-05-24 07:08:00,email,technical,medium,business,2,6,34,12.4,1,1,120.5,1200,0,1
TKT-01917,2026-06-24 08:25:00,email,account,medium,vip,4,27,14,35.5,14,2,708.4,1200,0,0
TKT-01918,2026-04-16 01:58:00,chat,technical,low,business,5,14,34,24.6,12,5,599.2,1800,0,0
TKT-01919,2026-01-08 00:51:00,email,account,low,vip,4,23,17,33.2,15,0,508.1,1800,0,0
TKT-01920,2026-03-28 17:56:00,phone,technical,high,business,3,54,7,112.5,5,1,1586.2,780,1,2
TKT-01921,2026-02-20 10:26:00,portal,technical,medium,business,4,18,29,38.6,14,2,1077.5,1200,0,0
TKT-01922,2026-01-10 20:09:00,portal,account,low,business,1,14,42,16.1,3,0,246.8,1800,0,1
TKT-01923,2026-01-26 15:20:00,chat,account,high,business,5,20,14,28.1,16,1,637.6,780,0,0
TKT-01924,2026-03-31 23:01:00,portal,billing,low,business,0,18,40,14.4,3,0,134.4,1800,0,1
TKT-01925,2026-03-18 20:06:00,email,how_to,medium,standard,0,8,30,8.7,3,0,127.0,1200,0,1
TKT-01926,2026-04-12 10:37:00,email,how_to,low,standard,1,3,41,22.4,4,0,211.6,1800,0,1
TKT-01927,2026-05-05 19:32:00,portal,how_to,low,standard,1,10,26,14.8,2,0,192.5,1800,0,1
TKT-01928,2026-02-17 19:41:00,email,incident,low,business,4,17,31,35.6,12,2,598.3,1800,0,0
TKT-01929,2026-02-21 12:50:00,email,how_to,low,business,0,10,44,15.7,2,0,147.8,1800,0,1
TKT-01930,2026-05-02 23:11:00,chat,incident,low,vip,7,20,26,21.9,13,1,555.0,1800,0,0
TKT-01931,2026-02-05 11:40:00,email,billing,medium,vip,5,23,7,25.2,13,2,779.7,1200,0,0
TKT-01932,2026-01-14 19:37:00,portal,technical,critical,business,4,17,26,36.6,17,1,847.2,420,1,0
TKT-01933,2026-06-03 15:25:00,email,technical,critical,standard,3,46,9,109.8,8,1,1398.9,420,1,2
TKT-01934,2026-02-07 13:32:00,email,technical,medium,business,2,44,22,100.8,8,0,2075.1,1200,1,2
TKT-01935,2026-01-22 18:12:00,chat,technical,medium,vip,5,25,2,24.8,16,2,1056.9,1200,0,0
TKT-01936,2026-05-13 18:12:00,email,account,medium,business,1,11,33,8.0,3,0,158.7,1200,0,1
TKT-01937,2026-04-06 17:29:00,email,incident,high,vip,3,23,32,27.2,15,1,736.0,780,0,0
TKT-01938,2026-01-27 11:59:00,chat,technical,medium,vip,5,25,33,31.8,16,2,1386.5,1200,1,0
TKT-01939,2026-06-03 02:19:00,email,how_to,low,standard,1,18,59,12.5,4,0,151.6,1800,0,1
TKT-01940,2026-02-14 04:46:00,portal,how_to,low,business,0,22,31,11.1,2,0,175.1,1800,0,1
TKT-01941,2026-05-02 16:27:00,email,account,low,standard,0,11,40,20.1,5,0,202.3,1800,0,1
TKT-01942,2026-04-28 03:41:00,phone,technical,medium,business,5,10,23,34.3,12,2,783.7,1200,0,0
TKT-01943,2026-05-30 08:04:00,chat,technical,high,standard,6,19,25,32.2,17,2,1139.4,780,1,0
TKT-01944,2026-05-12 04:35:00,portal,billing,high,standard,2,6,41,14.5,3,0,140.2,780,0,1
TKT-01945,2026-05-07 13:12:00,chat,account,medium,standard,2,52,21,114.4,8,1,754.1,1200,0,2
TKT-01946,2026-01-10 06:26:00,email,incident,high,business,3,50,21,101.4,7,0,2031.7,780,1,2
TKT-01947,2026-06-18 20:33:00,email,account,low,standard,2,11,32,13.9,3,0,186.7,1800,0,1
TKT-01948,2026-01-23 18:51:00,email,technical,high,business,1,51,25,133.7,8,1,715.8,780,0,2
TKT-01949,2026-02-15 15:20:00,portal,account,medium,standard,1,15,23,15.7,7,1,209.2,1200,0,1
TKT-01950,2026-03-22 07:13:00,email,incident,low,business,4,51,17,122.6,3,2,1296.2,1800,0,2
TKT-01951,2026-02-21 21:55:00,phone,technical,critical,vip,3,49,4,123.6,11,2,1127.8,420,1,2
TKT-01952,2026-04-17 16:52:00,portal,incident,critical,standard,2,11,26,10.7,3,0,198.9,420,1,1
TKT-01953,2026-01-10 12:34:00,chat,billing,high,standard,2,44,27,162.8,7,0,1041.6,780,1,2
TKT-01954,2026-03-23 16:20:00,chat,technical,high,vip,2,51,22,128.0,8,2,1808.8,780,1,2
TKT-01955,2026-03-04 21:38:00,email,technical,high,vip,3,51,22,119.7,7,1,1382.2,780,0,2
TKT-01956,2026-04-27 11:20:00,portal,technical,medium,business,2,42,16,151.3,5,1,1015.0,1200,0,2
TKT-01957,2026-04-04 13:31:00,portal,account,low,business,6,17,38,46.6,13,1,501.6,1800,0,0
TKT-01958,2026-05-17 01:53:00,portal,billing,medium,standard,1,14,33,12.6,2,0,115.9,1200,0,1
TKT-01959,2026-01-30 14:25:00,email,account,low,business,1,56,13,122.7,5,0,1009.4,1800,0,2
TKT-01960,2026-06-20 22:01:00,phone,incident,high,standard,5,16,3,49.0,17,3,978.1,780,1,0
TKT-01961,2026-03-12 14:01:00,chat,account,medium,business,6,21,20,39.0,15,2,798.3,1200,0,0
TKT-01962,2026-03-04 23:29:00,portal,billing,medium,standard,6,24,30,32.1,15,1,842.1,1200,0,0
TKT-01963,2026-04-09 16:47:00,email,technical,medium,business,6,18,38,21.5,13,2,668.5,1200,0,0
TKT-01964,2026-01-30 08:36:00,portal,billing,high,standard,3,4,25,9.5,5,0,203.6,780,0,1
TKT-01965,2026-05-27 14:53:00,phone,how_to,low,standard,6,16,30,29.8,14,0,669.3,1800,0,0
TKT-01966,2026-02-17 12:50:00,portal,billing,low,standard,3,9,20,10.5,2,0,174.4,1800,0,1
TKT-01967,2026-06-16 22:30:00,portal,technical,low,business,5,17,30,24.9,14,0,1094.6,1800,0,0
TKT-01968,2026-01-27 16:04:00,chat,billing,high,standard,3,42,14,171.2,8,1,1165.8,780,1,2
TKT-01969,2026-06-05 13:20:00,email,technical,critical,business,5,14,47,22.8,15,1,712.8,420,1,0
TKT-01970,2026-03-12 23:08:00,portal,technical,medium,standard,5,24,7,44.7,15,1,1040.9,1200,0,0
TKT-01971,2026-04-20 07:47:00,email,account,high,business,2,2,41,10.1,3,0,214.3,780,0,1
TKT-01972,2026-06-07 01:29:00,portal,account,medium,standard,1,42,17,176.4,8,1,1435.4,1200,1,2
TKT-01973,2026-01-24 05:53:00,portal,billing,high,vip,5,17,21,34.4,15,0,784.9,780,1,0
TKT-01974,2026-03-04 11:17:00,portal,incident,low,standard,0,9,35,9.6,2,0,173.2,1800,0,1
TKT-01975,2026-06-20 17:05:00,portal,billing,medium,standard,0,15,43,11.1,5,0,211.4,1200,0,1
TKT-01976,2026-01-27 18:54:00,phone,how_to,medium,standard,0,13,22,10.5,4,0,145.8,1200,0,1
TKT-01977,2026-01-19 12:26:00,email,incident,medium,standard,5,17,34,26.1,12,2,482.2,1200,0,0
TKT-01978,2026-04-05 01:46:00,chat,billing,medium,business,1,49,40,119.2,7,0,994.3,1200,0,2
TKT-01979,2026-01-05 10:47:00,email,incident,high,standard,5,17,19,29.9,14,1,677.6,780,0,0
TKT-01980,2026-06-28 13:11:00,email,account,critical,business,1,9,33,15.5,5,0,203.6,420,0,1
TKT-01981,2026-06-12 16:11:00,phone,incident,high,business,2,47,28,109.3,9,0,882.5,780,1,2
TKT-01982,2026-02-03 20:56:00,portal,incident,medium,standard,2,0,31,15.9,4,0,168.1,1200,0,1
TKT-01983,2026-02-01 02:03:00,phone,account,critical,business,3,50,20,209.7,9,0,2061.8,420,1,2
TKT-01984,2026-05-21 00:25:00,email,account,low,standard,0,8,20,9.1,3,0,137.0,1800,0,1
TKT-01985,2026-04-04 17:35:00,chat,account,high,standard,5,19,14,52.3,17,6,680.6,780,0,0
TKT-01986,2026-05-29 04:54:00,email,technical,medium,standard,3,48,19,91.5,6,1,925.3,1200,0,2
TKT-01987,2026-06-24 04:06:00,email,billing,medium,standard,0,11,35,14.4,3,0,152.9,1200,0,1
TKT-01988,2026-03-14 05:46:00,email,how_to,low,standard,4,24,24,28.4,13,3,579.7,1800,0,0
TKT-01989,2026-02-15 16:46:00,phone,how_to,medium,vip,2,50,30,124.1,6,0,1059.5,1200,0,2
TKT-01990,2026-04-22 12:27:00,chat,how_to,medium,business,2,4,34,8.1,3,0,152.1,1200,0,1
TKT-01991,2026-04-25 07:17:00,portal,how_to,medium,vip,1,11,35,15.2,3,0,152.2,1200,0,1
TKT-01992,2026-03-19 19:51:00,phone,account,high,standard,6,10,21,32.0,16,2,1074.3,780,1,0
TKT-01993,2026-02-23 19:52:00,chat,technical,critical,business,1,4,20,14.3,3,0,225.7,420,0,1
TKT-01994,2026-02-17 05:15:00,email,billing,low,standard,1,11,38,9.6,2,0,101.6,1800,0,1
TKT-01995,2026-04-04 21:05:00,portal,incident,medium,standard,4,27,4,41.8,15,1,1145.6,1200,0,0
TKT-01996,2026-03-18 16:49:00,portal,incident,medium,vip,4,49,22,155.4,7,1,914.5,1200,0,2
TKT-01997,2026-03-24 08:31:00,portal,account,medium,standard,0,16,39,14.7,2,0,97.0,1200,0,1
TKT-01998,2026-01-18 03:39:00,portal,billing,medium,standard,1,2,36,16.0,3,0,209.4,1200,0,1
TKT-01999,2026-06-08 13:01:00,phone,incident,critical,vip,2,52,19,111.9,8,0,1244.0,420,1,2
TKT-02000,2026-05-08 06:03:00,portal,technical,high,business,5,23,19,47.9,17,1,718.7,780,0,0
TKT-02001,2026-06-15 09:53:00,chat,incident,low,business,3,47,13,119.8,8,0,1065.5,1800,0,2
TKT-02002,2026-05-30 06:06:00,chat,incident,medium,standard,5,13,30,40.4,15,0,963.8,1200,0,0
TKT-02003,2026-04-22 09:13:00,chat,technical,high,standard,3,53,25,74.5,6,0,947.8,780,1,2
TKT-02004,2026-02-25 07:58:00,portal,technical,medium,vip,4,17,24,23.8,11,3,782.9,1200,0,0
TKT-02005,2026-04-28 17:06:00,email,technical,low,standard,1,15,37,12.7,4,0,124.9,1800,0,1
TKT-02006,2026-04-12 23:10:00,chat,technical,high,standard,4,54,14,139.7,9,1,1626.7,780,1,2
TKT-02007,2026-06-16 06:45:00,chat,incident,medium,standard,4,12,14,27.3,16,2,1059.8,1200,0,0
TKT-02008,2026-02-11 18:52:00,portal,how_to,low,vip,0,5,16,9.4,3,0,151.5,1800,0,1
TKT-02009,2026-01-05 14:52:00,email,how_to,medium,business,0,13,28,12.7,4,0,137.9,1200,0,1
TKT-02010,2026-01-23 22:37:00,portal,technical,medium,business,6,15,26,36.6,16,2,429.4,1200,0,0
TKT-02011,2026-02-01 12:44:00,email,how_to,medium,vip,2,3,32,18.3,3,0,155.6,1200,0,1
TKT-02012,2026-04-30 10:49:00,portal,incident,medium,standard,1,3,40,10.5,3,0,161.0,1200,0,1
TKT-02013,2026-01-27 09:31:00,portal,how_to,high,business,1,16,43,10.6,4,0,255.0,780,0,1
TKT-02014,2026-01-25 03:20:00,chat,technical,low,standard,6,15,12,35.9,16,1,672.7,1800,0,0
TKT-02015,2026-03-13 11:04:00,portal,billing,low,business,5,26,15,22.6,13,3,997.2,1800,0,0
TKT-02016,2026-05-21 18:08:00,phone,incident,medium,standard,4,11,15,31.8,13,2,618.5,1200,0,0
TKT-02017,2026-03-18 09:39:00,chat,billing,low,vip,0,16,27,18.3,3,0,158.2,1800,0,1
TKT-02018,2026-02-18 21:58:00,portal,how_to,low,vip,0,5,31,11.8,2,0,297.3,1800,0,1
TKT-02019,2026-02-21 04:42:00,email,how_to,high,business,4,21,28,30.8,18,5,879.2,780,1,0
TKT-02020,2026-05-28 07:58:00,portal,billing,low,standard,1,2,35,12.7,3,0,145.6,1800,0,1
TKT-02021,2026-03-19 23:46:00,phone,incident,low,standard,4,21,29,22.2,11,1,922.9,1800,0,0
TKT-02022,2026-03-08 07:56:00,email,incident,low,standard,1,13,39,12.5,2,0,178.8,1800,0,1
TKT-02023,2026-05-20 05:23:00,portal,how_to,medium,standard,1,8,31,7.9,3,0,211.8,1200,0,1
TKT-02024,2026-03-08 09:23:00,email,billing,high,standard,2,10,26,10.9,2,1,187.8,780,0,1
TKT-02025,2026-03-06 05:10:00,portal,billing,high,business,5,29,26,38.6,15,2,658.8,780,0,0
TKT-02026,2026-05-16 02:28:00,email,billing,medium,business,1,11,31,12.8,4,0,167.5,1200,0,1
TKT-02027,2026-02-28 22:36:00,email,technical,high,vip,3,49,28,79.5,6,1,1442.3,780,1,2
TKT-02028,2026-04-02 20:20:00,portal,how_to,medium,standard,0,12,36,11.9,3,0,167.1,1200,0,1
TKT-02029,2026-04-30 15:18:00,chat,technical,medium,standard,5,25,24,45.2,13,1,696.4,1200,0,0
TKT-02030,2026-02-06 04:13:00,email,incident,medium,business,4,26,16,28.2,16,2,887.1,1200,0,0
TKT-02031,2026-01-24 02:27:00,email,how_to,medium,standard,1,19,49,17.2,4,0,237.9,1200,0,1
TKT-02032,2026-06-03 01:45:00,chat,billing,medium,business,5,27,30,32.9,14,1,1031.7,1200,0,0
TKT-02033,2026-02-23 11:10:00,phone,how_to,medium,business,1,13,46,17.8,3,0,145.5,1200,0,1
TKT-02034,2026-03-03 05:27:00,email,billing,medium,standard,5,14,16,26.0,13,3,660.1,1200,0,0
TKT-02035,2026-04-17 03:42:00,chat,how_to,medium,standard,1,10,41,16.4,4,1,145.1,1200,0,1
TKT-02036,2026-01-19 11:59:00,email,technical,low,vip,1,52,28,143.0,6,1,682.8,1800,0,2
TKT-02037,2026-01-09 04:55:00,chat,billing,high,business,3,40,29,154.2,8,0,1200.0,780,1,2
TKT-02038,2026-03-16 21:07:00,portal,account,high,standard,2,11,32,13.8,3,0,191.6,780,0,1
TKT-02039,2026-06-24 06:55:00,chat,incident,low,business,5,25,33,41.6,13,3,636.7,1800,0,0
TKT-02040,2026-04-14 07:30:00,portal,incident,medium,business,2,49,10,83.3,8,1,1339.4,1200,1,2
TKT-02041,2026-04-15 02:57:00,phone,account,low,standard,0,8,31,12.5,2,0,112.5,1800,0,1
TKT-02042,2026-04-20 18:42:00,phone,billing,low,vip,3,51,27,111.9,7,0,1014.2,1800,0,2
TKT-02043,2026-06-04 23:14:00,email,how_to,critical,vip,5,13,19,38.7,16,2,1153.8,420,1,0
TKT-02044,2026-05-31 09:49:00,email,account,high,standard,1,36,9,109.5,9,0,1073.6,780,1,2
TKT-02045,2026-01-05 08:34:00,email,incident,medium,standard,3,61,19,115.9,8,2,1164.0,1200,0,2
TKT-02046,2026-04-08 10:52:00,portal,incident,low,business,0,9,50,14.4,4,0,140.4,1800,0,1
TKT-02047,2026-04-09 09:26:00,chat,account,critical,business,4,27,23,19.4,18,3,600.0,420,1,0
TKT-02048,2026-02-10 06:25:00,chat,account,medium,business,6,19,29,34.9,13,0,694.2,1200,0,0
TKT-02049,2026-06-25 12:11:00,email,billing,medium,standard,0,14,36,14.2,2,0,92.2,1200,0,1
TKT-02050,2026-02-17 02:23:00,portal,how_to,low,business,2,6,57,11.5,3,0,105.9,1800,0,1
TKT-02051,2026-05-31 02:16:00,phone,incident,low,business,2,55,23,148.0,7,2,1598.5,1800,0,2
TKT-02052,2026-01-19 03:37:00,portal,how_to,medium,standard,1,10,33,8.1,3,0,137.1,1200,0,1
TKT-02053,2026-04-19 07:43:00,chat,account,low,standard,6,26,14,37.8,13,1,1174.6,1800,0,0
TKT-02054,2026-05-13 11:11:00,portal,account,high,business,3,49,29,99.2,9,0,1062.6,780,1,2
TKT-02055,2026-04-01 17:48:00,portal,how_to,low,vip,1,1,31,14.8,4,1,128.5,1800,0,1
TKT-02056,2026-01-20 01:40:00,portal,account,high,business,6,18,22,30.7,16,1,813.2,780,1,0
TKT-02057,2026-01-23 07:20:00,email,incident,high,standard,3,52,40,102.2,8,0,841.9,780,1,2
TKT-02058,2026-04-20 01:06:00,chat,billing,high,vip,6,18,17,22.3,15,0,589.9,780,0,0
TKT-02059,2026-06-05 06:33:00,email,billing,low,standard,3,2,37,10.2,2,0,158.8,1800,0,1
TKT-02060,2026-04-18 10:48:00,email,billing,medium,standard,2,9,47,16.7,3,1,248.0,1200,1,1
TKT-02061,2026-01-19 03:36:00,chat,billing,critical,standard,2,60,8,106.9,7,1,939.1,420,1,2
TKT-02062,2026-05-22 09:22:00,portal,how_to,low,business,1,12,25,10.4,5,0,217.5,1800,0,1
TKT-02063,2026-03-24 15:40:00,portal,account,medium,business,4,25,41,22.0,14,2,867.6,1200,0,0
TKT-02064,2026-01-14 10:24:00,email,how_to,medium,business,2,15,20,10.9,5,0,193.8,1200,0,1
TKT-02065,2026-03-08 05:20:00,chat,account,low,standard,5,13,12,44.9,10,0,679.4,1800,0,0
TKT-02066,2026-02-06 12:34:00,email,incident,high,business,4,42,23,162.6,10,0,1186.6,780,1,2
TKT-02067,2026-06-27 13:15:00,email,technical,high,standard,6,25,24,26.0,12,4,713.8,780,0,0
TKT-02068,2026-06-13 17:18:00,chat,incident,low,vip,3,48,19,208.7,6,2,1362.4,1800,0,2
TKT-02069,2026-01-20 02:13:00,portal,billing,medium,standard,1,10,48,15.1,4,0,143.4,1200,0,1
TKT-02070,2026-04-14 00:03:00,chat,technical,medium,business,5,21,5,15.7,13,2,845.1,1200,0,0
TKT-02071,2026-01-02 06:29:00,portal,technical,medium,business,3,53,22,93.0,8,0,1373.9,1200,1,2
TKT-02072,2026-03-24 09:13:00,chat,billing,high,standard,5,24,17,42.8,15,2,959.8,780,1,0
TKT-02073,2026-01-29 01:32:00,portal,how_to,low,standard,0,12,45,10.0,2,0,330.4,1800,0,1
TKT-02074,2026-05-15 13:57:00,chat,technical,medium,standard,3,50,11,148.3,5,1,973.6,1200,0,2
TKT-02075,2026-01-13 23:18:00,portal,account,high,standard,2,1,41,7.5,2,0,173.9,780,0,1
TKT-02076,2026-06-12 10:55:00,email,account,low,vip,5,24,21,31.5,12,2,478.9,1800,0,0
TKT-02077,2026-02-11 14:33:00,portal,account,critical,business,4,44,24,84.7,9,1,1839.5,420,1,2
TKT-02078,2026-02-17 08:12:00,email,incident,low,vip,3,19,38,17.2,1,1,149.0,1800,0,1
TKT-02079,2026-06-09 10:27:00,portal,how_to,medium,standard,2,15,36,13.3,3,0,219.9,1200,0,1
TKT-02080,2026-06-12 06:22:00,portal,incident,low,standard,0,14,37,24.6,3,0,154.4,1800,0,1
TKT-02081,2026-01-18 06:39:00,email,account,medium,vip,2,6,33,16.8,4,0,176.0,1200,0,1
TKT-02082,2026-01-20 13:33:00,portal,account,medium,business,1,15,32,9.0,2,0,166.4,1200,0,1
TKT-02083,2026-06-03 14:49:00,portal,incident,high,standard,5,21,33,24.8,17,1,775.7,780,0,0
TKT-02084,2026-06-25 23:35:00,chat,how_to,critical,business,2,2,36,16.0,5,0,178.5,420,0,1
TKT-02085,2026-03-29 23:20:00,chat,technical,high,vip,6,23,41,39.6,15,4,589.1,780,0,0
TKT-02086,2026-01-30 16:09:00,chat,account,medium,business,1,12,22,12.3,2,0,328.0,1200,0,1
TKT-02087,2026-01-28 11:27:00,portal,account,medium,business,0,6,21,15.4,5,0,147.5,1200,0,1
TKT-02088,2026-02-17 22:08:00,email,how_to,high,standard,1,12,19,13.2,5,0,225.2,780,0,1
TKT-02089,2026-05-04 08:51:00,chat,billing,high,standard,4,23,37,28.5,15,3,556.0,780,0,0
TKT-02090,2026-01-18 09:17:00,portal,account,high,business,5,25,2,24.3,14,1,1385.4,780,1,0
TKT-02091,2026-04-26 11:08:00,email,billing,low,standard,1,9,38,15.1,5,0,184.4,1800,0,1
TKT-02092,2026-05-25 15:52:00,portal,technical,high,standard,2,54,23,93.7,8,0,1224.5,780,1,2
TKT-02093,2026-01-26 20:35:00,phone,incident,high,standard,5,14,2,29.0,14,2,896.3,780,1,0
TKT-02094,2026-06-27 03:52:00,email,account,low,standard,1,20,39,10.3,5,0,230.6,1800,0,1
TKT-02095,2026-06-27 17:38:00,email,technical,medium,business,3,54,16,72.9,6,0,1231.9,1200,1,2
TKT-02096,2026-02-23 10:56:00,portal,how_to,critical,standard,1,8,29,13.4,3,0,209.9,420,0,1
TKT-02097,2026-01-21 04:29:00,portal,billing,low,standard,1,0,40,13.8,2,0,153.9,1800,0,1
TKT-02098,2026-02-28 14:38:00,email,account,low,standard,6,17,32,25.3,13,1,733.5,1800,0,0
TKT-02099,2026-02-16 12:04:00,email,how_to,low,business,0,4,29,13.0,2,1,103.2,1800,0,1
TKT-02100,2026-02-20 05:11:00,email,how_to,low,business,1,3,33,12.2,3,1,148.7,1800,0,1
TKT-02101,2026-06-16 11:37:00,email,account,high,standard,4,24,13,34.3,17,0,1322.0,780,1,0
TKT-02102,2026-01-28 20:51:00,portal,how_to,high,standard,1,9,26,11.7,4,0,226.2,780,0,1
TKT-02103,2026-02-27 01:31:00,chat,technical,critical,standard,3,49,20,72.5,8,2,2305.2,420,1,2
TKT-02104,2026-05-22 17:45:00,email,how_to,high,business,2,44,2,148.5,7,2,1534.3,780,1,2
TKT-02105,2026-01-11 08:32:00,portal,account,high,business,5,25,11,42.2,18,1,1060.5,780,1,0
TKT-02106,2026-01-11 22:18:00,phone,how_to,medium,business,5,29,21,43.3,15,3,804.0,1200,0,0
TKT-02107,2026-02-24 08:07:00,email,technical,high,business,4,20,25,26.7,16,1,509.2,780,0,0
TKT-02108,2026-06-24 04:47:00,email,technical,medium,standard,2,52,16,142.2,8,2,928.2,1200,0,2
TKT-02109,2026-06-01 02:25:00,phone,how_to,low,standard,2,5,30,12.8,1,0,258.0,1800,0,1
TKT-02110,2026-06-16 22:00:00,portal,how_to,critical,standard,1,10,45,20.3,5,0,210.5,420,0,1
TKT-02111,2026-06-05 12:27:00,phone,incident,high,business,5,14,19,36.4,18,1,839.6,780,1,0
TKT-02112,2026-01-22 07:39:00,chat,technical,medium,business,4,25,35,36.8,15,0,820.9,1200,0,0
TKT-02113,2026-03-14 04:17:00,email,account,medium,business,0,10,32,15.0,1,0,188.8,1200,0,1
TKT-02114,2026-04-06 07:32:00,portal,technical,medium,standard,6,17,22,28.1,13,3,580.2,1200,0,0
TKT-02115,2026-01-30 23:41:00,portal,account,low,business,1,14,34,17.6,4,1,195.9,1800,0,1
TKT-02116,2026-06-28 17:07:00,email,incident,medium,standard,1,56,12,116.8,7,2,979.0,1200,0,2
TKT-02117,2026-04-19 13:15:00,portal,billing,low,standard,1,3,13,10.6,3,0,140.2,1800,0,1
TKT-02118,2026-06-03 11:18:00,portal,account,medium,business,1,6,35,8.7,4,0,164.7,1200,0,1
TKT-02119,2026-02-16 13:19:00,email,how_to,low,standard,1,1,15,13.0,2,0,217.4,1800,0,1
TKT-02120,2026-05-09 17:22:00,email,account,medium,standard,0,7,35,15.5,2,0,164.5,1200,0,1
TKT-02121,2026-01-20 01:33:00,portal,billing,low,standard,1,8,38,12.0,3,0,148.3,1800,0,1
TKT-02122,2026-01-05 01:01:00,email,how_to,high,business,0,8,34,7.9,3,0,235.4,780,0,1
TKT-02123,2026-04-26 07:29:00,chat,incident,medium,standard,2,10,22,20.4,2,0,284.9,1200,0,1
TKT-02124,2026-01-13 07:23:00,email,technical,high,vip,1,1,37,14.8,3,0,209.8,780,0,1
TKT-02125,2026-02-19 17:04:00,email,how_to,low,vip,0,18,27,11.0,2,0,147.9,1800,0,1
TKT-02126,2026-05-23 22:09:00,email,incident,medium,business,1,11,27,14.6,4,0,154.8,1200,0,1
TKT-02127,2026-03-31 14:03:00,portal,how_to,high,standard,1,7,37,10.0,3,0,185.2,780,0,1
TKT-02128,2026-03-09 18:14:00,portal,billing,low,business,0,0,28,8.0,1,0,132.0,1800,0,1
TKT-02129,2026-02-22 06:54:00,chat,technical,low,standard,0,14,34,18.4,4,0,181.8,1800,0,1
TKT-02130,2026-05-01 07:37:00,email,how_to,low,business,2,12,27,14.6,2,0,166.9,1800,0,1
TKT-02131,2026-06-21 19:09:00,email,billing,low,standard,2,0,31,15.8,1,0,183.6,1800,0,1
TKT-02132,2026-05-14 01:15:00,phone,technical,high,standard,4,49,32,138.4,4,1,967.9,780,1,2
TKT-02133,2026-03-06 14:30:00,portal,billing,medium,standard,3,45,20,117.7,7,0,1420.3,1200,1,2
TKT-02134,2026-03-17 23:50:00,email,account,medium,vip,3,54,11,55.7,7,0,1144.6,1200,0,2
TKT-02135,2026-01-19 13:16:00,chat,account,high,vip,4,17,23,32.9,13,0,456.7,780,0,0
TKT-02136,2026-01-26 19:24:00,portal,technical,low,business,5,20,12,32.5,12,1,647.2,1800,1,0
TKT-02137,2026-02-18 06:33:00,email,how_to,low,standard,3,8,41,11.8,2,0,139.8,1800,0,1
TKT-02138,2026-03-11 14:31:00,chat,account,high,business,3,46,14,146.6,8,1,646.0,780,0,2
TKT-02139,2026-06-28 05:26:00,chat,technical,medium,vip,3,52,7,158.4,7,0,1476.6,1200,1,2
TKT-02140,2026-06-06 18:55:00,email,billing,medium,business,3,60,23,161.6,9,0,1362.4,1200,1,2
TKT-02141,2026-01-21 08:17:00,chat,account,medium,standard,1,51,24,62.1,7,1,1119.4,1200,0,2
TKT-02142,2026-03-01 14:17:00,portal,technical,low,business,4,15,17,42.6,12,0,829.6,1800,0,0
TKT-02143,2026-01-11 03:18:00,chat,incident,high,vip,2,59,23,160.1,9,0,1984.2,780,1,2
TKT-02144,2026-01-12 06:38:00,portal,billing,low,standard,2,56,18,97.9,5,1,1735.4,1800,0,2
TKT-02145,2026-03-09 11:00:00,chat,technical,low,standard,0,12,50,9.1,5,0,143.5,1800,0,1
TKT-02146,2026-06-22 15:26:00,email,technical,critical,standard,2,61,17,131.1,10,0,2108.5,420,1,2
TKT-02147,2026-02-03 07:46:00,portal,how_to,high,standard,0,16,36,10.7,4,0,202.0,780,0,1
TKT-02148,2026-05-03 12:31:00,email,incident,medium,business,3,46,9,125.4,6,0,965.2,1200,0,2
TKT-02149,2026-03-12 16:09:00,portal,technical,medium,standard,2,53,11,64.1,7,0,805.6,1200,0,2
TKT-02150,2026-04-08 08:30:00,portal,billing,medium,standard,0,19,41,12.8,3,0,180.9,1200,0,1
TKT-02151,2026-06-06 11:09:00,chat,technical,high,standard,6,24,6,39.0,15,0,1076.0,780,1,0
TKT-02152,2026-05-30 05:44:00,chat,account,medium,business,3,8,32,12.8,2,0,166.9,1200,0,1
TKT-02153,2026-05-30 01:52:00,portal,incident,medium,vip,4,57,25,73.9,8,1,814.2,1200,0,2
TKT-02154,2026-03-16 00:12:00,chat,technical,medium,business,2,56,25,153.9,7,0,725.9,1200,0,2
TKT-02155,2026-01-09 17:51:00,chat,incident,medium,business,5,24,24,33.9,13,0,1027.8,1200,0,0
TKT-02156,2026-06-27 07:42:00,chat,incident,critical,standard,2,50,4,153.2,9,0,1572.1,420,1,2
TKT-02157,2026-06-28 22:02:00,portal,technical,high,business,2,16,38,14.4,5,0,260.9,780,0,1
TKT-02158,2026-06-04 08:42:00,portal,incident,low,business,1,17,41,10.6,3,0,211.6,1800,0,1
TKT-02159,2026-03-27 21:43:00,phone,billing,medium,standard,5,24,40,33.2,14,1,1015.9,1200,0,0
TKT-02160,2026-02-20 11:57:00,portal,how_to,low,vip,1,19,29,11.1,4,0,124.7,1800,0,1
TKT-02161,2026-02-01 10:13:00,email,technical,high,standard,5,16,24,33.3,15,2,684.8,780,0,0
TKT-02162,2026-03-08 18:55:00,email,billing,high,business,0,18,30,17.8,4,0,234.0,780,0,1
TKT-02163,2026-03-02 04:42:00,portal,billing,medium,standard,0,7,34,17.0,2,0,188.5,1200,0,1
TKT-02164,2026-02-19 15:12:00,chat,incident,low,business,5,18,24,38.7,12,2,555.3,1800,0,0
TKT-02165,2026-06-21 01:07:00,portal,incident,high,standard,4,44,21,111.5,7,0,1026.7,780,1,2
TKT-02166,2026-04-29 16:21:00,email,billing,low,standard,1,7,34,22.2,4,0,103.3,1800,0,1
TKT-02167,2026-02-10 03:29:00,phone,technical,critical,business,2,41,25,78.7,11,1,1548.8,420,1,2
TKT-02168,2026-04-26 01:54:00,phone,billing,medium,vip,5,11,13,36.7,12,0,911.9,1200,0,0
TKT-02169,2026-05-07 21:44:00,chat,billing,high,standard,2,14,30,14.1,4,0,254.3,780,0,1
TKT-02170,2026-04-05 01:13:00,chat,how_to,medium,business,5,20,26,30.3,12,0,1046.0,1200,0,0
TKT-02171,2026-06-20 09:44:00,email,technical,low,business,5,22,30,52.4,12,0,740.0,1800,0,0
TKT-02172,2026-06-23 20:25:00,phone,billing,low,business,1,12,24,12.1,3,0,248.9,1800,0,1
TKT-02173,2026-03-19 18:54:00,phone,technical,low,standard,5,10,23,46.4,11,1,483.6,1800,0,0
TKT-02174,2026-03-27 00:13:00,email,account,low,standard,2,12,22,12.5,2,0,261.8,1800,0,1
TKT-02175,2026-02-09 01:44:00,portal,billing,medium,vip,1,3,43,14.9,1,0,98.3,1200,0,1
TKT-02176,2026-05-22 01:40:00,portal,how_to,low,standard,6,17,28,30.8,14,2,654.3,1800,0,0
TKT-02177,2026-06-17 14:17:00,chat,billing,low,business,5,19,20,50.8,15,1,608.7,1800,0,0
TKT-02178,2026-04-29 10:58:00,chat,incident,medium,vip,4,48,12,102.8,7,0,1175.3,1200,0,2
TKT-02179,2026-02-06 04:36:00,portal,technical,low,standard,1,19,32,11.2,4,1,202.3,1800,0,1
TKT-02180,2026-04-04 06:33:00,email,account,critical,standard,3,49,2,102.3,7,2,1730.0,420,0,2
TKT-02181,2026-05-24 00:32:00,email,account,critical,standard,2,54,24,171.7,12,0,2520.3,420,1,2
TKT-02182,2026-01-08 13:51:00,portal,account,low,vip,2,50,32,92.6,6,0,1391.0,1800,0,2
TKT-02183,2026-04-17 05:41:00,phone,technical,high,vip,2,44,15,153.7,10,0,1065.8,780,1,2
TKT-02184,2026-04-29 08:22:00,portal,billing,medium,business,0,11,40,13.1,5,0,172.9,1200,0,1
TKT-02185,2026-04-07 14:46:00,portal,how_to,critical,business,5,15,35,28.8,18,0,727.3,420,1,0
TKT-02186,2026-04-26 16:00:00,portal,billing,low,standard,1,9,34,12.5,2,0,162.0,1800,0,1
TKT-02187,2026-06-11 06:10:00,chat,account,medium,standard,2,56,17,107.3,7,0,1607.3,1200,1,2
TKT-02188,2026-01-23 11:27:00,chat,account,medium,standard,5,27,27,45.0,15,1,690.4,1200,0,0
TKT-02189,2026-04-13 17:26:00,portal,how_to,high,standard,2,6,35,15.5,5,0,241.9,780,0,1
TKT-02190,2026-05-24 06:21:00,portal,technical,high,standard,4,47,5,119.0,6,0,2000.3,780,1,2
TKT-02191,2026-05-28 22:49:00,portal,billing,medium,business,0,13,21,14.4,2,0,172.8,1200,0,1
TKT-02192,2026-03-26 01:24:00,portal,account,medium,standard,5,17,24,35.4,15,1,827.8,1200,0,0
TKT-02193,2026-06-29 12:45:00,chat,technical,high,standard,5,23,22,30.7,14,0,1472.8,780,1,0
TKT-02194,2026-02-28 08:18:00,portal,billing,high,standard,2,8,32,12.6,4,0,212.6,780,0,1
TKT-02195,2026-03-21 07:41:00,email,incident,medium,standard,7,18,36,41.2,16,1,1470.9,1200,1,0
TKT-02196,2026-05-29 07:30:00,email,incident,high,standard,2,48,14,90.5,8,0,864.7,780,1,2
TKT-02197,2026-03-21 01:44:00,portal,how_to,low,standard,1,13,38,13.3,4,0,364.4,1800,0,1
TKT-02198,2026-03-03 19:21:00,email,incident,medium,standard,5,21,13,30.1,18,2,668.4,1200,0,0
TKT-02199,2026-04-11 00:52:00,portal,account,medium,standard,1,6,42,9.0,1,0,175.6,1200,0,1
TKT-02200,2026-04-22 22:23:00,portal,technical,high,business,5,17,19,40.6,16,0,1360.5,780,1,0
TKT-02201,2026-06-24 14:15:00,portal,billing,critical,business,1,8,42,13.3,5,0,131.5,420,0,1
TKT-02202,2026-04-22 05:23:00,portal,account,high,business,4,48,21,85.8,8,1,1224.3,780,1,2
TKT-02203,2026-02-03 08:36:00,phone,how_to,medium,business,3,48,31,107.8,5,1,1101.4,1200,0,2
TKT-02204,2026-01-10 12:07:00,portal,incident,low,vip,2,4,38,8.1,3,0,195.9,1800,0,1
TKT-02205,2026-06-24 02:57:00,portal,billing,low,standard,1,6,30,12.9,3,0,182.9,1800,0,1
TKT-02206,2026-03-18 02:38:00,portal,account,medium,business,6,21,18,36.1,14,0,796.8,1200,0,0
TKT-02207,2026-02-06 06:32:00,chat,technical,low,business,6,28,6,45.0,13,2,756.0,1800,0,0
TKT-02208,2026-02-10 02:24:00,phone,how_to,medium,standard,6,17,11,47.6,15,2,501.8,1200,0,0
TKT-02209,2026-01-20 02:23:00,email,how_to,low,standard,1,12,28,11.0,1,0,166.4,1800,0,1
TKT-02210,2026-02-05 22:08:00,email,billing,low,standard,0,12,38,10.4,2,0,115.9,1800,0,1
TKT-02211,2026-05-21 10:43:00,chat,technical,critical,vip,3,45,19,120.1,7,0,1401.7,420,1,2
TKT-02212,2026-04-28 21:26:00,email,incident,medium,standard,6,22,28,48.6,13,0,742.0,1200,0,0
TKT-02213,2026-04-18 23:15:00,chat,technical,high,business,3,44,15,140.7,6,0,1871.2,780,1,2
TKT-02214,2026-01-03 01:17:00,chat,technical,critical,vip,5,20,25,36.1,18,1,1327.3,420,1,0
TKT-02215,2026-05-02 00:35:00,portal,incident,high,business,2,46,13,150.5,9,0,1770.4,780,1,2
TKT-02216,2026-06-24 10:25:00,portal,how_to,low,standard,0,19,27,18.2,2,1,187.9,1800,0,1
TKT-02217,2026-06-16 04:25:00,portal,account,low,standard,1,6,48,11.7,4,0,169.4,1800,0,1
TKT-02218,2026-03-13 04:05:00,portal,technical,high,standard,2,50,5,117.7,8,0,1780.6,780,1,2
TKT-02219,2026-04-19 01:10:00,chat,account,high,vip,3,48,22,89.9,6,1,1139.9,780,1,2
TKT-02220,2026-02-23 18:49:00,portal,how_to,low,business,2,10,25,18.2,3,0,82.1,1800,0,1
TKT-02221,2026-06-09 22:46:00,email,how_to,low,business,1,12,35,14.2,1,0,137.2,1800,0,1
TKT-02222,2026-06-15 14:17:00,phone,billing,medium,business,4,17,34,46.7,15,1,889.2,1200,0,0
TKT-02223,2026-02-10 04:04:00,email,technical,medium,business,5,29,16,39.5,15,3,576.1,1200,0,0
TKT-02224,2026-03-29 14:25:00,portal,how_to,medium,business,1,21,33,17.6,4,0,210.2,1200,0,1
TKT-02225,2026-02-12 12:34:00,email,technical,low,standard,3,45,2,124.7,8,0,732.5,1800,0,2
TKT-02226,2026-04-21 13:53:00,chat,how_to,low,standard,0,22,34,12.5,4,0,198.4,1800,0,1
TKT-02227,2026-02-22 17:11:00,email,how_to,high,standard,4,22,21,29.4,13,3,922.7,780,1,0
TKT-02228,2026-05-06 06:04:00,portal,how_to,low,standard,1,15,24,11.6,1,0,162.0,1800,0,1
TKT-02229,2026-06-26 16:00:00,email,how_to,medium,business,0,4,39,17.7,3,0,164.9,1200,0,1
TKT-02230,2026-06-06 20:29:00,phone,incident,medium,business,5,25,25,22.0,15,0,1094.5,1200,0,0
TKT-02231,2026-02-02 19:11:00,portal,how_to,low,standard,0,10,42,13.7,4,0,158.6,1800,0,1
TKT-02232,2026-01-24 08:29:00,email,billing,critical,vip,6,21,25,45.3,15,1,866.9,420,1,0
TKT-02233,2026-05-27 15:23:00,phone,how_to,low,standard,1,14,42,12.5,2,0,147.2,1800,0,1
TKT-02234,2026-01-15 16:44:00,portal,account,medium,standard,1,50,44,80.0,7,0,1033.9,1200,0,2
TKT-02235,2026-03-14 00:55:00,portal,technical,critical,vip,4,22,19,26.0,17,3,1242.7,420,1,0
TKT-02236,2026-06-28 20:49:00,email,incident,high,vip,3,54,15,129.5,8,0,1503.2,780,1,2
TKT-02237,2026-03-22 15:53:00,portal,billing,medium,business,1,5,40,10.6,3,0,133.4,1200,0,1
TKT-02238,2026-01-02 14:22:00,portal,billing,low,standard,1,6,36,13.2,3,0,203.6,1800,0,1
TKT-02239,2026-06-25 13:21:00,email,billing,low,vip,0,3,37,14.7,3,0,122.1,1800,0,1
TKT-02240,2026-05-08 11:24:00,chat,incident,high,vip,6,24,4,42.3,15,1,950.7,780,1,0
TKT-02241,2026-03-01 12:32:00,email,billing,low,business,1,6,28,10.7,3,0,249.1,1800,0,1
TKT-02242,2026-04-20 23:48:00,portal,how_to,low,standard,1,13,24,12.0,2,0,172.2,1800,0,1
TKT-02243,2026-04-21 04:57:00,email,account,medium,standard,1,12,22,13.5,2,0,211.5,1200,0,1
TKT-02244,2026-04-10 11:01:00,email,account,low,business,1,0,34,17.8,4,0,81.4,1800,1,1
TKT-02245,2026-06-22 23:11:00,chat,billing,low,business,0,12,43,9.5,3,1,127.7,1800,0,1
TKT-02246,2026-05-22 10:46:00,chat,incident,low,standard,1,7,34,15.9,2,0,160.3,1800,0,1
TKT-02247,2026-02-16 14:56:00,email,technical,low,standard,0,6,45,18.2,4,0,94.9,1800,0,1
TKT-02248,2026-06-28 15:28:00,phone,billing,high,business,4,18,19,57.0,14,4,1349.6,780,1,0
TKT-02249,2026-06-23 06:03:00,chat,account,high,standard,2,7,40,12.2,4,0,284.8,780,0,1
TKT-02250,2026-01-09 10:32:00,portal,billing,low,standard,1,10,24,19.8,3,1,245.5,1800,0,1
TKT-02251,2026-02-23 12:01:00,phone,technical,low,standard,6,19,23,21.4,14,3,802.3,1800,0,0
TKT-02252,2026-04-21 14:46:00,chat,technical,high,standard,3,47,23,94.6,9,0,1384.1,780,1,2
TKT-02253,2026-06-08 02:28:00,portal,technical,low,business,1,14,50,12.4,5,0,165.5,1800,0,1
TKT-02254,2026-05-10 00:28:00,portal,technical,medium,standard,3,17,31,32.7,16,5,1088.0,1200,0,0
TKT-02255,2026-04-14 07:52:00,email,technical,critical,standard,3,56,25,130.1,11,0,1286.4,420,1,2
TKT-02256,2026-02-25 01:39:00,email,how_to,medium,vip,6,19,7,30.3,14,3,757.5,1200,0,0
TKT-02257,2026-01-18 09:36:00,chat,technical,high,business,2,45,20,175.9,7,0,1922.7,780,1,2
TKT-02258,2026-06-10 17:09:00,email,incident,critical,standard,2,45,6,87.1,8,1,1539.4,420,1,2
TKT-02259,2026-04-06 20:56:00,portal,account,low,standard,0,6,43,19.0,4,0,231.0,1800,0,1
TKT-02260,2026-03-24 06:12:00,email,how_to,critical,vip,4,23,22,36.3,17,0,1386.3,420,1,0
TKT-02261,2026-06-26 09:33:00,phone,incident,medium,business,4,22,27,25.9,16,1,868.7,1200,0,0
TKT-02262,2026-01-30 14:32:00,portal,incident,high,business,1,52,25,109.2,7,0,1295.1,780,1,2
TKT-02263,2026-02-15 17:09:00,chat,technical,critical,business,6,26,13,32.9,19,3,707.4,420,1,0
TKT-02264,2026-06-03 19:02:00,portal,how_to,medium,standard,0,15,43,13.6,2,0,142.6,1200,0,1
TKT-02265,2026-02-21 04:24:00,email,technical,medium,business,5,20,29,25.2,14,1,656.7,1200,0,0
TKT-02266,2026-06-19 17:26:00,email,how_to,low,standard,1,12,33,16.3,4,1,178.0,1800,0,1
TKT-02267,2026-06-04 09:58:00,email,account,high,business,3,52,40,74.9,8,0,1120.6,780,1,2
TKT-02268,2026-01-18 21:54:00,chat,technical,medium,standard,6,24,10,53.4,14,0,1269.5,1200,1,0
TKT-02269,2026-03-24 09:22:00,chat,incident,low,standard,5,22,33,21.4,14,2,530.1,1800,0,0
TKT-02270,2026-05-16 07:15:00,portal,account,high,standard,3,54,19,146.3,9,0,1068.2,780,1,2
TKT-02271,2026-03-30 03:03:00,email,incident,high,vip,6,18,27,25.7,16,3,687.9,780,0,0
TKT-02272,2026-02-08 16:51:00,chat,incident,medium,standard,4,15,38,49.2,16,2,577.8,1200,0,0
TKT-02273,2026-01-09 02:34:00,chat,how_to,low,standard,1,50,18,115.2,5,0,652.0,1800,0,2
TKT-02274,2026-01-02 05:02:00,email,account,high,standard,3,41,6,142.2,8,0,973.4,780,1,2
TKT-02275,2026-02-02 02:09:00,chat,technical,low,business,3,41,15,139.4,6,1,1208.3,1800,0,2
TKT-02276,2026-02-16 21:51:00,portal,account,low,standard,0,10,33,11.3,1,0,202.3,1800,0,1
TKT-02277,2026-02-24 08:01:00,portal,account,medium,vip,5,21,23,31.5,13,1,556.8,1200,0,0
TKT-02278,2026-06-03 21:12:00,email,account,low,business,2,11,29,16.3,1,1,181.9,1800,0,1
TKT-02279,2026-04-02 13:15:00,chat,technical,medium,business,3,54,3,136.3,9,1,1463.0,1200,1,2
TKT-02280,2026-01-26 09:54:00,chat,technical,high,business,5,22,21,39.9,15,0,591.5,780,0,0
TKT-02281,2026-01-15 23:35:00,portal,technical,medium,standard,6,18,33,30.8,13,0,864.9,1200,0,0
TKT-02282,2026-01-24 12:29:00,email,how_to,critical,vip,1,5,33,18.8,2,0,175.4,420,0,1
TKT-02283,2026-02-26 10:15:00,email,how_to,high,vip,0,17,48,16.5,5,0,178.4,780,0,1
TKT-02284,2026-05-14 00:41:00,portal,billing,medium,standard,5,26,16,31.7,14,2,501.7,1200,0,0
TKT-02285,2026-01-09 21:50:00,email,technical,high,business,1,10,46,9.7,4,0,216.7,780,0,1
TKT-02286,2026-03-15 03:28:00,email,technical,high,standard,1,7,38,15.7,2,0,168.8,780,0,1
TKT-02287,2026-03-22 13:37:00,portal,incident,medium,business,3,55,29,143.0,7,0,1161.9,1200,0,2
TKT-02288,2026-01-27 17:27:00,email,billing,high,business,2,50,16,117.4,6,0,921.2,780,1,2
TKT-02289,2026-01-11 13:13:00,portal,billing,low,vip,0,7,35,11.1,1,0,227.0,1800,0,1
TKT-02290,2026-02-11 09:36:00,chat,how_to,medium,standard,0,11,30,12.5,2,0,236.8,1200,0,1
TKT-02291,2026-01-28 07:50:00,portal,account,high,business,2,57,17,158.1,9,1,1251.2,780,1,2
TKT-02292,2026-05-24 00:40:00,portal,account,low,business,4,13,34,45.7,11,2,1226.0,1800,0,0
TKT-02293,2026-06-15 00:04:00,portal,incident,medium,standard,5,22,18,33.0,15,2,918.4,1200,0,0
TKT-02294,2026-04-23 04:31:00,portal,how_to,high,business,1,12,25,13.0,3,0,154.9,780,0,1
TKT-02295,2026-05-17 12:51:00,portal,account,low,business,1,7,27,13.5,1,0,101.8,1800,0,1
TKT-02296,2026-05-17 23:12:00,email,incident,low,business,1,7,43,11.9,2,0,144.5,1800,0,1
TKT-02297,2026-06-07 23:17:00,portal,technical,low,vip,5,21,28,23.4,13,1,634.4,1800,0,0
TKT-02298,2026-01-18 14:22:00,portal,how_to,medium,standard,1,14,41,14.7,3,0,203.1,1200,0,1
TKT-02299,2026-06-29 11:15:00,portal,technical,high,standard,1,12,39,12.8,2,0,233.8,780,0,1
TKT-02300,2026-03-24 11:00:00,email,technical,high,standard,4,20,30,28.7,15,3,920.9,780,1,0
TKT-02301,2026-04-08 17:44:00,portal,technical,high,standard,2,40,11,114.4,9,0,1159.5,780,1,2
TKT-02302,2026-05-24 11:29:00,email,technical,medium,business,2,42,6,124.1,7,0,916.7,1200,0,2
TKT-02303,2026-03-30 21:09:00,chat,incident,low,vip,5,20,15,33.9,13,1,655.5,1800,0,0
TKT-02304,2026-02-17 20:13:00,chat,technical,medium,business,5,22,19,43.0,14,3,604.7,1200,0,0
TKT-02305,2026-01-04 10:10:00,portal,technical,high,business,6,10,25,30.1,15,2,818.2,780,1,0
TKT-02306,2026-01-31 10:53:00,chat,billing,medium,standard,2,10,31,15.3,2,0,224.6,1200,0,1
TKT-02307,2026-01-16 04:30:00,chat,how_to,medium,standard,5,18,18,27.8,14,0,1001.2,1200,0,0
TKT-02308,2026-03-10 17:18:00,portal,incident,medium,vip,5,15,26,24.0,14,3,811.4,1200,0,0
TKT-02309,2026-05-21 04:50:00,email,billing,medium,business,4,30,20,24.6,13,3,1313.1,1200,1,0
TKT-02310,2026-03-02 00:12:00,chat,account,high,standard,2,48,18,156.6,7,0,1364.1,780,1,2
TKT-02311,2026-04-18 12:21:00,email,account,high,vip,3,58,8,172.6,6,1,1424.8,780,1,2
TKT-02312,2026-02-03 09:14:00,portal,how_to,medium,standard,2,7,32,8.1,3,0,206.3,1200,0,1
TKT-02313,2026-04-17 06:03:00,email,billing,medium,standard,1,4,39,9.4,2,1,176.8,1200,0,1
TKT-02314,2026-06-21 17:02:00,portal,billing,high,standard,2,8,36,15.4,6,0,232.6,780,0,1
TKT-02315,2026-02-26 18:29:00,phone,how_to,low,business,1,12,30,9.8,3,0,218.6,1800,0,1
TKT-02316,2026-03-28 22:59:00,portal,how_to,low,standard,0,13,20,11.8,2,1,366.9,1800,0,1
TKT-02317,2026-06-23 08:03:00,portal,technical,low,business,0,11,53,14.0,2,0,249.8,1800,0,1
TKT-02318,2026-04-20 10:53:00,portal,incident,high,business,3,49,24,111.4,8,0,1199.3,780,1,2
TKT-02319,2026-03-13 20:24:00,email,account,medium,business,4,23,33,35.8,15,1,743.3,1200,0,0
TKT-02320,2026-01-22 19:10:00,chat,account,high,vip,2,50,20,69.2,8,0,927.9,780,1,2
TKT-02321,2026-06-18 17:14:00,chat,how_to,medium,standard,1,7,39,11.4,3,0,203.9,1200,0,1
TKT-02322,2026-04-20 19:21:00,chat,how_to,low,standard,2,16,25,14.1,4,0,157.5,1800,0,1
TKT-02323,2026-01-11 06:12:00,email,account,high,standard,6,25,15,37.7,14,2,1274.6,780,1,0
TKT-02324,2026-04-10 22:59:00,portal,technical,medium,standard,0,9,50,20.4,2,0,133.5,1200,0,1
TKT-02325,2026-06-24 07:39:00,portal,account,low,standard,2,14,47,16.1,2,0,108.4,1800,0,1
TKT-02326,2026-06-17 17:56:00,portal,account,high,standard,2,47,13,132.5,9,0,1330.5,780,1,2
TKT-02327,2026-02-05 05:42:00,chat,incident,low,standard,0,11,20,7.2,4,0,200.2,1800,0,1
TKT-02328,2026-03-16 05:12:00,portal,billing,low,standard,1,4,45,13.7,3,0,155.2,1800,0,1
TKT-02329,2026-06-27 13:19:00,email,account,high,standard,4,21,19,33.0,15,1,1386.8,780,1,0
TKT-02330,2026-05-21 18:30:00,email,account,critical,business,5,15,23,22.6,16,2,933.5,420,1,0
TKT-02331,2026-04-11 19:36:00,chat,billing,medium,standard,5,19,24,39.4,15,1,849.9,1200,0,0
TKT-02332,2026-02-24 18:03:00,portal,technical,low,business,3,10,34,9.2,3,0,133.3,1800,0,1
TKT-02333,2026-05-18 07:26:00,chat,account,high,business,3,51,25,90.6,8,0,1378.3,780,1,2
TKT-02334,2026-04-15 05:01:00,email,account,medium,standard,1,6,23,13.3,3,0,202.7,1200,0,1
TKT-02335,2026-04-05 07:30:00,chat,account,medium,standard,4,22,25,33.6,15,5,999.0,1200,0,0
TKT-02336,2026-06-16 20:30:00,portal,incident,high,business,6,20,14,52.0,15,3,1106.3,780,1,0
TKT-02337,2026-03-09 21:59:00,portal,technical,low,standard,3,55,17,90.4,6,0,1463.5,1800,0,2
TKT-02338,2026-04-23 12:18:00,portal,billing,low,standard,0,11,32,9.1,5,0,221.6,1800,0,1
TKT-02339,2026-01-08 20:10:00,chat,billing,low,business,6,28,15,26.0,13,2,650.9,1800,0,0
TKT-02340,2026-05-09 00:12:00,phone,technical,low,business,1,14,34,9.0,5,0,197.5,1800,0,1
TKT-02341,2026-04-09 11:57:00,email,billing,high,standard,2,8,39,10.4,3,0,171.8,780,0,1
TKT-02342,2026-06-07 16:15:00,portal,how_to,low,vip,0,3,38,15.1,4,0,172.9,1800,0,1
TKT-02343,2026-03-01 22:11:00,portal,incident,medium,standard,5,18,22,39.2,15,2,1399.2,1200,1,0
TKT-02344,2026-06-16 13:49:00,email,how_to,low,business,1,14,35,12.6,2,0,127.5,1800,0,1
TKT-02345,2026-04-14 14:49:00,portal,account,medium,vip,6,27,41,27.2,13,3,574.2,1200,0,0
TKT-02346,2026-02-07 11:44:00,email,billing,low,standard,0,15,46,15.3,1,0,226.1,1800,0,1
TKT-02347,2026-01-29 20:46:00,chat,account,medium,standard,3,51,31,90.6,7,0,947.6,1200,0,2
TKT-02348,2026-02-05 06:01:00,email,technical,high,standard,2,48,16,161.4,9,0,996.1,780,1,2
TKT-02349,2026-02-24 08:33:00,portal,how_to,low,vip,1,11,39,13.9,2,1,157.4,1800,0,1
TKT-02350,2026-04-10 02:03:00,portal,how_to,medium,standard,1,10,36,15.4,2,0,270.0,1200,1,1
TKT-02351,2026-06-06 06:50:00,portal,how_to,low,business,0,17,34,13.4,3,0,184.5,1800,0,1
TKT-02352,2026-06-29 04:37:00,chat,billing,high,business,3,53,25,98.5,8,0,1034.8,780,1,2
TKT-02353,2026-05-03 01:54:00,portal,incident,medium,standard,1,7,40,11.0,3,0,156.8,1200,0,1
TKT-02354,2026-03-30 05:27:00,portal,technical,low,business,4,27,36,57.8,14,1,711.6,1800,0,0
TKT-02355,2026-04-21 09:29:00,portal,technical,low,standard,6,26,31,27.2,12,0,719.2,1800,0,0
TKT-02356,2026-03-01 13:30:00,portal,account,critical,business,4,45,38,144.2,8,0,1198.4,420,1,2
TKT-02357,2026-02-14 01:52:00,chat,technical,medium,vip,5,20,21,29.1,12,2,780.3,1200,0,0
TKT-02358,2026-04-07 16:58:00,chat,billing,high,standard,4,28,28,38.7,16,2,804.1,780,1,0
TKT-02359,2026-05-29 22:59:00,email,account,low,vip,2,53,24,92.7,4,0,1048.5,1800,0,2
TKT-02360,2026-01-12 14:11:00,email,account,low,vip,1,8,30,14.0,5,0,129.8,1800,0,1
TKT-02361,2026-01-20 22:56:00,portal,technical,high,standard,2,53,27,126.7,11,0,958.9,780,1,2
TKT-02362,2026-02-01 21:31:00,email,account,high,standard,0,11,32,14.1,3,0,161.6,780,0,1
TKT-02363,2026-02-07 18:54:00,portal,incident,medium,standard,5,22,20,34.2,13,2,1014.9,1200,0,0
TKT-02364,2026-01-27 19:20:00,phone,incident,high,business,3,53,11,134.3,6,1,1362.1,780,1,2
TKT-02365,2026-01-24 10:23:00,portal,billing,high,vip,3,29,19,25.4,16,0,978.4,780,1,0
TKT-02366,2026-01-06 00:35:00,email,how_to,low,vip,5,30,26,69.0,13,2,925.5,1800,0,0
TKT-02367,2026-03-04 16:48:00,portal,how_to,low,vip,1,8,22,17.0,1,0,211.9,1800,0,1
TKT-02368,2026-05-10 23:57:00,chat,incident,medium,standard,6,24,18,46.8,15,3,851.9,1200,0,0
TKT-02369,2026-01-29 06:10:00,portal,technical,low,standard,0,12,32,14.7,2,1,210.3,1800,0,1
TKT-02370,2026-02-28 14:03:00,phone,incident,high,standard,4,14,29,32.9,15,1,744.7,780,0,0
TKT-02371,2026-06-25 04:27:00,portal,account,medium,vip,5,24,4,37.5,14,3,724.3,1200,0,0
TKT-02372,2026-01-31 08:04:00,chat,technical,low,standard,1,3,33,14.9,2,0,225.9,1800,0,1
TKT-02373,2026-06-27 17:03:00,email,billing,medium,standard,0,9,25,8.3,3,0,157.1,1200,0,1
TKT-02374,2026-04-03 04:53:00,portal,account,medium,standard,1,14,30,8.7,3,0,196.9,1200,0,1
TKT-02375,2026-05-11 08:23:00,portal,billing,medium,standard,2,12,35,13.1,2,0,211.3,1200,0,1
TKT-02376,2026-02-28 05:16:00,portal,how_to,medium,standard,1,5,34,14.0,3,0,185.7,1200,0,1
TKT-02377,2026-02-28 10:09:00,chat,how_to,medium,standard,3,50,19,178.9,6,0,1116.2,1200,0,2
TKT-02378,2026-03-12 17:50:00,chat,incident,high,vip,5,22,31,27.5,15,4,549.9,780,0,0
TKT-02379,2026-01-24 00:40:00,portal,billing,low,business,0,10,31,20.9,4,0,184.1,1800,0,1
TKT-02380,2026-02-26 19:05:00,email,account,medium,standard,5,18,34,38.6,12,1,474.7,1200,1,0
TKT-02381,2026-06-10 23:30:00,portal,account,medium,vip,1,54,22,120.5,9,1,1913.3,1200,1,2
TKT-02382,2026-01-01 17:12:00,portal,billing,medium,standard,0,3,45,17.1,3,0,203.3,1200,0,1
TKT-02383,2026-04-13 23:28:00,email,incident,medium,business,0,6,34,17.2,2,1,235.9,1200,0,1
TKT-02384,2026-05-04 21:34:00,portal,how_to,low,standard,2,11,31,11.3,1,1,134.9,1800,0,1
TKT-02385,2026-01-26 10:43:00,portal,how_to,high,standard,0,2,36,11.7,4,0,210.5,780,0,1
TKT-02386,2026-01-20 22:10:00,chat,incident,critical,standard,4,48,23,107.1,5,0,1641.5,420,1,2
TKT-02387,2026-04-10 10:48:00,chat,technical,medium,standard,2,50,29,94.7,7,0,862.7,1200,0,2
TKT-02388,2026-02-09 10:41:00,email,how_to,medium,standard,0,10,35,14.0,2,0,140.5,1200,0,1
TKT-02389,2026-06-26 01:14:00,portal,how_to,medium,business,5,19,18,35.0,14,2,593.0,1200,0,0
TKT-02390,2026-02-04 06:10:00,chat,how_to,critical,business,0,0,29,9.1,6,1,97.2,420,0,1
TKT-02391,2026-01-24 13:33:00,chat,account,medium,standard,5,22,20,44.6,14,2,872.3,1200,0,0
TKT-02392,2026-03-01 15:30:00,email,how_to,medium,business,2,52,22,125.0,6,0,1256.9,1200,1,2
TKT-02393,2026-03-01 17:58:00,portal,how_to,low,business,0,9,28,17.7,1,0,264.8,1800,0,1
TKT-02394,2026-01-29 20:03:00,chat,account,low,standard,1,12,35,11.5,2,0,162.2,1800,0,1
TKT-02395,2026-04-30 16:46:00,email,incident,high,standard,4,21,29,36.2,17,1,723.1,780,0,0
TKT-02396,2026-03-04 10:49:00,chat,incident,high,standard,3,46,10,101.2,9,0,1079.1,780,1,2
TKT-02397,2026-04-05 20:52:00,email,billing,low,standard,1,15,22,14.5,4,0,266.9,1800,0,1
TKT-02398,2026-02-13 18:54:00,chat,how_to,medium,standard,1,14,30,14.6,2,0,244.8,1200,0,1
TKT-02399,2026-01-18 08:38:00,email,incident,high,standard,2,12,33,13.6,4,0,129.9,780,0,1
TKT-02400,2026-01-12 00:26:00,phone,technical,high,business,5,20,2,36.6,16,0,931.2,780,1,0
TKT-02401,2026-01-10 12:08:00,portal,technical,medium,business,5,21,26,41.0,16,2,860.5,1200,0,0
TKT-02402,2026-06-06 16:49:00,portal,account,medium,vip,2,54,19,123.4,8,1,1649.7,1200,1,2
TKT-02403,2026-02-17 14:22:00,chat,account,medium,business,2,56,34,183.7,6,2,1174.5,1200,0,2
TKT-02404,2026-02-25 00:06:00,email,technical,critical,standard,3,51,27,102.4,5,0,996.9,420,1,2
TKT-02405,2026-04-15 06:18:00,email,technical,high,vip,2,52,18,129.5,6,0,1551.1,780,1,2
TKT-02406,2026-01-18 03:37:00,email,how_to,medium,business,1,12,43,18.1,3,0,189.9,1200,0,1
TKT-02407,2026-04-19 02:53:00,email,incident,high,business,4,16,21,26.0,15,5,834.9,780,1,0
TKT-02408,2026-04-04 20:59:00,email,billing,low,standard,1,10,57,9.9,1,0,123.2,1800,0,1
TKT-02409,2026-05-23 11:05:00,portal,billing,medium,business,1,7,42,15.1,5,0,227.4,1200,0,1
TKT-02410,2026-01-23 04:33:00,chat,account,medium,business,3,44,20,110.5,5,0,1109.0,1200,0,2
TKT-02411,2026-01-04 01:51:00,portal,technical,low,business,4,23,11,36.7,16,1,1243.6,1800,0,0
TKT-02412,2026-05-20 03:45:00,chat,technical,high,vip,2,60,17,153.7,6,1,1417.0,780,1,2
TKT-02413,2026-03-08 14:38:00,phone,how_to,medium,vip,7,21,33,26.0,15,3,715.2,1200,0,0
TKT-02414,2026-01-12 02:01:00,email,technical,critical,vip,5,23,32,31.1,16,1,1050.3,420,1,0
TKT-02415,2026-04-11 03:30:00,email,technical,medium,business,4,30,29,43.8,13,1,671.3,1200,0,0
TKT-02416,2026-03-25 15:13:00,portal,account,medium,vip,3,15,35,13.0,1,0,209.2,1200,0,1
TKT-02417,2026-06-21 04:10:00,email,how_to,medium,vip,2,10,22,8.5,2,0,255.1,1200,1,1
TKT-02418,2026-06-19 21:19:00,email,incident,high,standard,5,20,19,31.9,15,3,938.1,780,1,0
TKT-02419,2026-04-08 00:17:00,portal,billing,high,business,1,8,34,17.5,6,0,204.5,780,0,1
TKT-02420,2026-01-29 14:44:00,chat,billing,high,standard,2,50,19,124.0,7,1,994.2,780,1,2
TKT-02421,2026-05-15 14:56:00,portal,how_to,low,standard,0,11,20,13.9,1,0,155.9,1800,0,1
TKT-02422,2026-02-06 05:54:00,email,how_to,low,standard,0,10,40,17.4,2,0,103.8,1800,0,1
TKT-02423,2026-05-31 20:06:00,email,account,medium,business,3,56,41,116.1,7,0,1267.3,1200,1,2
TKT-02424,2026-04-19 02:00:00,portal,billing,high,standard,1,1,29,9.5,2,0,390.3,780,0,1
TKT-02425,2026-03-05 19:07:00,portal,incident,high,standard,3,47,14,89.8,8,0,1688.1,780,1,2
TKT-02426,2026-06-26 08:58:00,phone,billing,medium,standard,3,31,42,47.9,13,0,574.5,1200,0,0
TKT-02427,2026-04-03 13:50:00,email,incident,low,business,0,6,47,12.1,4,0,110.1,1800,0,1
TKT-02428,2026-03-11 10:48:00,portal,billing,medium,vip,3,15,19,33.6,16,0,758.9,1200,0,0
TKT-02429,2026-02-04 00:25:00,chat,technical,high,vip,5,26,33,31.6,15,2,830.2,780,1,0
TKT-02430,2026-04-27 18:08:00,email,incident,medium,business,3,43,25,83.9,9,0,1621.0,1200,1,2
TKT-02431,2026-02-18 13:57:00,portal,incident,high,standard,3,49,18,126.2,9,0,1291.2,780,1,2
TKT-02432,2026-01-28 10:00:00,chat,technical,high,vip,6,18,17,35.2,13,0,907.3,780,1,0
TKT-02433,2026-01-22 07:11:00,email,technical,high,standard,3,17,18,34.5,15,1,671.8,780,0,0
TKT-02434,2026-04-26 10:50:00,portal,how_to,low,vip,0,15,37,9.4,1,0,146.9,1800,0,1
TKT-02435,2026-06-15 19:07:00,chat,how_to,high,business,4,21,47,47.8,14,5,581.4,780,0,0
TKT-02436,2026-02-15 11:30:00,email,account,medium,business,3,47,21,101.1,6,1,1714.0,1200,1,2
TKT-02437,2026-02-09 02:57:00,email,how_to,medium,standard,5,17,22,25.9,13,2,750.0,1200,0,0
TKT-02438,2026-04-21 09:24:00,email,account,high,standard,5,13,35,28.4,15,3,1193.8,780,1,0
TKT-02439,2026-01-26 17:33:00,chat,billing,high,business,5,26,25,44.1,18,1,509.0,780,0,0
TKT-02440,2026-01-16 23:00:00,chat,incident,medium,standard,3,51,8,64.4,7,0,1886.9,1200,1,2
TKT-02441,2026-04-25 18:00:00,phone,incident,critical,vip,2,57,14,153.7,7,0,1470.0,420,1,2
TKT-02442,2026-04-05 11:51:00,portal,account,low,business,2,7,34,14.2,5,0,194.8,1800,0,1
TKT-02443,2026-01-06 03:38:00,email,account,medium,standard,1,9,26,8.2,4,0,185.0,1200,0,1
TKT-02444,2026-02-12 17:35:00,chat,billing,critical,standard,5,16,26,33.3,17,3,931.2,420,1,0
TKT-02445,2026-02-05 17:04:00,email,how_to,medium,business,4,25,21,33.8,17,2,551.7,1200,0,0
TKT-02446,2026-05-03 16:58:00,portal,technical,high,standard,3,29,29,21.4,16,1,810.1,780,1,0
TKT-02447,2026-04-30 19:49:00,chat,account,medium,business,0,17,38,7.5,4,0,187.5,1200,0,1
TKT-02448,2026-05-15 13:56:00,email,account,high,business,4,17,21,35.0,13,1,965.2,780,1,0
TKT-02449,2026-01-18 20:56:00,chat,technical,high,vip,5,18,37,49.9,15,2,752.5,780,0,0
TKT-02450,2026-06-02 15:58:00,email,technical,high,business,4,21,14,20.5,16,1,691.1,780,0,0
TKT-02451,2026-02-07 16:13:00,portal,billing,medium,standard,5,21,18,30.7,12,1,909.5,1200,0,0
TKT-02452,2026-06-28 15:08:00,phone,account,high,vip,5,13,23,26.0,16,0,739.4,780,0,0
TKT-02453,2026-06-06 22:41:00,chat,account,medium,business,6,20,33,44.0,12,0,767.8,1200,0,0
TKT-02454,2026-03-24 16:24:00,email,technical,critical,business,2,47,19,80.2,7,0,1085.8,420,1,2
TKT-02455,2026-05-22 09:57:00,chat,incident,medium,business,4,17,25,28.9,13,5,711.6,1200,0,0
TKT-02456,2026-05-01 16:58:00,email,technical,medium,vip,5,20,29,31.7,15,0,666.2,1200,0,0
TKT-02457,2026-05-20 06:09:00,chat,technical,high,standard,4,16,9,28.5,17,1,736.9,780,0,0
TKT-02458,2026-01-04 07:35:00,portal,account,low,standard,1,5,42,18.3,5,0,123.9,1800,0,1
TKT-02459,2026-01-16 02:11:00,portal,how_to,low,business,0,12,39,12.4,4,0,142.6,1800,1,1
TKT-02460,2026-06-12 21:58:00,email,technical,high,standard,5,28,12,30.0,16,1,1116.4,780,1,0
TKT-02461,2026-05-21 15:42:00,email,technical,medium,vip,3,49,38,138.9,7,0,1022.9,1200,0,2
TKT-02462,2026-04-21 20:00:00,email,technical,low,standard,6,16,36,23.3,12,2,643.2,1800,0,0
TKT-02463,2026-02-26 05:21:00,portal,how_to,medium,standard,1,4,31,8.6,2,0,329.2,1200,0,1
TKT-02464,2026-03-17 20:12:00,phone,incident,medium,standard,6,20,32,45.3,16,0,554.3,1200,0,0
TKT-02465,2026-03-12 18:00:00,portal,incident,low,business,0,11,33,9.0,5,0,122.7,1800,0,1
TKT-02466,2026-03-20 04:13:00,portal,how_to,low,vip,6,18,17,21.5,13,1,864.1,1800,0,0
TKT-02467,2026-04-24 02:10:00,email,account,medium,standard,3,49,17,99.0,8,1,1047.2,1200,0,2
TKT-02468,2026-05-17 10:32:00,chat,billing,medium,standard,6,20,33,50.2,13,0,956.8,1200,0,0
TKT-02469,2026-03-11 01:27:00,portal,incident,low,standard,5,18,19,28.2,13,0,1248.1,1800,0,0
TKT-02470,2026-05-31 00:35:00,email,billing,medium,standard,0,18,31,14.6,4,0,130.2,1200,0,1
TKT-02471,2026-01-17 06:46:00,chat,billing,high,business,4,25,12,43.2,17,1,902.2,780,1,0
TKT-02472,2026-05-26 10:08:00,portal,incident,low,standard,3,49,18,87.6,9,0,983.4,1800,0,2
TKT-02473,2026-05-02 18:22:00,phone,account,medium,standard,4,27,28,45.6,15,2,915.1,1200,0,0
TKT-02474,2026-04-02 21:43:00,email,account,high,standard,6,20,32,33.8,15,4,977.4,780,1,0
TKT-02475,2026-03-09 12:15:00,email,billing,medium,standard,1,13,45,10.6,3,0,279.2,1200,0,1
TKT-02476,2026-03-08 19:21:00,portal,billing,low,business,0,15,30,11.9,5,0,171.3,1800,0,1
TKT-02477,2026-03-06 21:08:00,email,billing,medium,business,0,8,47,11.7,4,0,180.6,1200,0,1
TKT-02478,2026-06-20 04:43:00,chat,how_to,low,standard,2,6,31,19.9,3,1,251.0,1800,0,1
TKT-02479,2026-01-05 19:44:00,portal,billing,medium,vip,2,14,47,18.5,2,0,166.0,1200,0,1
TKT-02480,2026-04-25 03:44:00,portal,incident,critical,business,3,50,9,142.8,8,0,1095.1,420,1,2
TKT-02481,2026-06-28 00:42:00,email,technical,critical,vip,5,24,30,63.0,17,1,829.0,420,1,0
TKT-02482,2026-04-08 20:34:00,portal,technical,low,business,0,5,34,8.4,2,0,143.1,1800,0,1
TKT-02483,2026-04-26 01:11:00,phone,billing,low,standard,2,5,42,12.0,3,0,148.9,1800,0,1
TKT-02484,2026-04-18 16:44:00,email,account,low,business,0,8,18,15.2,4,0,91.1,1800,0,1
TKT-02485,2026-04-02 01:03:00,email,account,medium,business,4,60,26,102.2,5,2,1924.5,1200,1,2
TKT-02486,2026-04-24 09:01:00,chat,account,low,business,0,4,39,9.9,5,0,126.0,1800,0,1
TKT-02487,2026-06-12 15:20:00,chat,account,high,standard,3,49,26,100.0,4,0,708.8,780,1,2
TKT-02488,2026-05-09 08:28:00,chat,how_to,medium,business,3,50,25,159.9,7,1,1734.6,1200,1,2
TKT-02489,2026-06-02 22:00:00,portal,how_to,high,business,1,3,45,11.1,3,1,155.0,780,0,1
TKT-02490,2026-04-10 13:45:00,email,how_to,low,standard,5,17,33,29.4,15,2,432.9,1800,0,0
TKT-02491,2026-05-20 04:54:00,email,incident,low,standard,2,48,27,177.1,6,2,1018.9,1800,0,2
TKT-02492,2026-06-07 13:32:00,email,incident,high,standard,5,21,15,33.4,16,3,806.6,780,1,0
TKT-02493,2026-02-08 03:36:00,portal,account,medium,standard,2,14,21,15.4,4,0,173.0,1200,0,1
TKT-02494,2026-06-04 17:57:00,portal,billing,medium,vip,0,47,20,113.5,7,0,1414.4,1200,1,2
TKT-02495,2026-05-04 14:21:00,email,incident,high,business,2,45,11,98.5,7,1,1416.5,780,1,2
TKT-02496,2026-03-21 14:33:00,email,technical,medium,vip,4,17,17,42.3,12,1,1153.5,1200,0,0
TKT-02497,2026-05-20 08:24:00,email,account,low,business,5,27,22,36.8,13,2,711.2,1800,0,0
TKT-02498,2026-01-31 08:04:00,portal,billing,medium,standard,0,7,28,12.7,2,1,251.0,1200,0,1
TKT-02499,2026-05-06 17:09:00,email,technical,medium,standard,2,56,25,117.2,7,0,1111.6,1200,0,2
TKT-02500,2026-04-14 19:09:00,email,how_to,high,standard,4,22,10,27.4,19,0,784.6,780,1,0
